{
"type": "FeatureCollection",
"name": "ghs_built_s_nres_change_2020_2025_urban",
"crs": { "type": "name", "properties": { "name": "urn:ogc:def:crs:OGC:1.3:CRS84" } },
"features": [
{ "type": "Feature", "properties": { }, "geometry": { "type": "Polygon", "coordinates": [ [ [ 73.017683922347146, 18.911587028986123 ], [ 73.028009697147368, 18.911587028986123 ], [ 73.026893797223408, 18.907456528789339 ], [ 73.016568180205539, 18.907456528789339 ], [ 73.017683922347146, 18.911587028986123 ] ] ] } },
{ "type": "Feature", "properties": { }, "geometry": { "type": "Polygon", "coordinates": [ [ [ 73.02438449686484, 18.936370847277605 ], [ 73.029547858044864, 18.936370847277605 ], [ 73.028430287655425, 18.932240113571627 ], [ 73.018103723325098, 18.932240113571627 ], [ 73.020338839692258, 18.940501619936057 ], [ 73.025502279907769, 18.940501619936057 ], [ 73.02438449686484, 18.936370847277605 ] ] ] } },
{ "type": "Feature", "properties": { }, "geometry": { "type": "Polygon", "coordinates": [ [ [ 73.009321303249138, 18.957025100290686 ], [ 73.011559445829377, 18.965287074437683 ], [ 73.016723360691017, 18.965287074437683 ], [ 73.015604064337495, 18.961156067858543 ], [ 73.020767900039871, 18.961156067858543 ], [ 73.019648816376588, 18.957025100290686 ], [ 73.009321303249138, 18.957025100290686 ] ] ] } },
{ "type": "Feature", "properties": { }, "geometry": { "type": "Polygon", "coordinates": [ [ [ 73.037817154094, 18.98594269284585 ], [ 73.027488532158586, 18.98594269284585 ], [ 73.029731079047366, 18.994205213631318 ], [ 73.034895548602066, 18.994205213631318 ], [ 73.033774049799078, 18.990073933698614 ], [ 73.038938440049947, 18.990073933698614 ], [ 73.037817154094, 18.98594269284585 ] ] ] } },
{ "type": "Feature", "properties": { }, "geometry": { "type": "Polygon", "coordinates": [ [ [ 73.013560530977287, 19.01073072435771 ], [ 73.023890104930516, 19.01073072435771 ], [ 73.022767675393979, 19.006599288007152 ], [ 73.012438260213713, 19.006599288007152 ], [ 73.013560530977287, 19.01073072435771 ] ] ] } },
{ "type": "Feature", "properties": { }, "geometry": { "type": "Polygon", "coordinates": [ [ [ 72.934288692533755, 19.023125268222664 ], [ 72.923958642013588, 19.023125268222664 ], [ 72.925080651407555, 19.027256861148128 ], [ 72.935410860866071, 19.027256861148128 ], [ 72.934288692533755, 19.023125268222664 ] ] ] } },
{ "type": "Feature", "properties": { }, "geometry": { "type": "Polygon", "coordinates": [ [ [ 73.009582588286634, 19.109896958061373 ], [ 73.019915985205174, 19.109896958061373 ], [ 73.018787010555599, 19.105764579903468 ], [ 73.008453773403645, 19.105764579903468 ], [ 73.009582588286634, 19.109896958061373 ] ] ] } },
{ "type": "Feature", "properties": { }, "geometry": { "type": "Polygon", "coordinates": [ [ [ 73.027341671912808, 19.118161832481615 ], [ 73.032508530200872, 19.118161832481615 ], [ 73.030249382123728, 19.109896958061373 ], [ 73.025082683664451, 19.109896958061373 ], [ 73.027341671912808, 19.118161832481615 ] ] ] } },
{ "type": "Feature", "properties": { }, "geometry": { "type": "Polygon", "coordinates": [ [ [ 73.01636163160812, 19.134692054015492 ], [ 73.011194453413566, 19.134692054015492 ], [ 73.014587692775677, 19.147090134082713 ], [ 73.019755111117973, 19.147090134082713 ], [ 73.01636163160812, 19.134692054015492 ] ] ] } },
{ "type": "Feature", "properties": { }, "geometry": { "type": "Polygon", "coordinates": [ [ [ 72.992640881303132, 19.180153417603972 ], [ 72.99037469652815, 19.171887359726949 ], [ 72.985206797329866, 19.171887359726949 ], [ 72.98747282165337, 19.180153417603972 ], [ 72.992640881303132, 19.180153417603972 ] ] ] } },
{ "type": "Feature", "properties": { }, "geometry": { "type": "Polygon", "coordinates": [ [ [ 73.019496009522427, 19.221486080504857 ], [ 73.014327146368032, 19.221486080504857 ], [ 73.016600701113191, 19.229753088340512 ], [ 73.021769725218107, 19.229753088340512 ], [ 73.019496009522427, 19.221486080504857 ] ] ] } },
{ "type": "Feature", "properties": { }, "geometry": { "type": "Polygon", "coordinates": [ [ [ 73.045245757305281, 19.258688865279687 ], [ 73.060754521567489, 19.258688865279687 ], [ 73.059614974177791, 19.254555063779449 ], [ 73.049275959265785, 19.254555063779449 ], [ 73.048136867446601, 19.250421301989128 ], [ 73.042967440601174, 19.250421301989128 ], [ 73.044106451809782, 19.254555063779449 ], [ 73.038936944353779, 19.254555063779449 ], [ 73.041215688386046, 19.262822706499705 ], [ 73.046385357125672, 19.262822706499705 ], [ 73.045245757305281, 19.258688865279687 ] ] ] } },
{ "type": "Feature", "properties": { }, "geometry": { "type": "Polygon", "coordinates": [ [ [ 73.090024080745707, 19.271090508138602 ], [ 73.079684420532558, 19.271090508138602 ], [ 73.080825387844044, 19.27522446857725 ], [ 73.091165209486661, 19.27522446857725 ], [ 73.090024080745707, 19.271090508138602 ] ] ] } },
{ "type": "Feature", "properties": { }, "geometry": { "type": "Polygon", "coordinates": [ [ [ 73.088278278624372, 19.283492508742331 ], [ 73.090562437379404, 19.291760708023677 ], [ 73.095732671268067, 19.291760708023677 ], [ 73.093448350937678, 19.283492508742331 ], [ 73.088278278624372, 19.283492508742331 ] ] ] } },
{ "type": "Feature", "properties": { }, "geometry": { "type": "Polygon", "coordinates": [ [ [ 73.048058985908838, 19.287626588488532 ], [ 73.022208220456037, 19.287626588488532 ], [ 73.02334939682666, 19.291760708023677 ], [ 73.033689864604, 19.291760708023677 ], [ 73.034831497116684, 19.295894867357667 ], [ 73.040001811824325, 19.295894867357667 ], [ 73.038860098492677, 19.291760708023677 ], [ 73.049200566270002, 19.291760708023677 ], [ 73.048058985908838, 19.287626588488532 ] ] ] } },
{ "type": "Feature", "properties": { }, "geometry": { "type": "Polygon", "coordinates": [ [ [ 73.057199879967811, 19.320700659690875 ], [ 73.052627075156309, 19.304163305461707 ], [ 73.047456598748184, 19.304163305461707 ], [ 73.045172126531966, 19.295894867357667 ], [ 73.040001811824325, 19.295894867357667 ], [ 73.045714798316666, 19.316566261356215 ], [ 73.050885517431993, 19.316566261356215 ], [ 73.052029079908365, 19.320700659690875 ], [ 73.057199879967811, 19.320700659690875 ] ] ] } },
{ "type": "Feature", "properties": { }, "geometry": { "type": "Polygon", "coordinates": [ [ [ 73.133027181873345, 19.333104093942801 ], [ 73.136465940487241, 19.34550788727444 ], [ 73.141637226649848, 19.34550788727444 ], [ 73.143931371515748, 19.35377728244956 ], [ 73.154274268243853, 19.35377728244956 ], [ 73.151979798975063, 19.34550788727444 ], [ 73.14680851281247, 19.34550788727444 ], [ 73.145661802456303, 19.341373249582986 ], [ 73.140490597363083, 19.341373249582986 ], [ 73.139344263456039, 19.33723865180907 ], [ 73.144515387500732, 19.33723865180907 ], [ 73.143369267907488, 19.333104093942801 ], [ 73.133027181873345, 19.333104093942801 ] ] ] } },
{ "type": "Feature", "properties": { }, "geometry": { "type": "Polygon", "coordinates": [ [ [ 73.155725192318513, 19.581248541654549 ], [ 73.158051498583845, 19.589522521916994 ], [ 73.163227604903355, 19.589522521916994 ], [ 73.162064220738742, 19.585385511534085 ], [ 73.167240244751852, 19.585385511534085 ], [ 73.166077075774098, 19.581248541654549 ], [ 73.155725192318513, 19.581248541654549 ] ] ] } },
{ "type": "Feature", "properties": { }, "geometry": { "type": "Polygon", "coordinates": [ [ [ 72.843141285848517, 19.684684962575027 ], [ 72.848319291029568, 19.684684962575027 ], [ 72.845990042790959, 19.676409113884606 ], [ 72.840812203171183, 19.676409113884606 ], [ 72.843141285848517, 19.684684962575027 ] ] ] } },
{ "type": "Feature", "properties": { }, "geometry": { "type": "Polygon", "coordinates": [ [ [ 72.752043065561281, 19.784007881450734 ], [ 72.749703537476108, 19.775730071832903 ], [ 72.744523705542747, 19.775730071832903 ], [ 72.749203618296889, 19.792285854999331 ], [ 72.754383783467162, 19.792285854999331 ], [ 72.753213275766925, 19.788146847728683 ], [ 72.763573439425471, 19.788146847728683 ], [ 72.762403062580191, 19.784007881450734 ], [ 72.752043065561281, 19.784007881450734 ] ] ] } },
{ "type": "Feature", "properties": { }, "geometry": { "type": "Polygon", "coordinates": [ [ [ 72.728482957615782, 19.792285854999331 ], [ 72.738843287956342, 19.792285854999331 ], [ 72.736503070032938, 19.784007881450734 ], [ 72.726143073014015, 19.784007881450734 ], [ 72.728482957615782, 19.792285854999331 ] ] ] } },
{ "type": "Feature", "properties": { }, "geometry": { "type": "Polygon", "coordinates": [ [ [ 72.723302792445494, 19.792285854999331 ], [ 72.720963074504567, 19.784007881450734 ], [ 72.71578307599512, 19.784007881450734 ], [ 72.718122627275221, 19.792285854999331 ], [ 72.723302792445494, 19.792285854999331 ] ] ] } },
{ "type": "Feature", "properties": { }, "geometry": { "type": "Polygon", "coordinates": [ [ [ 72.663657347701417, 19.837817643359596 ], [ 72.668838431021513, 19.837817643359596 ], [ 72.670010923424655, 19.841957143324048 ], [ 72.675192090340147, 19.841957143324048 ], [ 72.672847235930007, 19.83367818450807 ], [ 72.662485236438172, 19.83367818450807 ], [ 72.663657347701417, 19.837817643359596 ] ] ] } },
{ "type": "Feature", "properties": { }, "geometry": { "type": "Polygon", "coordinates": [ [ [ 72.882937529626901, 20.222968368520338 ], [ 72.888126478460691, 20.222968368520338 ], [ 72.885723107903686, 20.214681759780465 ], [ 72.880534330167265, 20.214681759780465 ], [ 72.882937529626901, 20.222968368520338 ] ] ] } },
{ "type": "Feature", "properties": { }, "geometry": { "type": "Polygon", "coordinates": [ [ [ 73.158193647185101, 18.432705887774002 ], [ 73.156021613803802, 18.424453816116124 ], [ 73.150867894018134, 18.424453816116124 ], [ 73.153039774383288, 18.432705887774002 ], [ 73.158193647185101, 18.432705887774002 ] ] ] } },
{ "type": "Feature", "properties": { }, "geometry": { "type": "Polygon", "coordinates": [ [ [ 73.042243831816634, 18.676210290459551 ], [ 73.031926984992268, 18.676210290459551 ], [ 73.033027630865746, 18.680338628205071 ], [ 73.038186132019234, 18.680338628205071 ], [ 73.039287145357733, 18.684467004297556 ], [ 73.044445724273004, 18.684467004297556 ], [ 73.042243831816634, 18.676210290459551 ] ] ] } },
{ "type": "Feature", "properties": { }, "geometry": { "type": "Polygon", "coordinates": [ [ [ 73.034478623114907, 18.705109460305398 ], [ 73.024160687052643, 18.705109460305398 ], [ 73.025263127957942, 18.7092380666842 ], [ 73.035581219789393, 18.7092380666842 ], [ 73.034478623114907, 18.705109460305398 ] ] ] } },
{ "type": "Feature", "properties": { }, "geometry": { "type": "Polygon", "coordinates": [ [ [ 73.264834311920794, 18.775300999832336 ], [ 73.254513722208017, 18.775300999832336 ], [ 73.255624303863087, 18.7794302605943 ], [ 73.265945050042063, 18.7794302605943 ], [ 73.264834311920794, 18.775300999832336 ] ] ] } },
{ "type": "Feature", "properties": { }, "geometry": { "type": "Polygon", "coordinates": [ [ [ 73.07840396434365, 18.849633604393468 ], [ 73.08356567053842, 18.849633604393468 ], [ 73.081340697341545, 18.841373807199876 ], [ 73.076179148290962, 18.841373807199876 ], [ 73.07840396434365, 18.849633604393468 ] ] ] } },
{ "type": "Feature", "properties": { }, "geometry": { "type": "Polygon", "coordinates": [ [ [ 73.155829557265236, 18.849633604393468 ], [ 73.160991263460005, 18.849633604393468 ], [ 73.158763933100232, 18.841373807199876 ], [ 73.153602384049648, 18.841373807199876 ], [ 73.155829557265236, 18.849633604393468 ] ] ] } },
{ "type": "Feature", "properties": { }, "geometry": { "type": "Polygon", "coordinates": [ [ [ 73.16879610488246, 18.87854411561359 ], [ 73.166564691797618, 18.870283775620333 ], [ 73.161402592382373, 18.870283775620333 ], [ 73.162518074342799, 18.874413926214146 ], [ 73.157355896221716, 18.874413926214146 ], [ 73.158471591187492, 18.87854411561359 ], [ 73.16879610488246, 18.87854411561359 ] ] ] } },
{ "type": "Feature", "properties": { }, "geometry": { "type": "Polygon", "coordinates": [ [ [ 73.056057597716503, 18.919848146070628 ], [ 73.052707839768118, 18.907456528789339 ], [ 73.037219414241306, 18.907456528789339 ], [ 73.038335471947605, 18.911587028986123 ], [ 73.043498359347723, 18.911587028986123 ], [ 73.044614787494623, 18.915717568076623 ], [ 73.049777753806524, 18.915717568076623 ], [ 73.050894552472201, 18.919848146070628 ], [ 73.056057597716503, 18.919848146070628 ] ] ] } },
{ "type": "Feature", "properties": { }, "geometry": { "type": "Polygon", "coordinates": [ [ [ 73.128340231136619, 18.919848146070628 ], [ 73.123177185892331, 18.919848146070628 ], [ 73.125413869165513, 18.928109418808337 ], [ 73.130577072336408, 18.928109418808337 ], [ 73.129458505741397, 18.923978762977942 ], [ 73.134621629938692, 18.923978762977942 ], [ 73.132385214796912, 18.915717568076623 ], [ 73.127222248485012, 18.915717568076623 ], [ 73.128340231136619, 18.919848146070628 ] ] ] } },
{ "type": "Feature", "properties": { }, "geometry": { "type": "Polygon", "coordinates": [ [ [ 73.038065917843596, 18.948763282149621 ], [ 73.043229516191957, 18.948763282149621 ], [ 73.04099260055429, 18.940501619936057 ], [ 73.035829160338793, 18.940501619936057 ], [ 73.038065917843596, 18.948763282149621 ] ] ] } },
{ "type": "Feature", "properties": { }, "geometry": { "type": "Polygon", "coordinates": [ [ [ 73.14426140486448, 18.940501619936057 ], [ 73.145381297903342, 18.944632431556798 ], [ 73.140217778631722, 18.944632431556798 ], [ 73.141337884810739, 18.948763282149621 ], [ 73.151665081507446, 18.948763282149621 ], [ 73.149424845080006, 18.940501619936057 ], [ 73.14426140486448, 18.940501619936057 ] ] ] } },
{ "type": "Feature", "properties": { }, "geometry": { "type": "Polygon", "coordinates": [ [ [ 73.136174286462378, 18.948763282149621 ], [ 73.125847089765671, 18.948763282149621 ], [ 73.126967250885983, 18.95289417172431 ], [ 73.132130928331705, 18.95289417172431 ], [ 73.133251460778638, 18.957025100290686 ], [ 73.138415217342356, 18.957025100290686 ], [ 73.136174286462378, 18.948763282149621 ] ] ] } },
{ "type": "Feature", "properties": { }, "geometry": { "type": "Polygon", "coordinates": [ [ [ 73.047706849860887, 18.965287074437683 ], [ 73.058034679584182, 18.965287074437683 ], [ 73.055795112322699, 18.957025100290686 ], [ 73.03514008606777, 18.957025100290686 ], [ 73.036259407146972, 18.961156067858543 ], [ 73.04658707855171, 18.961156067858543 ], [ 73.047706849860887, 18.965287074437683 ] ] ] } },
{ "type": "Feature", "properties": { }, "geometry": { "type": "Polygon", "coordinates": [ [ [ 73.09552910747297, 19.027256861148128 ], [ 73.085198898014468, 19.027256861148128 ], [ 73.087448721821403, 19.035520164513692 ], [ 73.092613985551054, 19.035520164513692 ], [ 73.091488847802921, 19.031388493241867 ], [ 73.096654032022016, 19.031388493241867 ], [ 73.09552910747297, 19.027256861148128 ] ] ] } },
{ "type": "Feature", "properties": { }, "geometry": { "type": "Polygon", "coordinates": [ [ [ 73.12793262498468, 19.089235460723806 ], [ 73.133098924234758, 19.089235460723806 ], [ 73.134228562557965, 19.093367681520611 ], [ 73.139394941608444, 19.093367681520611 ], [ 73.137135798698594, 19.085103279242684 ], [ 73.142302018168991, 19.085103279242684 ], [ 73.141172806923635, 19.080971137067408 ], [ 73.136006667212186, 19.080971137067408 ], [ 73.134877828988095, 19.076839034188158 ], [ 73.129711769014861, 19.076839034188158 ], [ 73.131969579228169, 19.085103279242684 ], [ 73.126803359757773, 19.085103279242684 ], [ 73.12793262498468, 19.089235460723806 ] ] ] } },
{ "type": "Feature", "properties": { }, "geometry": { "type": "Polygon", "coordinates": [ [ [ 73.121637140287348, 19.085103279242684 ], [ 73.126803359757773, 19.085103279242684 ], [ 73.124545709041641, 19.076839034188158 ], [ 73.119379649068406, 19.076839034188158 ], [ 73.121637140287348, 19.085103279242684 ] ] ] } },
{ "type": "Feature", "properties": { }, "geometry": { "type": "Polygon", "coordinates": [ [ [ 73.119214041785114, 19.114029375584135 ], [ 73.129547598511706, 19.114029375584135 ], [ 73.128416652849893, 19.109896958061373 ], [ 73.118083255931339, 19.109896958061373 ], [ 73.119214041785114, 19.114029375584135 ] ] ] } },
{ "type": "Feature", "properties": { }, "geometry": { "type": "Polygon", "coordinates": [ [ [ 73.114404277286624, 19.171887359726949 ], [ 73.113269700355787, 19.167754390062253 ], [ 73.118437519359475, 19.167754390062253 ], [ 73.117303156120826, 19.163621459900295 ], [ 73.106967678461061, 19.163621459900295 ], [ 73.109236378088369, 19.171887359726949 ], [ 73.114404277286624, 19.171887359726949 ] ] ] } },
{ "type": "Feature", "properties": { }, "geometry": { "type": "Polygon", "coordinates": [ [ [ 73.200500010159715, 19.184286505835999 ], [ 73.199363267293592, 19.180153417603972 ], [ 73.209699386593115, 19.180153417603972 ], [ 73.207426462855494, 19.171887359726949 ], [ 73.20225856365721, 19.171887359726949 ], [ 73.201122623418442, 19.167754390062253 ], [ 73.185619166407406, 19.167754390062253 ], [ 73.187890859912031, 19.176020368904233 ], [ 73.193058839325673, 19.176020368904233 ], [ 73.195331870253057, 19.184286505835999 ], [ 73.200500010159715, 19.184286505835999 ] ] ] } },
{ "type": "Feature", "properties": { }, "geometry": { "type": "Polygon", "coordinates": [ [ [ 73.395044057033672, 19.271090508138602 ], [ 73.384704396820524, 19.271090508138602 ], [ 73.386996151613488, 19.279358468775197 ], [ 73.392166143170371, 19.279358468775197 ], [ 73.391020037122502, 19.27522446857725 ], [ 73.396189947943824, 19.27522446857725 ], [ 73.395044057033672, 19.271090508138602 ] ] ] } },
{ "type": "Feature", "properties": { }, "geometry": { "type": "Polygon", "coordinates": [ [ [ 73.202019869516917, 19.283492508742331 ], [ 73.20430758293017, 19.291760708023677 ], [ 73.214648050707524, 19.291760708023677 ], [ 73.213503884806784, 19.287626588488532 ], [ 73.208333731716223, 19.287626588488532 ], [ 73.207189941830208, 19.283492508742331 ], [ 73.202019869516917, 19.283492508742331 ] ] ] } },
{ "type": "Feature", "properties": { }, "geometry": { "type": "Polygon", "coordinates": [ [ [ 73.140525174094492, 19.304163305461707 ], [ 73.141669308103971, 19.308297584251523 ], [ 73.136498750814312, 19.308297584251523 ], [ 73.137643099036936, 19.31243190287973 ], [ 73.147984375421061, 19.31243190287973 ], [ 73.145695650502617, 19.304163305461707 ], [ 73.140525174094492, 19.304163305461707 ] ] ] } },
{ "type": "Feature", "properties": { }, "geometry": { "type": "Polygon", "coordinates": [ [ [ 73.165765005155976, 19.357912039953035 ], [ 73.150250416667632, 19.357912039953035 ], [ 73.151398309009338, 19.362046837413644 ], [ 73.156569919658409, 19.362046837413644 ], [ 73.157718188766182, 19.3661816748413 ], [ 73.16288988058912, 19.3661816748413 ], [ 73.161741530307481, 19.362046837413644 ], [ 73.166913140956552, 19.362046837413644 ], [ 73.165765005155976, 19.357912039953035 ] ] ] } },
{ "type": "Feature", "properties": { }, "geometry": { "type": "Polygon", "coordinates": [ [ [ 73.360303359511022, 19.535744543353623 ], [ 73.344778245578951, 19.535744543353623 ], [ 73.345941180703207, 19.539881068353314 ], [ 73.361466540797338, 19.539881068353314 ], [ 73.360303359511022, 19.535744543353623 ] ] ] } },
{ "type": "Feature", "properties": { }, "geometry": { "type": "Polygon", "coordinates": [ [ [ 73.398487460598332, 19.597796664232728 ], [ 73.396152389280971, 19.589522521916994 ], [ 73.390976282961446, 19.589522521916994 ], [ 73.393311189602926, 19.597796664232728 ], [ 73.398487460598332, 19.597796664232728 ] ] ] } },
{ "type": "Feature", "properties": { }, "geometry": { "type": "Polygon", "coordinates": [ [ [ 73.826519896766385, 21.152152009752395 ], [ 73.816102574679618, 21.152152009752395 ], [ 73.817384669773261, 21.156305053796686 ], [ 73.82780217279614, 21.156305053796686 ], [ 73.826519896766385, 21.152152009752395 ] ] ] } },
{ "type": "Feature", "properties": { }, "geometry": { "type": "Polygon", "coordinates": [ [ [ 73.219324287777141, 17.299430313804287 ], [ 73.217298528790991, 17.291198282248846 ], [ 73.20703163890559, 17.291198282248846 ], [ 73.208044236263333, 17.295314280461636 ], [ 73.213177752211678, 17.295314280461636 ], [ 73.214190700803485, 17.299430313804287 ], [ 73.219324287777141, 17.299430313804287 ] ] ] } },
{ "type": "Feature", "properties": { }, "geometry": { "type": "Polygon", "coordinates": [ [ [ 73.156282166610993, 17.542338800375724 ], [ 73.166557791265689, 17.542338800375724 ], [ 73.165529767120887, 17.538220677666768 ], [ 73.155254286843487, 17.538220677666768 ], [ 73.156282166610993, 17.542338800375724 ] ] ] } },
{ "type": "Feature", "properties": { }, "geometry": { "type": "Polygon", "coordinates": [ [ [ 73.167586097197756, 17.546456958781349 ], [ 73.177861866269311, 17.546456958781349 ], [ 73.176833415920385, 17.542338800375724 ], [ 73.166557791265689, 17.542338800375724 ], [ 73.167586097197756, 17.546456958781349 ] ] ] } },
{ "type": "Feature", "properties": { }, "geometry": { "type": "Polygon", "coordinates": [ [ [ 73.169643554556473, 17.554693382720487 ], [ 73.159367496532397, 17.554693382720487 ], [ 73.161425792327933, 17.562929949559987 ], [ 73.171702139462852, 17.562929949559987 ], [ 73.169643554556473, 17.554693382720487 ] ] ] } },
{ "type": "Feature", "properties": { }, "geometry": { "type": "Polygon", "coordinates": [ [ [ 73.194696163643144, 17.75653059345489 ], [ 73.192611736504332, 17.74829064659902 ], [ 73.187470289466816, 17.74829064659902 ], [ 73.189554570184143, 17.75653059345489 ], [ 73.194696163643144, 17.75653059345489 ] ] ] } },
{ "type": "Feature", "properties": { }, "geometry": { "type": "Polygon", "coordinates": [ [ [ 73.356730077738973, 18.403824297344439 ], [ 73.361883415339619, 18.403824297344439 ], [ 73.359709153890847, 18.395572753781863 ], [ 73.354555969022144, 18.395572753781863 ], [ 73.356730077738973, 18.403824297344439 ] ] ] } },
{ "type": "Feature", "properties": { }, "geometry": { "type": "Polygon", "coordinates": [ [ [ 73.181559659795795, 18.482221492660063 ], [ 73.184830721423168, 18.494601245546125 ], [ 73.189985744436896, 18.494601245546125 ], [ 73.186714452401148, 18.482221492660063 ], [ 73.181559659795795, 18.482221492660063 ] ] ] } },
{ "type": "Feature", "properties": { }, "geometry": { "type": "Polygon", "coordinates": [ [ [ 73.295393609816145, 18.639056974757736 ], [ 73.292088900083343, 18.626673225034711 ], [ 73.286931407971721, 18.626673225034711 ], [ 73.29023588515534, 18.639056974757736 ], [ 73.295393609816145, 18.639056974757736 ] ] ] } },
{ "type": "Feature", "properties": { }, "geometry": { "type": "Polygon", "coordinates": [ [ [ 73.618663262896519, 18.767042594012096 ], [ 73.60834298599309, 18.767042594012096 ], [ 73.609458380295507, 18.77117177764152 ], [ 73.614618596939309, 18.77117177764152 ], [ 73.615734362154669, 18.775300999832336 ], [ 73.62089465701105, 18.775300999832336 ], [ 73.618663262896519, 18.767042594012096 ] ] ] } },
{ "type": "Feature", "properties": { }, "geometry": { "type": "Polygon", "coordinates": [ [ [ 73.278488459752793, 18.787688897870709 ], [ 73.283648989370107, 18.787688897870709 ], [ 73.284760836682466, 18.791818274404676 ], [ 73.289921444594455, 18.791818274404676 ], [ 73.287697884934843, 18.783559559937171 ], [ 73.277376982248569, 18.783559559937171 ], [ 73.278488459752793, 18.787688897870709 ] ] ] } },
{ "type": "Feature", "properties": { }, "geometry": { "type": "Polygon", "coordinates": [ [ [ 73.610996207880675, 18.795947689548829 ], [ 73.608762355260069, 18.787688897870709 ], [ 73.60360182564277, 18.787688897870709 ], [ 73.605835521653447, 18.795947689548829 ], [ 73.610996207880675, 18.795947689548829 ] ] ] } },
{ "type": "Feature", "properties": { }, "geometry": { "type": "Polygon", "coordinates": [ [ [ 73.296194348019995, 18.795947689548829 ], [ 73.285872975565539, 18.795947689548829 ], [ 73.288098128190811, 18.804206635706759 ], [ 73.293258971110106, 18.804206635706759 ], [ 73.292146170619063, 18.800077143312933 ], [ 73.29730693518205, 18.800077143312933 ], [ 73.296194348019995, 18.795947689548829 ] ] ] } },
{ "type": "Feature", "properties": { }, "geometry": { "type": "Polygon", "coordinates": [ [ [ 73.373967791523114, 19.006599288007152 ], [ 73.376223740817139, 19.014862199837282 ], [ 73.381388607200904, 19.014862199837282 ], [ 73.380260406316793, 19.01073072435771 ], [ 73.385425193293386, 19.01073072435771 ], [ 73.384297206703394, 19.006599288007152 ], [ 73.373967791523114, 19.006599288007152 ] ] ] } },
{ "type": "Feature", "properties": { }, "geometry": { "type": "Polygon", "coordinates": [ [ [ 73.403652689735523, 19.283492508742331 ], [ 73.401359858765133, 19.27522446857725 ], [ 73.396189947943824, 19.27522446857725 ], [ 73.398482617422218, 19.283492508742331 ], [ 73.403652689735523, 19.283492508742331 ] ] ] } },
{ "type": "Feature", "properties": { }, "geometry": { "type": "Polygon", "coordinates": [ [ [ 73.771753756713053, 19.763313664601156 ], [ 73.769384261646806, 19.755036264459903 ], [ 73.764204845783226, 19.755036264459903 ], [ 73.766574174485072, 19.763313664601156 ], [ 73.771753756713053, 19.763313664601156 ] ] ] } },
{ "type": "Feature", "properties": { }, "geometry": { "type": "Polygon", "coordinates": [ [ [ 73.662538229913721, 19.779868956155479 ], [ 73.652178399492087, 19.779868956155479 ], [ 73.65454751406034, 19.788146847728683 ], [ 73.65972759588962, 19.788146847728683 ], [ 73.658542804715509, 19.784007881450734 ], [ 73.663722803224957, 19.784007881450734 ], [ 73.662538229913721, 19.779868956155479 ] ] ] } },
{ "type": "Feature", "properties": { }, "geometry": { "type": "Polygon", "coordinates": [ [ [ 73.661662087369081, 19.812981506593665 ], [ 73.664036022739069, 19.821260054530875 ], [ 73.674397521040305, 19.821260054530875 ], [ 73.673210235646579, 19.817120760030861 ], [ 73.668029569985322, 19.817120760030861 ], [ 73.666842669562186, 19.812981506593665 ], [ 73.661662087369081, 19.812981506593665 ] ] ] } },
{ "type": "Feature", "properties": { }, "geometry": { "type": "Polygon", "coordinates": [ [ [ 73.6739685951204, 19.837817643359596 ], [ 73.684330761760606, 19.837817643359596 ], [ 73.683142186382454, 19.83367818450807 ], [ 73.67278018689062, 19.83367818450807 ], [ 73.6739685951204, 19.837817643359596 ] ] ] } },
{ "type": "Feature", "properties": { }, "geometry": { "type": "Polygon", "coordinates": [ [ [ 73.69265923992522, 19.86679500704404 ], [ 73.682295902058016, 19.86679500704404 ], [ 73.684677849671658, 19.875074624308862 ], [ 73.689859686114474, 19.875074624308862 ], [ 73.688668477541086, 19.870934795079865 ], [ 73.693850230218672, 19.870934795079865 ], [ 73.69265923992522, 19.86679500704404 ] ] ] } },
{ "type": "Feature", "properties": { }, "geometry": { "type": "Polygon", "coordinates": [ [ [ 73.966889223455311, 19.883354406386555 ], [ 73.963301369453603, 19.870934795079865 ], [ 73.958119616776017, 19.870934795079865 ], [ 73.959315181141321, 19.875074624308862 ], [ 73.954133344698491, 19.875074624308862 ], [ 73.955329128445996, 19.879214494741085 ], [ 73.960511048675301, 19.879214494741085 ], [ 73.961707219418301, 19.883354406386555 ], [ 73.966889223455311, 19.883354406386555 ] ] ] } },
{ "type": "Feature", "properties": { }, "geometry": { "type": "Polygon", "coordinates": [ [ [ 73.923055847698876, 19.9288961574327 ], [ 73.920658814550606, 19.920615467448556 ], [ 73.915476055287726, 19.920615467448556 ], [ 73.917872920374109, 19.9288961574327 ], [ 73.923055847698876, 19.9288961574327 ] ] ] } },
{ "type": "Feature", "properties": { }, "geometry": { "type": "Polygon", "coordinates": [ [ [ 73.756413708399947, 19.962020571524292 ], [ 73.751622590167713, 19.945458033486648 ], [ 73.736072799055989, 19.945458033486648 ], [ 73.738467247218168, 19.953739219717288 ], [ 73.73328381519697, 19.953739219717288 ], [ 73.73448140947292, 19.957879874918721 ], [ 73.750031958108295, 19.957879874918721 ], [ 73.751230107976269, 19.962020571524292 ], [ 73.756413708399947, 19.962020571524292 ] ], [ [ 73.742453219540664, 19.949598605909951 ], [ 73.747636567392561, 19.949598605909951 ], [ 73.748834111260578, 19.953739219717288 ], [ 73.743650679239366, 19.953739219717288 ], [ 73.742453219540664, 19.949598605909951 ] ] ] } },
{ "type": "Feature", "properties": { }, "geometry": { "type": "Polygon", "coordinates": [ [ [ 73.77076602295547, 19.957879874918721 ], [ 73.760398990531868, 19.957879874918721 ], [ 73.761597308823625, 19.962020571524292 ], [ 73.77196450967098, 19.962020571524292 ], [ 73.77076602295547, 19.957879874918721 ] ] ] } },
{ "type": "Feature", "properties": { }, "geometry": { "type": "Polygon", "coordinates": [ [ [ 73.721752731972302, 20.003429817021484 ], [ 73.726937175686842, 20.003429817021484 ], [ 73.725736584361172, 19.999288705821058 ], [ 73.730920943650688, 19.999288705821058 ], [ 73.729720571198015, 19.995147636125413 ], [ 73.724536296312181, 19.995147636125413 ], [ 73.723336311499295, 19.991006607924469 ], [ 73.718152120995853, 19.991006607924469 ], [ 73.719352021426374, 19.995147636125413 ], [ 73.714167746540539, 19.995147636125413 ], [ 73.715367865782127, 19.999288705821058 ], [ 73.720552225071643, 19.999288705821058 ], [ 73.721752731972302, 20.003429817021484 ] ] ] } },
{ "type": "Feature", "properties": { }, "geometry": { "type": "Polygon", "coordinates": [ [ [ 73.730920943650688, 19.999288705821058 ], [ 73.732121619401369, 20.003429817021484 ], [ 73.726937175686842, 20.003429817021484 ], [ 73.728138070329848, 20.007570969736758 ], [ 73.733322598490744, 20.007570969736758 ], [ 73.734523880959415, 20.011712163976949 ], [ 73.744893106216537, 20.011712163976949 ], [ 73.743691654812508, 20.007570969736758 ], [ 73.738507126651612, 20.007570969736758 ], [ 73.737306063115895, 20.003429817021484 ], [ 73.742490506830435, 20.003429817021484 ], [ 73.741289662229704, 19.999288705821058 ], [ 73.730920943650688, 19.999288705821058 ] ] ] } },
{ "type": "Feature", "properties": { }, "geometry": { "type": "Polygon", "coordinates": [ [ [ 73.760539604390701, 20.065551472450846 ], [ 73.750168179088831, 20.065551472450846 ], [ 73.751373713143494, 20.06969324909787 ], [ 73.761745307978615, 20.06969324909787 ], [ 73.760539604390701, 20.065551472450846 ] ] ] } },
{ "type": "Feature", "properties": { }, "geometry": { "type": "Polygon", "coordinates": [ [ [ 73.924231813982971, 20.111113309418545 ], [ 73.926655149609942, 20.119397822484 ], [ 73.931841965895146, 20.119397822484 ], [ 73.930630060506047, 20.11525554505771 ], [ 73.93581679176792, 20.11525554505771 ], [ 73.933393726344136, 20.106971115556423 ], [ 73.928207165064691, 20.106971115556423 ], [ 73.929418460242928, 20.111113309418545 ], [ 73.924231813982971, 20.111113309418545 ] ] ] } },
{ "type": "Feature", "properties": { }, "geometry": { "type": "Polygon", "coordinates": [ [ [ 73.775209983586848, 20.169108414673076 ], [ 73.78558566005843, 20.169108414673076 ], [ 73.78437273364024, 20.164965635013111 ], [ 73.77399722772951, 20.164965635013111 ], [ 73.775209983586848, 20.169108414673076 ] ] ] } },
{ "type": "Feature", "properties": { }, "geometry": { "type": "Polygon", "coordinates": [ [ [ 74.123089569266824, 20.795155027944745 ], [ 74.112687642553098, 20.795155027944745 ], [ 74.115212271134226, 20.803453607403839 ], [ 74.120413411660508, 20.803453607403839 ], [ 74.119150852768229, 20.799304295939837 ], [ 74.124351904698841, 20.799304295939837 ], [ 74.123089569266824, 20.795155027944745 ] ] ] } },
{ "type": "Feature", "properties": { }, "geometry": { "type": "Polygon", "coordinates": [ [ [ 74.240350758176604, 21.426348540872539 ], [ 74.235136078560529, 21.426348540872539 ], [ 74.237754004992837, 21.434660573945216 ], [ 74.242968868506296, 21.434660573945216 ], [ 74.240350758176604, 21.426348540872539 ] ] ] } },
{ "type": "Feature", "properties": { }, "geometry": { "type": "Polygon", "coordinates": [ [ [ 74.455763276602966, 21.53026192919457 ], [ 74.466197246148027, 21.53026192919457 ], [ 74.46487727215181, 21.52610485117749 ], [ 74.45444348755737, 21.52610485117749 ], [ 74.455763276602966, 21.53026192919457 ] ] ] } },
{ "type": "Feature", "properties": { }, "geometry": { "type": "Polygon", "coordinates": [ [ [ 74.475376353203572, 21.542733435075441 ], [ 74.474055325251669, 21.538576221133042 ], [ 74.463620985670673, 21.538576221133042 ], [ 74.464941828537278, 21.542733435075441 ], [ 74.475376353203572, 21.542733435075441 ] ] ] } },
{ "type": "Feature", "properties": { }, "geometry": { "type": "Polygon", "coordinates": [ [ [ 74.179358230438694, 21.563520184939193 ], [ 74.184575955822069, 21.563520184939193 ], [ 74.181941575293536, 21.555205348921323 ], [ 74.176724035197651, 21.555205348921323 ], [ 74.179358230438694, 21.563520184939193 ] ] ] } },
{ "type": "Feature", "properties": { }, "geometry": { "type": "Polygon", "coordinates": [ [ [ 73.490345838499564, 17.604114929917106 ], [ 73.489309234911516, 17.599996270762968 ], [ 73.494448059958714, 17.599996270762968 ], [ 73.493411667347203, 17.595877647438218 ], [ 73.483134162184584, 17.595877647438218 ], [ 73.486243755525123, 17.60823362491012 ], [ 73.49652169560197, 17.60823362491012 ], [ 73.495484736032466, 17.604114929917106 ], [ 73.490345838499564, 17.604114929917106 ] ] ] } },
{ "type": "Feature", "properties": { }, "geometry": { "type": "Polygon", "coordinates": [ [ [ 73.48317912003543, 17.616471122450715 ], [ 73.484216712598311, 17.620589925017281 ], [ 73.489355900272287, 17.620589925017281 ], [ 73.488318235144391, 17.616471122450715 ], [ 73.493457350253351, 17.616471122450715 ], [ 73.492419896136965, 17.612352355751497 ], [ 73.471863725881818, 17.612352355751497 ], [ 73.472900889817495, 17.616471122450715 ], [ 73.48317912003543, 17.616471122450715 ] ] ] } },
{ "type": "Feature", "properties": { }, "geometry": { "type": "Polygon", "coordinates": [ [ [ 73.681909838715995, 18.502854603670091 ], [ 73.680811239296261, 18.498727905648323 ], [ 73.675656139439042, 18.498727905648323 ], [ 73.6745579077282, 18.494601245546125 ], [ 73.664247861700716, 18.494601245546125 ], [ 73.667542968221511, 18.506981339621127 ], [ 73.672698221826764, 18.506981339621127 ], [ 73.671599485273887, 18.502854603670091 ], [ 73.681909838715995, 18.502854603670091 ] ] ] } },
{ "type": "Feature", "properties": { }, "geometry": { "type": "Polygon", "coordinates": [ [ [ 73.683008729037255, 18.506981339621127 ], [ 73.672698221826764, 18.506981339621127 ], [ 73.674896567659346, 18.515234925349766 ], [ 73.685207382528731, 18.515234925349766 ], [ 73.683008729037255, 18.506981339621127 ] ] ] } },
{ "type": "Feature", "properties": { }, "geometry": { "type": "Polygon", "coordinates": [ [ [ 73.674896567659346, 18.515234925349766 ], [ 73.664585752789975, 18.515234925349766 ], [ 73.666784954677468, 18.523488662911802 ], [ 73.671940516023042, 18.523488662911802 ], [ 73.670840692631373, 18.519361775146766 ], [ 73.675996177011328, 18.519361775146766 ], [ 73.674896567659346, 18.515234925349766 ] ] ] } },
{ "type": "Feature", "properties": { }, "geometry": { "type": "Polygon", "coordinates": [ [ [ 73.738935027236082, 18.581269083699478 ], [ 73.728621745228338, 18.581269083699478 ], [ 73.729726555911142, 18.585396542149439 ], [ 73.740039992461647, 18.585396542149439 ], [ 73.738935027236082, 18.581269083699478 ] ] ] } },
{ "type": "Feature", "properties": { }, "geometry": { "type": "Polygon", "coordinates": [ [ [ 73.700995815222441, 18.593651573429032 ], [ 73.706152688101653, 18.593651573429032 ], [ 73.703942964534889, 18.585396542149439 ], [ 73.698786246259644, 18.585396542149439 ], [ 73.700995815222441, 18.593651573429032 ] ] ] } },
{ "type": "Feature", "properties": { }, "geometry": { "type": "Polygon", "coordinates": [ [ [ 73.716466433860077, 18.593651573429032 ], [ 73.715361271621063, 18.589524038722722 ], [ 73.710204476054017, 18.589524038722722 ], [ 73.711309560980865, 18.593651573429032 ], [ 73.706152688101653, 18.593651573429032 ], [ 73.707257987415204, 18.5977791462781 ], [ 73.722728838050628, 18.5977791462781 ], [ 73.721623306739289, 18.593651573429032 ], [ 73.716466433860077, 18.593651573429032 ] ] ] } },
{ "type": "Feature", "properties": { }, "geometry": { "type": "Polygon", "coordinates": [ [ [ 73.647226311355425, 18.643184967818446 ], [ 73.648334027809966, 18.647312999138553 ], [ 73.658649787401515, 18.647312999138553 ], [ 73.657541915791569, 18.643184967818446 ], [ 73.647226311355425, 18.643184967818446 ] ] ] } },
{ "type": "Feature", "properties": { }, "geometry": { "type": "Polygon", "coordinates": [ [ [ 73.654666729676848, 18.7092380666842 ], [ 73.652443136382544, 18.700980892331984 ], [ 73.64728424621552, 18.700980892331984 ], [ 73.648395818819495, 18.705109460305398 ], [ 73.63807788275723, 18.705109460305398 ], [ 73.639189591929664, 18.7092380666842 ], [ 73.654666729676848, 18.7092380666842 ] ] ] } },
{ "type": "Feature", "properties": { }, "geometry": { "type": "Polygon", "coordinates": [ [ [ 73.657298926889581, 18.738139387505619 ], [ 73.667618110252604, 18.738139387505619 ], [ 73.66650404186359, 18.734010512016155 ], [ 73.656185014556598, 18.734010512016155 ], [ 73.657298926889581, 18.738139387505619 ] ] ] } },
{ "type": "Feature", "properties": { }, "geometry": { "type": "Polygon", "coordinates": [ [ [ 73.786288718927324, 18.738139387505619 ], [ 73.791872431989944, 18.758784342398389 ], [ 73.797032414119059, 18.758784342398389 ], [ 73.795915006866991, 18.754655274394601 ], [ 73.801074910865566, 18.754655274394601 ], [ 73.799957718815364, 18.750526244913178 ], [ 73.794797892926823, 18.750526244913178 ], [ 73.791448310608828, 18.738139387505619 ], [ 73.786288718927324, 18.738139387505619 ] ] ] } },
{ "type": "Feature", "properties": { }, "geometry": { "type": "Polygon", "coordinates": [ [ [ 73.821714526859878, 18.754655274394601 ], [ 73.819479811256826, 18.74639725394438 ], [ 73.824639559055854, 18.74639725394438 ], [ 73.823522563214738, 18.742268301478443 ], [ 73.813203223754684, 18.742268301478443 ], [ 73.814320063457771, 18.74639725394438 ], [ 73.809160315658744, 18.74639725394438 ], [ 73.810277370592473, 18.750526244913178 ], [ 73.815437196481028, 18.750526244913178 ], [ 73.81655462286129, 18.754655274394601 ], [ 73.821714526859878, 18.754655274394601 ] ] ] } },
{ "type": "Feature", "properties": { }, "geometry": { "type": "Polygon", "coordinates": [ [ [ 73.77415858937259, 18.750526244913178 ], [ 73.776392485602614, 18.758784342398389 ], [ 73.786712449860843, 18.758784342398389 ], [ 73.784478241149714, 18.750526244913178 ], [ 73.77415858937259, 18.750526244913178 ] ] ] } },
{ "type": "Feature", "properties": { }, "geometry": { "type": "Polygon", "coordinates": [ [ [ 73.774585312896704, 18.77117177764152 ], [ 73.771232503473499, 18.758784342398389 ], [ 73.766072521344384, 18.758784342398389 ], [ 73.769425096252917, 18.77117177764152 ], [ 73.774585312896704, 18.77117177764152 ] ] ] } },
{ "type": "Feature", "properties": { }, "geometry": { "type": "Polygon", "coordinates": [ [ [ 73.691330829136888, 18.787688897870709 ], [ 73.692448861730213, 18.791818274404676 ], [ 73.697609469642217, 18.791818274404676 ], [ 73.698727873743479, 18.795947689548829 ], [ 73.703888559970693, 18.795947689548829 ], [ 73.699416389559701, 18.7794302605943 ], [ 73.704576762649182, 18.7794302605943 ], [ 73.70234227988368, 18.77117177764152 ], [ 73.697182063239879, 18.77117177764152 ], [ 73.698299079856753, 18.775300999832336 ], [ 73.687978490144005, 18.775300999832336 ], [ 73.69021308969937, 18.783559559937171 ], [ 73.695373541042514, 18.783559559937171 ], [ 73.696491358754201, 18.787688897870709 ], [ 73.691330829136888, 18.787688897870709 ] ] ] } },
{ "type": "Feature", "properties": { }, "geometry": { "type": "Polygon", "coordinates": [ [ [ 73.772780311189521, 18.783559559937171 ], [ 73.777940762532666, 18.783559559937171 ], [ 73.77570350270247, 18.775300999832336 ], [ 73.770543207846089, 18.775300999832336 ], [ 73.772780311189521, 18.783559559937171 ] ] ] } },
{ "type": "Feature", "properties": { }, "geometry": { "type": "Polygon", "coordinates": [ [ [ 73.791620225833512, 18.795947689548829 ], [ 73.786459539606284, 18.795947689548829 ], [ 73.785339804146147, 18.791818274404676 ], [ 73.780179196234158, 18.791818274404676 ], [ 73.781298853379056, 18.795947689548829 ], [ 73.776138167151842, 18.795947689548829 ], [ 73.77725803953976, 18.800077143312933 ], [ 73.787579568665748, 18.800077143312933 ], [ 73.788699891361517, 18.804206635706759 ], [ 73.793860734280798, 18.804206635706759 ], [ 73.791620225833512, 18.795947689548829 ] ] ] } },
{ "type": "Feature", "properties": { }, "geometry": { "type": "Polygon", "coordinates": [ [ [ 73.803061862354696, 18.800077143312933 ], [ 73.808222626917683, 18.800077143312933 ], [ 73.807102284515196, 18.795947689548829 ], [ 73.79678091206074, 18.795947689548829 ], [ 73.799021577200094, 18.804206635706759 ], [ 73.804182420119375, 18.804206635706759 ], [ 73.803061862354696, 18.800077143312933 ] ] ] } },
{ "type": "Feature", "properties": { }, "geometry": { "type": "Polygon", "coordinates": [ [ [ 73.778378205522941, 18.804206635706759 ], [ 73.77725803953976, 18.800077143312933 ], [ 73.766936510413785, 18.800077143312933 ], [ 73.768056519684365, 18.804206635706759 ], [ 73.778378205522941, 18.804206635706759 ] ] ] } },
{ "type": "Feature", "properties": { }, "geometry": { "type": "Polygon", "coordinates": [ [ [ 74.054577605509522, 19.846096684411478 ], [ 74.059758856041626, 19.846096684411478 ], [ 74.057368760807591, 19.837817643359596 ], [ 74.052187677487524, 19.837817643359596 ], [ 74.054577605509522, 19.846096684411478 ] ] ] } },
{ "type": "Feature", "properties": { }, "geometry": { "type": "Polygon", "coordinates": [ [ [ 74.039033853913168, 19.846096684411478 ], [ 74.042620267947086, 19.858515554511804 ], [ 74.047801769456413, 19.858515554511804 ], [ 74.044215104445286, 19.846096684411478 ], [ 74.039033853913168, 19.846096684411478 ] ] ] } },
{ "type": "Feature", "properties": { }, "geometry": { "type": "Polygon", "coordinates": [ [ [ 74.087663433715889, 19.870934795079865 ], [ 74.103208691748662, 19.870934795079865 ], [ 74.102011085679919, 19.86679500704404 ], [ 74.096829416746303, 19.86679500704404 ], [ 74.095632198082868, 19.862655260191364 ], [ 74.085269027661155, 19.862655260191364 ], [ 74.084072280021672, 19.858515554511804 ], [ 74.078890778512346, 19.858515554511804 ], [ 74.080087442450321, 19.862655260191364 ], [ 74.074905857239457, 19.862655260191364 ], [ 74.07610274101188, 19.86679500704404 ], [ 74.086466078879099, 19.86679500704404 ], [ 74.087663433715889, 19.870934795079865 ] ] ] } },
{ "type": "Feature", "properties": { }, "geometry": { "type": "Polygon", "coordinates": [ [ [ 74.208372248508311, 20.596041082263934 ], [ 74.213568986015048, 20.596041082263934 ], [ 74.211070026054514, 20.587746824025768 ], [ 74.205873463535184, 20.587746824025768 ], [ 74.208372248508311, 20.596041082263934 ] ] ] } },
{ "type": "Feature", "properties": { }, "geometry": { "type": "Polygon", "coordinates": [ [ [ 74.307135813466957, 20.716327181456172 ], [ 74.305876184592208, 20.712178780680574 ], [ 74.300676988116976, 20.712178780680574 ], [ 74.301936528855251, 20.716327181456172 ], [ 74.296737244243545, 20.716327181456172 ], [ 74.297997008865067, 20.720475625495158 ], [ 74.313595127175105, 20.720475625495158 ], [ 74.312335098078648, 20.716327181456172 ], [ 74.307135813466957, 20.716327181456172 ] ] ] } },
{ "type": "Feature", "properties": { }, "geometry": { "type": "Polygon", "coordinates": [ [ [ 73.543656654795399, 17.529984539300955 ], [ 73.54879425061614, 17.529984539300955 ], [ 73.546729356394209, 17.521748543608137 ], [ 73.541591904812293, 17.521748543608137 ], [ 73.543656654795399, 17.529984539300955 ] ] ] } },
{ "type": "Feature", "properties": { }, "geometry": { "type": "Polygon", "coordinates": [ [ [ 73.854064087906877, 18.139849272634368 ], [ 73.852987043540651, 18.135725874542263 ], [ 73.842690213045486, 18.135725874542263 ], [ 73.843767107246578, 18.139849272634368 ], [ 73.854064087906877, 18.139849272634368 ] ] ] } },
{ "type": "Feature", "properties": { }, "geometry": { "type": "Polygon", "coordinates": [ [ [ 73.906627075419863, 18.143972707806508 ], [ 73.896329944554168, 18.143972707806508 ], [ 73.897408167574838, 18.148096180068276 ], [ 73.907705448686215, 18.148096180068276 ], [ 73.906627075419863, 18.143972707806508 ] ] ] } },
{ "type": "Feature", "properties": { }, "geometry": { "type": "Polygon", "coordinates": [ [ [ 73.914386277054405, 18.407950125666261 ], [ 73.919539691051455, 18.407950125666261 ], [ 73.91734835244165, 18.399698506719531 ], [ 73.912195091217129, 18.399698506719531 ], [ 73.914386277054405, 18.407950125666261 ] ] ] } },
{ "type": "Feature", "properties": { }, "geometry": { "type": "Polygon", "coordinates": [ [ [ 73.958831975835949, 18.478094984139251 ], [ 73.969141407522457, 18.478094984139251 ], [ 73.968040178473132, 18.473968513489563 ], [ 73.957730900270164, 18.473968513489563 ], [ 73.958831975835949, 18.478094984139251 ] ] ] } },
{ "type": "Feature", "properties": { }, "geometry": { "type": "Polygon", "coordinates": [ [ [ 73.927154035401287, 18.494601245546125 ], [ 73.926052330165732, 18.490474623353808 ], [ 73.910587491593944, 18.490474623353808 ], [ 73.911688966360089, 18.494601245546125 ], [ 73.916843989373845, 18.494601245546125 ], [ 73.917945832728449, 18.498727905648323 ], [ 73.923100932585669, 18.498727905648323 ], [ 73.921999012387573, 18.494601245546125 ], [ 73.927154035401287, 18.494601245546125 ] ] ] } },
{ "type": "Feature", "properties": { }, "geometry": { "type": "Polygon", "coordinates": [ [ [ 73.952185096805067, 18.511108113511117 ], [ 73.949979028210933, 18.502854603670091 ], [ 73.939668674768811, 18.502854603670091 ], [ 73.940771409299458, 18.506981339621127 ], [ 73.945926662904711, 18.506981339621127 ], [ 73.947029766295287, 18.511108113511117 ], [ 73.952185096805067, 18.511108113511117 ] ] ] } },
{ "type": "Feature", "properties": { }, "geometry": { "type": "Polygon", "coordinates": [ [ [ 73.924203144605656, 18.502854603670091 ], [ 73.913892791163534, 18.502854603670091 ], [ 73.916097783236566, 18.511108113511117 ], [ 73.92125311374636, 18.511108113511117 ], [ 73.92015039487849, 18.506981339621127 ], [ 73.925305648483729, 18.506981339621127 ], [ 73.924203144605656, 18.502854603670091 ] ] ] } },
{ "type": "Feature", "properties": { }, "geometry": { "type": "Polygon", "coordinates": [ [ [ 73.918303942869045, 18.519361775146766 ], [ 73.933770396008896, 18.519361775146766 ], [ 73.934874144647452, 18.523488662911802 ], [ 73.940029705993041, 18.523488662911802 ], [ 73.938925880388851, 18.519361775146766 ], [ 73.944081364768806, 18.519361775146766 ], [ 73.942977754263197, 18.515234925349766 ], [ 73.937822346828497, 18.515234925349766 ], [ 73.936719105275714, 18.511108113511117 ], [ 73.92125311374636, 18.511108113511117 ], [ 73.922356124524455, 18.515234925349766 ], [ 73.917200717089756, 18.515234925349766 ], [ 73.918303942869045, 18.519361775146766 ] ] ] } },
{ "type": "Feature", "properties": { }, "geometry": { "type": "Polygon", "coordinates": [ [ [ 73.894733078693235, 18.527615588654591 ], [ 73.899888717024808, 18.527615588654591 ], [ 73.897682005349253, 18.519361775146766 ], [ 73.892526520969298, 18.519361775146766 ], [ 73.894733078693235, 18.527615588654591 ] ] ] } },
{ "type": "Feature", "properties": { }, "geometry": { "type": "Polygon", "coordinates": [ [ [ 73.958076866850263, 18.552377941187078 ], [ 73.95918318436982, 18.556505133045665 ], [ 73.964339362173774, 18.556505133045665 ], [ 73.962126865273063, 18.54825078737413 ], [ 73.956970841705953, 18.54825078737413 ], [ 73.955865108900525, 18.544123671597134 ], [ 73.95070916242129, 18.544123671597134 ], [ 73.951814818138871, 18.54825078737413 ], [ 73.946658794571761, 18.54825078737413 ], [ 73.948870828761912, 18.556505133045665 ], [ 73.95402700656588, 18.556505133045665 ], [ 73.952920766174927, 18.552377941187078 ], [ 73.958076866850263, 18.552377941187078 ] ] ] } },
{ "type": "Feature", "properties": { }, "geometry": { "type": "Polygon", "coordinates": [ [ [ 73.920146039701478, 18.564759630938632 ], [ 73.917933761938187, 18.556505133045665 ], [ 73.912777584134233, 18.556505133045665 ], [ 73.914989707579124, 18.564759630938632 ], [ 73.920146039701478, 18.564759630938632 ] ] ] } },
{ "type": "Feature", "properties": { }, "geometry": { "type": "Polygon", "coordinates": [ [ [ 73.836564953084888, 18.618417583004717 ], [ 73.837673862278933, 18.622545384914325 ], [ 73.847988691551151, 18.622545384914325 ], [ 73.84687962744691, 18.618417583004717 ], [ 73.836564953084888, 18.618417583004717 ] ] ] } },
{ "type": "Feature", "properties": { }, "geometry": { "type": "Polygon", "coordinates": [ [ [ 73.827749388987826, 18.643184967818446 ], [ 73.82663924987942, 18.639056974757736 ], [ 73.821481525218601, 18.639056974757736 ], [ 73.823701940866073, 18.647312999138553 ], [ 73.834017700457608, 18.647312999138553 ], [ 73.832907191205877, 18.643184967818446 ], [ 73.827749388987826, 18.643184967818446 ] ] ] } },
{ "type": "Feature", "properties": { }, "geometry": { "type": "Polygon", "coordinates": [ [ [ 73.839175580253382, 18.647312999138553 ], [ 73.844333460049143, 18.647312999138553 ], [ 73.842112423861835, 18.639056974757736 ], [ 73.83695469920103, 18.639056974757736 ], [ 73.839175580253382, 18.647312999138553 ] ] ] } },
{ "type": "Feature", "properties": { }, "geometry": { "type": "Polygon", "coordinates": [ [ [ 74.034061477710551, 18.643184967818446 ], [ 74.023745873274407, 18.643184967818446 ], [ 74.02485925290101, 18.647312999138553 ], [ 74.035175012492545, 18.647312999138553 ], [ 74.034061477710551, 18.643184967818446 ] ] ] } },
{ "type": "Feature", "properties": { }, "geometry": { "type": "Polygon", "coordinates": [ [ [ 73.927265192634451, 18.667953729970492 ], [ 73.926151899344376, 18.663825507207484 ], [ 73.910677328411325, 18.663825507207484 ], [ 73.911790388661601, 18.667953729970492 ], [ 73.927265192634451, 18.667953729970492 ] ] ] } },
{ "type": "Feature", "properties": { }, "geometry": { "type": "Polygon", "coordinates": [ [ [ 73.921821124469432, 18.705109460305398 ], [ 73.919590019050943, 18.696852362754228 ], [ 73.914431206727585, 18.696852362754228 ], [ 73.916662156438321, 18.705109460305398 ], [ 73.921821124469432, 18.705109460305398 ] ] ] } },
{ "type": "Feature", "properties": { }, "geometry": { "type": "Polygon", "coordinates": [ [ [ 73.813898155065388, 18.72575287644834 ], [ 73.811667544941471, 18.717495394697014 ], [ 73.806508343195105, 18.717495394697014 ], [ 73.808738797406448, 18.72575287644834 ], [ 73.813898155065388, 18.72575287644834 ] ] ] } },
{ "type": "Feature", "properties": { }, "geometry": { "type": "Polygon", "coordinates": [ [ [ 73.860332373995959, 18.72575287644834 ], [ 73.850013658678051, 18.72575287644834 ], [ 73.851129949365387, 18.729881675000314 ], [ 73.861448820657344, 18.729881675000314 ], [ 73.860332373995959, 18.72575287644834 ] ] ] } },
{ "type": "Feature", "properties": { }, "geometry": { "type": "Polygon", "coordinates": [ [ [ 73.831608478775422, 18.734010512016155 ], [ 73.841927506082399, 18.734010512016155 ], [ 73.840811078073443, 18.729881675000314 ], [ 73.830492206781486, 18.729881675000314 ], [ 73.831608478775422, 18.734010512016155 ] ] ] } },
{ "type": "Feature", "properties": { }, "geometry": { "type": "Polygon", "coordinates": [ [ [ 73.904959327602029, 18.738139387505619 ], [ 73.906077278895097, 18.742268301478443 ], [ 73.900917609165063, 18.742268301478443 ], [ 73.902035776041416, 18.74639725394438 ], [ 73.912355271639484, 18.74639725394438 ], [ 73.910118919283548, 18.738139387505619 ], [ 73.904959327602029, 18.738139387505619 ] ] ] } },
{ "type": "Feature", "properties": { }, "geometry": { "type": "Polygon", "coordinates": [ [ [ 73.829799306854895, 18.74639725394438 ], [ 73.834959054653936, 18.74639725394438 ], [ 73.832725044060894, 18.738139387505619 ], [ 73.827565452379389, 18.738139387505619 ], [ 73.829799306854895, 18.74639725394438 ] ] ] } },
{ "type": "Feature", "properties": { }, "geometry": { "type": "Polygon", "coordinates": [ [ [ 73.834270536680989, 18.762913448934306 ], [ 73.839430596961137, 18.762913448934306 ], [ 73.837194238855616, 18.754655274394601 ], [ 73.832034334857028, 18.754655274394601 ], [ 73.834270536680989, 18.762913448934306 ] ] ] } },
{ "type": "Feature", "properties": { }, "geometry": { "type": "Polygon", "coordinates": [ [ [ 73.855347532679687, 18.783559559937171 ], [ 73.857588314914096, 18.791818274404676 ], [ 73.867909530738103, 18.791818274404676 ], [ 73.866788836125139, 18.787688897870709 ], [ 73.861628306507825, 18.787688897870709 ], [ 73.860507984022817, 18.783559559937171 ], [ 73.855347532679687, 18.783559559937171 ] ] ] } },
{ "type": "Feature", "properties": { }, "geometry": { "type": "Polygon", "coordinates": [ [ [ 73.953179972295743, 18.820724991774519 ], [ 73.950932408308859, 18.812465736422606 ], [ 73.945771408615371, 18.812465736422606 ], [ 73.948018815745854, 18.820724991774519 ], [ 73.953179972295743, 18.820724991774519 ] ] ] } },
{ "type": "Feature", "properties": { }, "geometry": { "type": "Polygon", "coordinates": [ [ [ 74.00188053551382, 18.828984401840614 ], [ 73.991557908536791, 18.828984401840614 ], [ 73.993808927636053, 18.837243966699077 ], [ 74.00413186865471, 18.837243966699077 ], [ 74.00188053551382, 18.828984401840614 ] ] ] } },
{ "type": "Feature", "properties": { }, "geometry": { "type": "Polygon", "coordinates": [ [ [ 74.030947087059985, 19.047915413495936 ], [ 74.028666546244338, 19.039651874973433 ], [ 74.023501202983454, 19.039651874973433 ], [ 74.02578158467459, 19.047915413495936 ], [ 74.030947087059985, 19.047915413495936 ] ] ] } },
{ "type": "Feature", "properties": { }, "geometry": { "type": "Polygon", "coordinates": [ [ [ 74.4830521540039, 20.264403936846229 ], [ 74.484283479412412, 20.26854772534443 ], [ 74.489473370818331, 20.26854772534443 ], [ 74.490705090808945, 20.272691556004212 ], [ 74.501085045255579, 20.272691556004212 ], [ 74.499853153630156, 20.26854772534443 ], [ 74.494663262224236, 20.26854772534443 ], [ 74.493431765223946, 20.264403936846229 ], [ 74.4830521540039, 20.264403936846229 ] ] ] } },
{ "type": "Feature", "properties": { }, "geometry": { "type": "Polygon", "coordinates": [ [ [ 74.63062007504908, 20.940405339169878 ], [ 74.641028228021725, 20.940405339169878 ], [ 74.6397471301146, 20.936254587453316 ], [ 74.629339155781807, 20.936254587453316 ], [ 74.63062007504908, 20.940405339169878 ] ] ] } },
{ "type": "Feature", "properties": { }, "geometry": { "type": "Polygon", "coordinates": [ [ [ 74.056896865777674, 18.04914306308806 ], [ 74.062043708938035, 18.04914306308806 ], [ 74.059895881759431, 18.040897930426297 ], [ 74.054749187859457, 18.040897930426297 ], [ 74.056896865777674, 18.04914306308806 ] ] ] } },
{ "type": "Feature", "properties": { }, "geometry": { "type": "Polygon", "coordinates": [ [ [ 74.008034328395567, 18.0986169587297 ], [ 74.00695777407725, 18.094493930909628 ], [ 74.001810108548469, 18.094493930909628 ], [ 74.000733918167072, 18.090370940063949 ], [ 73.995586327499552, 18.090370940063949 ], [ 73.99773884757532, 18.0986169587297 ], [ 74.002886587985429, 18.0986169587297 ], [ 74.003963356513069, 18.102740023533769 ], [ 74.014258987136273, 18.102740023533769 ], [ 74.013182068805705, 18.0986169587297 ], [ 74.008034328395567, 18.0986169587297 ] ] ] } },
{ "type": "Feature", "properties": { }, "geometry": { "type": "Polygon", "coordinates": [ [ [ 74.003963356513069, 18.102740023533769 ], [ 73.988519910578276, 18.102740023533769 ], [ 73.989596743466961, 18.10686312533144 ], [ 74.005040414166501, 18.10686312533144 ], [ 74.003963356513069, 18.102740023533769 ] ] ] } },
{ "type": "Feature", "properties": { }, "geometry": { "type": "Polygon", "coordinates": [ [ [ 73.986603236444552, 18.115109439945954 ], [ 73.981455196307877, 18.115109439945954 ], [ 73.98253274663989, 18.119232652782003 ], [ 73.992828976877135, 18.119232652782003 ], [ 73.99067386545623, 18.110986264132293 ], [ 73.98552590028136, 18.110986264132293 ], [ 73.986603236444552, 18.115109439945954 ] ] ] } },
{ "type": "Feature", "properties": { }, "geometry": { "type": "Polygon", "coordinates": [ [ [ 73.951885404179691, 18.139849272634368 ], [ 73.957033894509834, 18.139849272634368 ], [ 73.954877091660592, 18.131602513520583 ], [ 73.949728751475448, 18.131602513520583 ], [ 73.951885404179691, 18.139849272634368 ] ] ] } },
{ "type": "Feature", "properties": { }, "geometry": { "type": "Polygon", "coordinates": [ [ [ 73.944825120933189, 18.152219689429298 ], [ 73.945904598556623, 18.156343235899183 ], [ 73.956202180280144, 18.156343235899183 ], [ 73.955122552330479, 18.152219689429298 ], [ 73.944825120933189, 18.152219689429298 ] ] ] } },
{ "type": "Feature", "properties": { }, "geometry": { "type": "Polygon", "coordinates": [ [ [ 73.922319715501089, 18.164590440203966 ], [ 73.932617597997947, 18.164590440203966 ], [ 73.930458225971307, 18.156343235899183 ], [ 73.920160644247773, 18.156343235899183 ], [ 73.922319715501089, 18.164590440203966 ] ] ] } },
{ "type": "Feature", "properties": { }, "geometry": { "type": "Polygon", "coordinates": [ [ [ 73.938846734433, 18.168714098058093 ], [ 73.943995750904975, 18.168714098058093 ], [ 73.941835499436536, 18.160466819487528 ], [ 73.936686633391503, 18.160466819487528 ], [ 73.938846734433, 18.168714098058093 ] ] ] } },
{ "type": "Feature", "properties": { }, "geometry": { "type": "Polygon", "coordinates": [ [ [ 74.023996307787144, 18.490474623353808 ], [ 74.003376523024741, 18.490474623353808 ], [ 74.00447938060735, 18.494601245546125 ], [ 74.025099472662305, 18.494601245546125 ], [ 74.023996307787144, 18.490474623353808 ] ] ] } },
{ "type": "Feature", "properties": { }, "geometry": { "type": "Polygon", "coordinates": [ [ [ 74.046085902956989, 18.515234925349766 ], [ 74.051241310391674, 18.515234925349766 ], [ 74.049031735009592, 18.506981339621127 ], [ 74.043876481404368, 18.506981339621127 ], [ 74.046085902956989, 18.515234925349766 ] ] ] } },
{ "type": "Feature", "properties": { }, "geometry": { "type": "Polygon", "coordinates": [ [ [ 74.187496650580727, 18.523488662911802 ], [ 74.185281903693593, 18.515234925349766 ], [ 74.180126496258907, 18.515234925349766 ], [ 74.182341089235138, 18.523488662911802 ], [ 74.187496650580727, 18.523488662911802 ] ] ] } },
{ "type": "Feature", "properties": { }, "geometry": { "type": "Polygon", "coordinates": [ [ [ 74.029610272047762, 18.626673225034711 ], [ 74.030722633517016, 18.630801103375589 ], [ 74.025565063909411, 18.630801103375589 ], [ 74.026677641135464, 18.634929019946686 ], [ 74.036992935383438, 18.634929019946686 ], [ 74.034767764159398, 18.626673225034711 ], [ 74.029610272047762, 18.626673225034711 ] ] ] } },
{ "type": "Feature", "properties": { }, "geometry": { "type": "Polygon", "coordinates": [ [ [ 74.091213989296705, 18.663825507207484 ], [ 74.092329768344712, 18.667953729970492 ], [ 74.087171500353762, 18.667953729970492 ], [ 74.089403784489619, 18.676210290459551 ], [ 74.084245361077436, 18.676210290459551 ], [ 74.085361866177507, 18.680338628205071 ], [ 74.09567886848447, 18.680338628205071 ], [ 74.09344584120079, 18.672081991051261 ], [ 74.098604186892132, 18.672081991051261 ], [ 74.097488036335648, 18.667953729970492 ], [ 74.102646304326598, 18.667953729970492 ], [ 74.100414729323077, 18.659697322752518 ], [ 74.105572841974606, 18.659697322752518 ], [ 74.104457417515363, 18.655569176595865 ], [ 74.099299382502878, 18.655569176595865 ], [ 74.098184329421343, 18.651441068727781 ], [ 74.082710457239628, 18.651441068727781 ], [ 74.083825277465408, 18.655569176595865 ], [ 74.078667242452894, 18.655569176595865 ], [ 74.077552499845723, 18.651441068727781 ], [ 74.067236585057898, 18.651441068727781 ], [ 74.06835117242791, 18.655569176595865 ], [ 74.073509207440409, 18.655569176595865 ], [ 74.074624166065448, 18.659697322752518 ], [ 74.084940391368505, 18.659697322752518 ], [ 74.086055798985711, 18.663825507207484 ], [ 74.091213989296705, 18.663825507207484 ] ] ] } },
{ "type": "Feature", "properties": { }, "geometry": { "type": "Polygon", "coordinates": [ [ [ 74.059149828110861, 18.659697322752518 ], [ 74.048833602807804, 18.659697322752518 ], [ 74.049948466808615, 18.663825507207484 ], [ 74.060264847430659, 18.663825507207484 ], [ 74.059149828110861, 18.659697322752518 ] ] ] } },
{ "type": "Feature", "properties": { }, "geometry": { "type": "Polygon", "coordinates": [ [ [ 74.107112980816183, 18.684467004297556 ], [ 74.108230384837199, 18.688595418746758 ], [ 74.123706354929681, 18.688595418746758 ], [ 74.119237569657471, 18.672081991051261 ], [ 74.108920878274802, 18.672081991051261 ], [ 74.110037478138338, 18.676210290459551 ], [ 74.104879054726155, 18.676210290459551 ], [ 74.105995870791446, 18.680338628205071 ], [ 74.111154371944934, 18.680338628205071 ], [ 74.11227155973144, 18.684467004297556 ], [ 74.107112980816183, 18.684467004297556 ] ] ] } },
{ "type": "Feature", "properties": { }, "geometry": { "type": "Polygon", "coordinates": [ [ [ 74.076590165403374, 18.705109460305398 ], [ 74.086908101465639, 18.705109460305398 ], [ 74.085789910411464, 18.700980892331984 ], [ 74.080631020244454, 18.700980892331984 ], [ 74.078395675890178, 18.692723871562404 ], [ 74.073236941389993, 18.692723871562404 ], [ 74.076590165403374, 18.705109460305398 ] ] ] } },
{ "type": "Feature", "properties": { }, "geometry": { "type": "Polygon", "coordinates": [ [ [ 74.194569400682369, 18.721624116350487 ], [ 74.189410120989947, 18.721624116350487 ], [ 74.19053126416874, 18.72575287644834 ], [ 74.200849979486648, 18.72575287644834 ], [ 74.198607675919106, 18.717495394697014 ], [ 74.193448474172726, 18.717495394697014 ], [ 74.194569400682369, 18.721624116350487 ] ] ] } },
{ "type": "Feature", "properties": { }, "geometry": { "type": "Polygon", "coordinates": [ [ [ 74.24145581134654, 18.742268301478443 ], [ 74.231136471886515, 18.742268301478443 ], [ 74.232259635179759, 18.74639725394438 ], [ 74.242579130777827, 18.74639725394438 ], [ 74.24145581134654, 18.742268301478443 ] ] ] } },
{ "type": "Feature", "properties": { }, "geometry": { "type": "Polygon", "coordinates": [ [ [ 74.258989087040007, 18.787688897870709 ], [ 74.26931014627462, 18.787688897870709 ], [ 74.270436947873833, 18.791818274404676 ], [ 74.275597555785836, 18.791818274404676 ], [ 74.277852202149447, 18.800077143312933 ], [ 74.283012966712434, 18.800077143312933 ], [ 74.281885417419815, 18.795947689548829 ], [ 74.292206789874271, 18.795947689548829 ], [ 74.291079379521832, 18.791818274404676 ], [ 74.296239987433822, 18.791818274404676 ], [ 74.292859294851709, 18.7794302605943 ], [ 74.287698921762214, 18.7794302605943 ], [ 74.285446760631643, 18.77117177764152 ], [ 74.280286543987842, 18.77117177764152 ], [ 74.281412398627765, 18.775300999832336 ], [ 74.276252103771384, 18.775300999832336 ], [ 74.275126327344068, 18.77117177764152 ], [ 74.269966110700281, 18.77117177764152 ], [ 74.268840707812316, 18.767042594012096 ], [ 74.253360292457188, 18.767042594012096 ], [ 74.254485460768905, 18.77117177764152 ], [ 74.249325244125117, 18.77117177764152 ], [ 74.251576310135732, 18.7794302605943 ], [ 74.256736683225242, 18.7794302605943 ], [ 74.258989087040007, 18.787688897870709 ] ], [ [ 74.268183640130488, 18.783559559937171 ], [ 74.273344091473618, 18.783559559937171 ], [ 74.274470675891919, 18.787688897870709 ], [ 74.26931014627462, 18.787688897870709 ], [ 74.268183640130488, 18.783559559937171 ] ], [ [ 74.288825445503036, 18.783559559937171 ], [ 74.283664994159906, 18.783559559937171 ], [ 74.282538548672719, 18.7794302605943 ], [ 74.287698921762214, 18.7794302605943 ], [ 74.288825445503036, 18.783559559937171 ] ], [ [ 74.267057429404232, 18.7794302605943 ], [ 74.261897056314723, 18.7794302605943 ], [ 74.26077121920224, 18.775300999832336 ], [ 74.265931514058636, 18.775300999832336 ], [ 74.267057429404232, 18.7794302605943 ] ], [ [ 74.279631205509233, 18.787688897870709 ], [ 74.284791735126518, 18.787688897870709 ], [ 74.285918771609829, 18.791818274404676 ], [ 74.28075816369784, 18.791818274404676 ], [ 74.279631205509233, 18.787688897870709 ] ] ] } },
{ "type": "Feature", "properties": { }, "geometry": { "type": "Polygon", "coordinates": [ [ [ 74.749448708047822, 20.853248739292738 ], [ 74.754650913430893, 20.853248739292738 ], [ 74.755928109512141, 20.85739861678919 ], [ 74.76113040377578, 20.85739861678919 ], [ 74.759853118813936, 20.853248739292738 ], [ 74.765055324196993, 20.853248739292738 ], [ 74.762501522230522, 20.844949115097769 ], [ 74.757299494542821, 20.844949115097769 ], [ 74.756023155145556, 20.840799368378647 ], [ 74.750821216272627, 20.840799368378647 ], [ 74.753374032559861, 20.849098905399035 ], [ 74.748171916035446, 20.849098905399035 ], [ 74.749448708047822, 20.853248739292738 ] ] ] } },
{ "type": "Feature", "properties": { }, "geometry": { "type": "Polygon", "coordinates": [ [ [ 74.719245439489754, 20.907200551512116 ], [ 74.734855527117617, 20.907200551512116 ], [ 74.733575169085711, 20.90305014997876 ], [ 74.717965348889976, 20.90305014997876 ], [ 74.719245439489754, 20.907200551512116 ] ] ] } },
{ "type": "Feature", "properties": { }, "geometry": { "type": "Polygon", "coordinates": [ [ [ 74.853926220549099, 21.156305053796686 ], [ 74.859134972060517, 21.156305053796686 ], [ 74.856534913114075, 21.147999010055706 ], [ 74.851326342516586, 21.147999010055706 ], [ 74.853926220549099, 21.156305053796686 ] ] ] } },
{ "type": "Feature", "properties": { }, "geometry": { "type": "Polygon", "coordinates": [ [ [ 73.690144147635948, 15.72957594085066 ], [ 73.679928418001154, 15.72957594085066 ], [ 73.680847237818185, 15.733679263740125 ], [ 73.691063094847451, 15.733679263740125 ], [ 73.690144147635948, 15.72957594085066 ] ] ] } },
{ "type": "Feature", "properties": { }, "geometry": { "type": "Polygon", "coordinates": [ [ [ 73.671890990377648, 15.988147382450714 ], [ 73.67002150793401, 15.979936814503901 ], [ 73.664909723041916, 15.979936814503901 ], [ 73.666779075766669, 15.988147382450714 ], [ 73.671890990377648, 15.988147382450714 ] ] ] } },
{ "type": "Feature", "properties": { }, "geometry": { "type": "Polygon", "coordinates": [ [ [ 74.33650289528407, 18.016163416527259 ], [ 74.341649141884602, 18.016163416527259 ], [ 74.340573223326103, 18.012041126372711 ], [ 74.345719395446935, 18.012041126372711 ], [ 74.344643692188768, 18.007918873000794 ], [ 74.339497594527558, 18.007918873000794 ], [ 74.337347206070191, 17.999674476566536 ], [ 74.327055308465901, 17.999674476566536 ], [ 74.329205399205094, 18.007918873000794 ], [ 74.334351496866333, 18.007918873000794 ], [ 74.33650289528407, 18.016163416527259 ] ] ] } },
{ "type": "Feature", "properties": { }, "geometry": { "type": "Polygon", "coordinates": [ [ [ 74.183189396129805, 18.02028574347402 ], [ 74.181041887579852, 18.012041126372711 ], [ 74.175895715459006, 18.012041126372711 ], [ 74.178043075029535, 18.02028574347402 ], [ 74.183189396129805, 18.02028574347402 ] ] ] } },
{ "type": "Feature", "properties": { }, "geometry": { "type": "Polygon", "coordinates": [ [ [ 74.180657100725711, 18.069756540115641 ], [ 74.17635024799155, 18.053265684717463 ], [ 74.166056412350201, 18.053265684717463 ], [ 74.17143995489559, 18.073879346233277 ], [ 74.176587246319102, 18.073879346233277 ], [ 74.175509884062919, 18.069756540115641 ], [ 74.180657100725711, 18.069756540115641 ] ] ] } },
{ "type": "Feature", "properties": { }, "geometry": { "type": "Polygon", "coordinates": [ [ [ 74.186814758769927, 18.152219689429298 ], [ 74.188981069597872, 18.160466819487528 ], [ 74.194129935642906, 18.160466819487528 ], [ 74.191963474468594, 18.152219689429298 ], [ 74.186814758769927, 18.152219689429298 ] ] ] } },
{ "type": "Feature", "properties": { }, "geometry": { "type": "Polygon", "coordinates": [ [ [ 74.171682984547019, 18.251195068870032 ], [ 74.174951999973572, 18.263568500832395 ], [ 74.180102752153999, 18.263568500832395 ], [ 74.1768335097251, 18.251195068870032 ], [ 74.171682984547019, 18.251195068870032 ] ] ] } },
{ "type": "Feature", "properties": { }, "geometry": { "type": "Polygon", "coordinates": [ [ [ 74.173072655128152, 18.275942269113113 ], [ 74.178223634492795, 18.275942269113113 ], [ 74.176042253755455, 18.26769305287775 ], [ 74.170891425867168, 18.26769305287775 ], [ 74.173072655128152, 18.275942269113113 ] ] ] } },
{ "type": "Feature", "properties": { }, "geometry": { "type": "Polygon", "coordinates": [ [ [ 74.495617687482735, 18.403824297344439 ], [ 74.497826723344346, 18.412075991694675 ], [ 74.508133704171854, 18.412075991694675 ], [ 74.507028886716469, 18.407950125666261 ], [ 74.512182300713533, 18.407950125666261 ], [ 74.511077700284673, 18.403824297344439 ], [ 74.495617687482735, 18.403824297344439 ] ] ] } },
{ "type": "Feature", "properties": { }, "geometry": { "type": "Polygon", "coordinates": [ [ [ 74.348376857355603, 18.469842080701316 ], [ 74.346164507894542, 18.461589328670396 ], [ 74.341010098896348, 18.461589328670396 ], [ 74.343222294975575, 18.469842080701316 ], [ 74.348376857355603, 18.469842080701316 ] ] ] } },
{ "type": "Feature", "properties": { }, "geometry": { "type": "Polygon", "coordinates": [ [ [ 74.3270932554057, 18.544123671597134 ], [ 74.329316115474285, 18.552377941187078 ], [ 74.339628316824943, 18.552377941187078 ], [ 74.33851658567103, 18.54825078737413 ], [ 74.333360562103948, 18.54825078737413 ], [ 74.332249201884935, 18.544123671597134 ], [ 74.3270932554057, 18.544123671597134 ] ] ] } },
{ "type": "Feature", "properties": { }, "geometry": { "type": "Polygon", "coordinates": [ [ [ 74.375595079013237, 18.647312999138553 ], [ 74.380752958809012, 18.647312999138553 ], [ 74.378515788585915, 18.639056974757736 ], [ 74.37335806392511, 18.639056974757736 ], [ 74.372239998442495, 18.634929019946686 ], [ 74.367082351318501, 18.634929019946686 ], [ 74.369318621885014, 18.643184967818446 ], [ 74.374476424103065, 18.643184967818446 ], [ 74.375595079013237, 18.647312999138553 ] ] ] } },
{ "type": "Feature", "properties": { }, "geometry": { "type": "Polygon", "coordinates": [ [ [ 74.365717971864825, 18.667953729970492 ], [ 74.376034507846725, 18.667953729970492 ], [ 74.374914456402308, 18.663825507207484 ], [ 74.364598075780279, 18.663825507207484 ], [ 74.365717971864825, 18.667953729970492 ] ] ] } },
{ "type": "Feature", "properties": { }, "geometry": { "type": "Polygon", "coordinates": [ [ [ 74.288173731275421, 18.800077143312933 ], [ 74.291558388080276, 18.812465736422606 ], [ 74.301880387467278, 18.812465736422606 ], [ 74.300751716047003, 18.808336166740066 ], [ 74.305912637343141, 18.808336166740066 ], [ 74.304784183290082, 18.804206635706759 ], [ 74.2996233403708, 18.804206635706759 ], [ 74.298495260401381, 18.800077143312933 ], [ 74.303656024964383, 18.800077143312933 ], [ 74.301400595345825, 18.791818274404676 ], [ 74.296239987433822, 18.791818274404676 ], [ 74.297367476101499, 18.795947689548829 ], [ 74.292206789874271, 18.795947689548829 ], [ 74.293334495838408, 18.800077143312933 ], [ 74.288173731275421, 18.800077143312933 ] ] ] } },
{ "type": "Feature", "properties": { }, "geometry": { "type": "Polygon", "coordinates": [ [ [ 74.304784183290082, 18.804206635706759 ], [ 74.315105869128644, 18.804206635706759 ], [ 74.313977554090343, 18.800077143312933 ], [ 74.303656024964383, 18.800077143312933 ], [ 74.304784183290082, 18.804206635706759 ] ] ] } },
{ "type": "Feature", "properties": { }, "geometry": { "type": "Polygon", "coordinates": [ [ [ 74.498825912631332, 18.928109418808337 ], [ 74.497686418026348, 18.923978762977942 ], [ 74.487360169631742, 18.923978762977942 ], [ 74.488499506289486, 18.928109418808337 ], [ 74.498825912631332, 18.928109418808337 ] ] ] } },
{ "type": "Feature", "properties": { }, "geometry": { "type": "Polygon", "coordinates": [ [ [ 74.513116418024111, 18.961156067858543 ], [ 74.514258670568125, 18.965287074437683 ], [ 74.51942258542978, 18.965287074437683 ], [ 74.520565215005718, 18.969418120037918 ], [ 74.52572920904727, 18.969418120037918 ], [ 74.52344408942885, 18.961156067858543 ], [ 74.528607925131212, 18.961156067858543 ], [ 74.525182242170487, 18.948763282149621 ], [ 74.509691447125419, 18.948763282149621 ], [ 74.511974463294223, 18.957025100290686 ], [ 74.506810706730491, 18.957025100290686 ], [ 74.507952582321735, 18.961156067858543 ], [ 74.513116418024111, 18.961156067858543 ] ] ] } },
{ "type": "Feature", "properties": { }, "geometry": { "type": "Polygon", "coordinates": [ [ [ 74.502788746619373, 18.961156067858543 ], [ 74.505073232881017, 18.969418120037918 ], [ 74.499909238839464, 18.969418120037918 ], [ 74.501051849523662, 18.973549204669041 ], [ 74.511379996007918, 18.973549204669041 ], [ 74.510237226922584, 18.969418120037918 ], [ 74.515401220964151, 18.969418120037918 ], [ 74.514258670568125, 18.965287074437683 ], [ 74.509094755706485, 18.965287074437683 ], [ 74.507952582321735, 18.961156067858543 ], [ 74.502788746619373, 18.961156067858543 ] ] ] } },
{ "type": "Feature", "properties": { }, "geometry": { "type": "Polygon", "coordinates": [ [ [ 74.563578536792136, 18.994205213631318 ], [ 74.568743006346836, 18.994205213631318 ], [ 74.56645320053542, 18.98594269284585 ], [ 74.56128888956772, 18.98594269284585 ], [ 74.563578536792136, 18.994205213631318 ] ] ] } },
{ "type": "Feature", "properties": { }, "geometry": { "type": "Polygon", "coordinates": [ [ [ 74.676117255901076, 19.101632241100603 ], [ 74.674963237964619, 19.09749994164293 ], [ 74.664630320221477, 19.09749994164293 ], [ 74.66578417847424, 19.101632241100603 ], [ 74.676117255901076, 19.101632241100603 ] ] ] } },
{ "type": "Feature", "properties": { }, "geometry": { "type": "Polygon", "coordinates": [ [ [ 74.619281426819043, 19.304163305461707 ], [ 74.629622379635308, 19.304163305461707 ], [ 74.628455252828857, 19.300029066500379 ], [ 74.618114461733953, 19.300029066500379 ], [ 74.619281426819043, 19.304163305461707 ] ] ] } },
{ "type": "Feature", "properties": { }, "geometry": { "type": "Polygon", "coordinates": [ [ [ 74.628827112315136, 19.610208181730602 ], [ 74.627639000120027, 19.606070968681454 ], [ 74.617286128608981, 19.606070968681454 ], [ 74.618474075980814, 19.610208181730602 ], [ 74.628827112315136, 19.610208181730602 ] ] ] } },
{ "type": "Feature", "properties": { }, "geometry": { "type": "Polygon", "coordinates": [ [ [ 74.626027564629965, 19.618482729528285 ], [ 74.620850881576331, 19.618482729528285 ], [ 74.623228901907041, 19.626757439658281 ], [ 74.628405749931432, 19.626757439658281 ], [ 74.626027564629965, 19.618482729528285 ] ] ] } },
{ "type": "Feature", "properties": { }, "geometry": { "type": "Polygon", "coordinates": [ [ [ 74.963398404025995, 20.446770650078516 ], [ 74.953011201985774, 20.446770650078516 ], [ 74.954263092498991, 20.450916303294484 ], [ 74.96465046802976, 20.450916303294484 ], [ 74.963398404025995, 20.446770650078516 ] ] ] } },
{ "type": "Feature", "properties": { }, "geometry": { "type": "Polygon", "coordinates": [ [ [ 74.953725963294801, 20.500667468292267 ], [ 74.952470582726789, 20.496521303097172 ], [ 74.942081295941648, 20.496521303097172 ], [ 74.943336502499264, 20.500667468292267 ], [ 74.953725963294801, 20.500667468292267 ] ] ] } },
{ "type": "Feature", "properties": { }, "geometry": { "type": "Polygon", "coordinates": [ [ [ 75.019963387966712, 20.853248739292738 ], [ 75.021245116957289, 20.85739861678919 ], [ 75.031649705484526, 20.85739861678919 ], [ 75.030367798732811, 20.853248739292738 ], [ 75.019963387966712, 20.853248739292738 ] ] ] } },
{ "type": "Feature", "properties": { }, "geometry": { "type": "Polygon", "coordinates": [ [ [ 75.129023947377576, 20.90305014997876 ], [ 75.134227220776154, 20.90305014997876 ], [ 75.131653728317431, 20.894749478081103 ], [ 75.126450633141019, 20.894749478081103 ], [ 75.129023947377576, 20.90305014997876 ] ] ] } },
{ "type": "Feature", "properties": { }, "geometry": { "type": "Polygon", "coordinates": [ [ [ 74.360119138263997, 16.61253252692325 ], [ 74.361103361738571, 16.616642857055222 ], [ 74.371347490099865, 16.616642857055222 ], [ 74.369379051925151, 16.608422230369417 ], [ 74.364257123313749, 16.608422230369417 ], [ 74.363273391878039, 16.604311967384447 ], [ 74.342785948455216, 16.604311967384447 ], [ 74.343769408868127, 16.608422230369417 ], [ 74.354013266090931, 16.608422230369417 ], [ 74.354997141877618, 16.61253252692325 ], [ 74.360119138263997, 16.61253252692325 ] ] ] } },
{ "type": "Feature", "properties": { }, "geometry": { "type": "Polygon", "coordinates": [ [ [ 74.373936387498006, 16.797530766183808 ], [ 74.379061453746672, 16.797530766183808 ], [ 74.377069279869048, 16.789307166638103 ], [ 74.371944350890487, 16.789307166638103 ], [ 74.373936387498006, 16.797530766183808 ] ] ] } },
{ "type": "Feature", "properties": { }, "geometry": { "type": "Polygon", "coordinates": [ [ [ 74.239311315807228, 17.044302321366924 ], [ 74.229052874856578, 17.044302321366924 ], [ 74.231074313876078, 17.052530171187815 ], [ 74.236203674032652, 17.052530171187815 ], [ 74.235192743476162, 17.048416228994245 ], [ 74.240322033782348, 17.048416228994245 ], [ 74.239311315807228, 17.044302321366924 ] ] ] } },
{ "type": "Feature", "properties": { }, "geometry": { "type": "Polygon", "coordinates": [ [ [ 74.514681547251442, 18.10686312533144 ], [ 74.504385766785077, 18.10686312533144 ], [ 74.506555290249977, 18.115109439945954 ], [ 74.516851370523355, 18.115109439945954 ], [ 74.514681547251442, 18.10686312533144 ] ] ] } },
{ "type": "Feature", "properties": { }, "geometry": { "type": "Polygon", "coordinates": [ [ [ 74.600101366324935, 18.176961525217902 ], [ 74.589803032365836, 18.176961525217902 ], [ 74.590893581545188, 18.181085294542804 ], [ 74.596042823808759, 18.181085294542804 ], [ 74.597133740305182, 18.185209101043874 ], [ 74.612581693008394, 18.185209101043874 ], [ 74.611490550599456, 18.181085294542804 ], [ 74.616639792863012, 18.181085294542804 ], [ 74.615548867263598, 18.176961525217902 ], [ 74.605250533304485, 18.176961525217902 ], [ 74.606341308335885, 18.181085294542804 ], [ 74.601192066072315, 18.181085294542804 ], [ 74.600101366324935, 18.176961525217902 ] ] ] } },
{ "type": "Feature", "properties": { }, "geometry": { "type": "Polygon", "coordinates": [ [ [ 74.616949184292565, 18.201704699002121 ], [ 74.614764854249458, 18.193456825612966 ], [ 74.609615386012891, 18.193456825612966 ], [ 74.611799565306484, 18.201704699002121 ], [ 74.616949184292565, 18.201704699002121 ] ] ] } },
{ "type": "Feature", "properties": { }, "geometry": { "type": "Polygon", "coordinates": [ [ [ 74.602592704530878, 18.205828691528279 ], [ 74.603685373974471, 18.209952721288317 ], [ 74.613984913606956, 18.209952721288317 ], [ 74.612892093313022, 18.205828691528279 ], [ 74.602592704530878, 18.205828691528279 ] ] ] } },
{ "type": "Feature", "properties": { }, "geometry": { "type": "Polygon", "coordinates": [ [ [ 74.610247529825273, 18.23469768229911 ], [ 74.606965136144851, 18.222325034067985 ], [ 74.596665143719179, 18.222325034067985 ], [ 74.597758831496506, 18.226449212859805 ], [ 74.602908903215237, 18.226449212859805 ], [ 74.604002958904047, 18.230573428933639 ], [ 74.598852811659228, 18.230573428933639 ], [ 74.599947084243112, 18.23469768229911 ], [ 74.610247529825273, 18.23469768229911 ] ] ] } },
{ "type": "Feature", "properties": { }, "geometry": { "type": "Polygon", "coordinates": [ [ [ 74.559713914937632, 18.469842080701316 ], [ 74.557495276819765, 18.461589328670396 ], [ 74.552340867821599, 18.461589328670396 ], [ 74.55455935255759, 18.469842080701316 ], [ 74.559713914937632, 18.469842080701316 ] ] ] } },
{ "type": "Feature", "properties": { }, "geometry": { "type": "Polygon", "coordinates": [ [ [ 74.763311628341555, 18.593651573429032 ], [ 74.773625374099979, 18.593651573429032 ], [ 74.77250436286279, 18.589524038722722 ], [ 74.762190771728726, 18.589524038722722 ], [ 74.763311628341555, 18.593651573429032 ] ] ] } },
{ "type": "Feature", "properties": { }, "geometry": { "type": "Polygon", "coordinates": [ [ [ 74.807473869864452, 18.923978762977942 ], [ 74.812636994061748, 18.923978762977942 ], [ 74.810349266164323, 18.915717568076623 ], [ 74.805186299852423, 18.915717568076623 ], [ 74.807473869864452, 18.923978762977942 ] ] ] } },
{ "type": "Feature", "properties": { }, "geometry": { "type": "Polygon", "coordinates": [ [ [ 74.740892622966527, 18.981811491063201 ], [ 74.746056854671735, 18.981811491063201 ], [ 74.743763291903647, 18.973549204669041 ], [ 74.73859921866152, 18.973549204669041 ], [ 74.740892622966527, 18.981811491063201 ] ] ] } },
{ "type": "Feature", "properties": { }, "geometry": { "type": "Polygon", "coordinates": [ [ [ 74.719705222490774, 19.072706970595078 ], [ 74.714539242235077, 19.072706970595078 ], [ 74.71338660319897, 19.06857494627835 ], [ 74.708220702640062, 19.06857494627835 ], [ 74.710526120822507, 19.076839034188158 ], [ 74.720858240768962, 19.076839034188158 ], [ 74.719705222490774, 19.072706970595078 ] ] ] } },
{ "type": "Feature", "properties": { }, "geometry": { "type": "Polygon", "coordinates": [ [ [ 74.683543360700824, 19.072706970595078 ], [ 74.685848580650514, 19.080971137067408 ], [ 74.691014720361963, 19.080971137067408 ], [ 74.689861880929584, 19.076839034188158 ], [ 74.695027940902818, 19.076839034188158 ], [ 74.693875321212232, 19.072706970595078 ], [ 74.683543360700824, 19.072706970595078 ] ] ] } },
{ "type": "Feature", "properties": { }, "geometry": { "type": "Polygon", "coordinates": [ [ [ 74.778292415396109, 19.09749994164293 ], [ 74.78060394496346, 19.105764579903468 ], [ 74.790937182115414, 19.105764579903468 ], [ 74.789781107596113, 19.101632241100603 ], [ 74.784614568882688, 19.101632241100603 ], [ 74.78345887426768, 19.09749994164293 ], [ 74.778292415396109, 19.09749994164293 ] ] ] } },
{ "type": "Feature", "properties": { }, "geometry": { "type": "Polygon", "coordinates": [ [ [ 74.717449565608348, 19.101632241100603 ], [ 74.727782643035169, 19.101632241100603 ], [ 74.726627826680357, 19.09749994164293 ], [ 74.716294908937215, 19.09749994164293 ], [ 74.717449565608348, 19.101632241100603 ] ] ] } },
{ "type": "Feature", "properties": { }, "geometry": { "type": "Polygon", "coordinates": [ [ [ 74.985183787060421, 19.171887359726949 ], [ 74.990351686258691, 19.171887359726949 ], [ 74.988024612535199, 19.163621459900295 ], [ 74.982856873705316, 19.163621459900295 ], [ 74.985183787060421, 19.171887359726949 ] ] ] } },
{ "type": "Feature", "properties": { }, "geometry": { "type": "Polygon", "coordinates": [ [ [ 74.80024810110352, 19.304163305461707 ], [ 74.802588596879957, 19.31243190287973 ], [ 74.812929873264082, 19.31243190287973 ], [ 74.811759312664876, 19.308297584251523 ], [ 74.806588755375202, 19.308297584251523 ], [ 74.805418577511645, 19.304163305461707 ], [ 74.80024810110352, 19.304163305461707 ] ] ] } },
{ "type": "Feature", "properties": { }, "geometry": { "type": "Polygon", "coordinates": [ [ [ 74.987643481400255, 19.544017633746869 ], [ 74.99281868350667, 19.544017633746869 ], [ 74.990440322380579, 19.535744543353623 ], [ 74.985265284403212, 19.535744543353623 ], [ 74.987643481400255, 19.544017633746869 ] ] ] } },
{ "type": "Feature", "properties": { }, "geometry": { "type": "Polygon", "coordinates": [ [ [ 75.213752144671375, 19.788146847728683 ], [ 75.211332877946461, 19.779868956155479 ], [ 75.206152962735644, 19.779868956155479 ], [ 75.208572062842109, 19.788146847728683 ], [ 75.213752144671375, 19.788146847728683 ] ] ] } },
{ "type": "Feature", "properties": { }, "geometry": { "type": "Polygon", "coordinates": [ [ [ 75.220686021989948, 19.829538766759459 ], [ 75.225866938182889, 19.829538766759459 ], [ 75.223441517073638, 19.821260054530875 ], [ 75.218260767923027, 19.821260054530875 ], [ 75.220686021989948, 19.829538766759459 ] ] ] } },
{ "type": "Feature", "properties": { }, "geometry": { "type": "Polygon", "coordinates": [ [ [ 75.233474674469704, 19.837817643359596 ], [ 75.243836841109896, 19.837817643359596 ], [ 75.242623109901345, 19.83367818450807 ], [ 75.227080110663621, 19.83367818450807 ], [ 75.228293591149608, 19.837817643359596 ], [ 75.223112507829498, 19.837817643359596 ], [ 75.2243262127663, 19.841957143324048 ], [ 75.234688546597312, 19.841957143324048 ], [ 75.233474674469704, 19.837817643359596 ] ] ] } },
{ "type": "Feature", "properties": { }, "geometry": { "type": "Polygon", "coordinates": [ [ [ 75.230721476301142, 19.846096684411478 ], [ 75.220358975236906, 19.846096684411478 ], [ 75.221573212708677, 19.850236266631885 ], [ 75.226754546878652, 19.850236266631885 ], [ 75.227969176136114, 19.854375889995321 ], [ 75.233150593965135, 19.854375889995321 ], [ 75.230721476301142, 19.846096684411478 ] ] ] } },
{ "type": "Feature", "properties": { }, "geometry": { "type": "Polygon", "coordinates": [ [ [ 75.229184113582406, 19.858515554511804 ], [ 75.224002612073079, 19.858515554511804 ], [ 75.222787758307078, 19.854375889995321 ], [ 75.212424922649021, 19.854375889995321 ], [ 75.214854603626009, 19.862655260191364 ], [ 75.230399359258556, 19.862655260191364 ], [ 75.229184113582406, 19.858515554511804 ] ] ] } },
{ "type": "Feature", "properties": { }, "geometry": { "type": "Polygon", "coordinates": [ [ [ 75.369450812760164, 20.654105706733187 ], [ 75.364252847904595, 20.654105706733187 ], [ 75.36552629346555, 20.6582535028984 ], [ 75.36032824077887, 20.6582535028984 ], [ 75.361601914457111, 20.662401342183426 ], [ 75.377196336075798, 20.662401342183426 ], [ 75.375922398838881, 20.6582535028984 ], [ 75.370724346152215, 20.6582535028984 ], [ 75.369450812760164, 20.654105706733187 ] ] ] } },
{ "type": "Feature", "properties": { }, "geometry": { "type": "Polygon", "coordinates": [ [ [ 75.550444884233031, 20.936254587453316 ], [ 75.560852858565838, 20.936254587453316 ], [ 75.559556270423485, 20.932103879545785 ], [ 75.549148474686561, 20.932103879545785 ], [ 75.550444884233031, 20.936254587453316 ] ] ] } },
{ "type": "Feature", "properties": { }, "geometry": { "type": "Polygon", "coordinates": [ [ [ 75.270613244654626, 21.006823333093408 ], [ 75.275818753253958, 21.006823333093408 ], [ 75.273225605569607, 20.998520468935187 ], [ 75.26802027629283, 20.998520468935187 ], [ 75.270613244654626, 21.006823333093408 ] ] ] } },
{ "type": "Feature", "properties": { }, "geometry": { "type": "Polygon", "coordinates": [ [ [ 75.297938198530275, 21.010974831144466 ], [ 75.30314379682396, 21.010974831144466 ], [ 75.300549114642095, 21.002671879027094 ], [ 75.295343695715061, 21.002671879027094 ], [ 75.297938198530275, 21.010974831144466 ] ] ] } },
{ "type": "Feature", "properties": { }, "geometry": { "type": "Polygon", "coordinates": [ [ [ 75.403349688598681, 21.015126373190622 ], [ 75.413761064618868, 21.015126373190622 ], [ 75.412461360991401, 21.010974831144466 ], [ 75.402050164404017, 21.010974831144466 ], [ 75.403349688598681, 21.015126373190622 ] ] ] } },
{ "type": "Feature", "properties": { }, "geometry": { "type": "Polygon", "coordinates": [ [ [ 75.503559309489432, 21.019277959242213 ], [ 75.500956531984087, 21.010974831144466 ], [ 75.485339737103033, 21.010974831144466 ], [ 75.486640696760176, 21.015126373190622 ], [ 75.49184638477027, 21.015126373190622 ], [ 75.493147753992318, 21.019277959242213 ], [ 75.503559309489432, 21.019277959242213 ] ] ] } },
{ "type": "Feature", "properties": { }, "geometry": { "type": "Polygon", "coordinates": [ [ [ 75.529792399600353, 21.168764452119039 ], [ 75.540210445697468, 21.168764452119039 ], [ 75.538897531851731, 21.164611274969616 ], [ 75.528479666823685, 21.164611274969616 ], [ 75.529792399600353, 21.168764452119039 ] ] ] } },
{ "type": "Feature", "properties": { }, "geometry": { "type": "Polygon", "coordinates": [ [ [ 74.379622909147983, 16.608422230369417 ], [ 74.378638974445181, 16.604311967384447 ], [ 74.368395252733748, 16.604311967384447 ], [ 74.369379051925151, 16.608422230369417 ], [ 74.374500980536567, 16.608422230369417 ], [ 74.376469554280504, 16.616642857055222 ], [ 74.381591618461158, 16.616642857055222 ], [ 74.380607123809554, 16.61253252692325 ], [ 74.385729120195933, 16.61253252692325 ], [ 74.384744837759385, 16.608422230369417 ], [ 74.379622909147983, 16.608422230369417 ] ] ] } },
{ "type": "Feature", "properties": { }, "geometry": { "type": "Polygon", "coordinates": [ [ [ 74.469927688690959, 16.707078634013513 ], [ 74.459680567617568, 16.707078634013513 ], [ 74.460672261318493, 16.711189739004869 ], [ 74.465795890093489, 16.711189739004869 ], [ 74.466787933008675, 16.715300877797247 ], [ 74.471911630041319, 16.715300877797247 ], [ 74.469927688690959, 16.707078634013513 ] ] ] } },
{ "type": "Feature", "properties": { }, "geometry": { "type": "Polygon", "coordinates": [ [ [ 74.466628324718201, 16.735857079099922 ], [ 74.462656491621729, 16.719412050399946 ], [ 74.45240896100249, 16.719412050399946 ], [ 74.453401361075336, 16.723523256822265 ], [ 74.458525194681258, 16.723523256822265 ], [ 74.459517944082435, 16.727634497073499 ], [ 74.454394042160857, 16.727634497073499 ], [ 74.455387004290657, 16.731745771162945 ], [ 74.460510974547233, 16.731745771162945 ], [ 74.461504286107285, 16.735857079099922 ], [ 74.466628324718201, 16.735857079099922 ] ] ] } },
{ "type": "Feature", "properties": { }, "geometry": { "type": "Polygon", "coordinates": [ [ [ 74.447967269820339, 16.764637183170667 ], [ 74.458216305086481, 16.764637183170667 ], [ 74.4572211619531, 16.76052563804058 ], [ 74.446972263666552, 16.76052563804058 ], [ 74.447967269820339, 16.764637183170667 ] ] ] } },
{ "type": "Feature", "properties": { }, "geometry": { "type": "Polygon", "coordinates": [ [ [ 74.576462352337799, 16.871549290401386 ], [ 74.577466344241614, 16.875661754694018 ], [ 74.582592718424948, 16.875661754694018 ], [ 74.58359706188115, 16.879774253160218 ], [ 74.588723505097221, 16.879774253160218 ], [ 74.586714962677831, 16.871549290401386 ], [ 74.576462352337799, 16.871549290401386 ] ] ] } },
{ "type": "Feature", "properties": { }, "geometry": { "type": "Polygon", "coordinates": [ [ [ 74.600986340558379, 16.887999352650713 ], [ 74.590733177878775, 16.887999352650713 ], [ 74.591738438235552, 16.892111953693661 ], [ 74.601991739097187, 16.892111953693661 ], [ 74.600986340558379, 16.887999352650713 ] ] ] } },
{ "type": "Feature", "properties": { }, "geometry": { "type": "Polygon", "coordinates": [ [ [ 74.631271413058059, 17.011392303609323 ], [ 74.641528738119277, 17.011392303609323 ], [ 74.640514988147785, 17.007278706656795 ], [ 74.630257802397253, 17.007278706656795 ], [ 74.631271413058059, 17.011392303609323 ] ] ] } },
{ "type": "Feature", "properties": { }, "geometry": { "type": "Polygon", "coordinates": [ [ [ 74.631082999453795, 17.09367149632827 ], [ 74.630063989570175, 17.08955720795689 ], [ 74.619804010193292, 17.08955720795689 ], [ 74.620822879985639, 17.09367149632827 ], [ 74.631082999453795, 17.09367149632827 ] ] ] } },
{ "type": "Feature", "properties": { }, "geometry": { "type": "Polygon", "coordinates": [ [ [ 74.954128231371655, 18.094493930909628 ], [ 74.953038191658706, 18.090370940063949 ], [ 74.942743010323667, 18.090370940063949 ], [ 74.944923083039725, 18.0986169587297 ], [ 74.950070823449863, 18.0986169587297 ], [ 74.948980565842888, 18.094493930909628 ], [ 74.954128231371655, 18.094493930909628 ] ] ] } },
{ "type": "Feature", "properties": { }, "geometry": { "type": "Polygon", "coordinates": [ [ [ 74.928882416680224, 18.193456825612966 ], [ 74.926690064640411, 18.185209101043874 ], [ 74.921540747072669, 18.185209101043874 ], [ 74.920445086413338, 18.181085294542804 ], [ 74.904997359622641, 18.181085294542804 ], [ 74.906092794369442, 18.185209101043874 ], [ 74.911242111937185, 18.185209101043874 ], [ 74.912337915286699, 18.189332944730722 ], [ 74.917487308178778, 18.189332944730722 ], [ 74.91858348020709, 18.193456825612966 ], [ 74.928882416680224, 18.193456825612966 ] ] ] } },
{ "type": "Feature", "properties": { }, "geometry": { "type": "Polygon", "coordinates": [ [ [ 74.902297191959974, 18.32544071062533 ], [ 74.891993412116804, 18.32544071062533 ], [ 74.893098372874476, 18.329565824358269 ], [ 74.898250338807344, 18.329565824358269 ], [ 74.899355669932731, 18.333690975614228 ], [ 74.904507711897125, 18.333690975614228 ], [ 74.902297191959974, 18.32544071062533 ] ] ] } },
{ "type": "Feature", "properties": { }, "geometry": { "type": "Polygon", "coordinates": [ [ [ 75.036158219193723, 18.705109460305398 ], [ 75.046476155255988, 18.705109460305398 ], [ 75.045343481475513, 18.700980892331984 ], [ 75.035025701141478, 18.700980892331984 ], [ 75.036158219193723, 18.705109460305398 ] ] ] } },
{ "type": "Feature", "properties": { }, "geometry": { "type": "Polygon", "coordinates": [ [ [ 75.288507223053472, 19.74262047106777 ], [ 75.293341574822762, 19.759174944069208 ], [ 75.298521073857955, 19.759174944069208 ], [ 75.294894599276049, 19.746759027969187 ], [ 75.305253098443643, 19.746759027969187 ], [ 75.304044722480384, 19.74262047106777 ], [ 75.298865556004756, 19.74262047106777 ], [ 75.297657570659837, 19.738481955048986 ], [ 75.292478487271211, 19.738481955048986 ], [ 75.2936863895291, 19.74262047106777 ], [ 75.288507223053472, 19.74262047106777 ] ] ] } },
{ "type": "Feature", "properties": { }, "geometry": { "type": "Polygon", "coordinates": [ [ [ 75.289031606108651, 19.779868956155479 ], [ 75.294211521319454, 19.779868956155479 ], [ 75.291790819952283, 19.771591228472989 ], [ 75.286611071275217, 19.771591228472989 ], [ 75.289031606108651, 19.779868956155479 ] ] ] } },
{ "type": "Feature", "properties": { }, "geometry": { "type": "Polygon", "coordinates": [ [ [ 75.223774784439499, 19.804703122867654 ], [ 75.226197909687798, 19.812981506593665 ], [ 75.231378491880903, 19.812981506593665 ], [ 75.230166691919209, 19.808842294209267 ], [ 75.235347190665379, 19.808842294209267 ], [ 75.234135615080305, 19.804703122867654 ], [ 75.223774784439499, 19.804703122867654 ] ] ] } },
{ "type": "Feature", "properties": { }, "geometry": { "type": "Polygon", "coordinates": [ [ [ 75.236228770568772, 19.829538766759459 ], [ 75.251771519147567, 19.829538766759459 ], [ 75.250558236972395, 19.82539939010373 ], [ 75.245377404311228, 19.82539939010373 ], [ 75.244164513676097, 19.821260054530875 ], [ 75.238983764525486, 19.821260054530875 ], [ 75.240196571650046, 19.82539939010373 ], [ 75.235015738988892, 19.82539939010373 ], [ 75.236228770568772, 19.829538766759459 ] ] ] } },
{ "type": "Feature", "properties": { }, "geometry": { "type": "Polygon", "coordinates": [ [ [ 75.347458507511845, 19.837817643359596 ], [ 75.352639590831942, 19.837817643359596 ], [ 75.350208926813352, 19.829538766759459 ], [ 75.345028010620396, 19.829538766759459 ], [ 75.347458507511845, 19.837817643359596 ] ] ] } },
{ "type": "Feature", "properties": { }, "geometry": { "type": "Polygon", "coordinates": [ [ [ 75.347141786203835, 19.854375889995321 ], [ 75.336778950545778, 19.854375889995321 ], [ 75.337995645278241, 19.858515554511804 ], [ 75.34835864829688, 19.858515554511804 ], [ 75.347141786203835, 19.854375889995321 ] ] ] } },
{ "type": "Feature", "properties": { }, "geometry": { "type": "Polygon", "coordinates": [ [ [ 75.380053326731826, 19.895774388702829 ], [ 75.377613680820417, 19.887494359255296 ], [ 75.372431592954442, 19.887494359255296 ], [ 75.374871071144184, 19.895774388702829 ], [ 75.380053326731826, 19.895774388702829 ] ] ] } },
{ "type": "Feature", "properties": { }, "geometry": { "type": "Polygon", "coordinates": [ [ [ 75.384936328964059, 19.912334942719113 ], [ 75.390118920250131, 19.912334942719113 ], [ 75.387676632730802, 19.90405458316399 ], [ 75.382494209336457, 19.90405458316399 ], [ 75.384936328964059, 19.912334942719113 ] ] ] } },
{ "type": "Feature", "properties": { }, "geometry": { "type": "Polygon", "coordinates": [ [ [ 75.357802577853903, 19.908194742299777 ], [ 75.368167592513046, 19.908194742299777 ], [ 75.366946939153451, 19.90405458316399 ], [ 75.356582092364775, 19.90405458316399 ], [ 75.357802577853903, 19.908194742299777 ] ] ] } },
{ "type": "Feature", "properties": { }, "geometry": { "type": "Polygon", "coordinates": [ [ [ 75.66242029175659, 20.861548537898681 ], [ 75.652015525424289, 20.861548537898681 ], [ 75.653308647064307, 20.865698502631528 ], [ 75.663713591245511, 20.865698502631528 ], [ 75.66242029175659, 20.861548537898681 ] ] ] } },
{ "type": "Feature", "properties": { }, "geometry": { "type": "Polygon", "coordinates": [ [ [ 75.64544397207581, 20.907200551512116 ], [ 75.655850697161057, 20.907200551512116 ], [ 75.654554560633883, 20.90305014997876 ], [ 75.644148013836741, 20.90305014997876 ], [ 75.64544397207581, 20.907200551512116 ] ] ] } },
{ "type": "Feature", "properties": { }, "geometry": { "type": "Polygon", "coordinates": [ [ [ 75.588150905400283, 20.973612931266963 ], [ 75.582946113562258, 20.973612931266963 ], [ 75.586846962621365, 20.98606650240243 ], [ 75.581641902163113, 20.98606650240243 ], [ 75.582942735488174, 20.990217780633202 ], [ 75.58814788553056, 20.990217780633202 ], [ 75.589449128459407, 20.99436910280733 ], [ 75.594654368107953, 20.99436910280733 ], [ 75.59335303557296, 20.990217780633202 ], [ 75.603763335657732, 20.990217780633202 ], [ 75.601161272375307, 20.981915268104693 ], [ 75.606366243271466, 20.981915268104693 ], [ 75.605065602106436, 20.977764077729653 ], [ 75.610270483462514, 20.977764077729653 ], [ 75.608970072752427, 20.973612931266963 ], [ 75.598560489076363, 20.973612931266963 ], [ 75.597260577308376, 20.969461828706287 ], [ 75.592055874966363, 20.969461828706287 ], [ 75.597257083537869, 20.98606650240243 ], [ 75.592052023079617, 20.98606650240243 ], [ 75.588150905400283, 20.973612931266963 ] ] ] } },
{ "type": "Feature", "properties": { }, "geometry": { "type": "Polygon", "coordinates": [ [ [ 75.644228120641344, 17.567048286591064 ], [ 75.646357985671003, 17.575285067923279 ], [ 75.651496376220095, 17.575285067923279 ], [ 75.649366366516205, 17.567048286591064 ], [ 75.644228120641344, 17.567048286591064 ] ] ] } },
{ "type": "Feature", "properties": { }, "geometry": { "type": "Polygon", "coordinates": [ [ [ 75.787715429535425, 17.723571673842631 ], [ 75.777433413034117, 17.723571673842631 ], [ 75.778510618263894, 17.727691412293879 ], [ 75.773369536931838, 17.727691412293879 ], [ 75.77444696228001, 17.731811186869038 ], [ 75.784729271146702, 17.731811186869038 ], [ 75.783651699595936, 17.727691412293879 ], [ 75.788792780928006, 17.727691412293879 ], [ 75.787715429535425, 17.723571673842631 ] ] ] } },
{ "type": "Feature", "properties": { }, "geometry": { "type": "Polygon", "coordinates": [ [ [ 75.81906910417068, 17.764770685072879 ], [ 75.817988819142712, 17.760650621163858 ], [ 75.812847152443098, 17.760650621163858 ], [ 75.811767234274541, 17.75653059345489 ], [ 75.80662564081554, 17.75653059345489 ], [ 75.808785624250419, 17.764770685072879 ], [ 75.81906910417068, 17.764770685072879 ] ] ] } },
{ "type": "Feature", "properties": { }, "geometry": { "type": "Polygon", "coordinates": [ [ [ 75.795521122518437, 17.773010921529178 ], [ 75.821230555223096, 17.773010921529178 ], [ 75.82014968285246, 17.768890785191484 ], [ 75.794440616649581, 17.768890785191484 ], [ 75.795521122518437, 17.773010921529178 ] ] ] } },
{ "type": "Feature", "properties": { }, "geometry": { "type": "Polygon", "coordinates": [ [ [ 75.67967528221368, 17.801852890828009 ], [ 75.678594482794423, 17.797732500689882 ], [ 75.683736809555853, 17.797732500689882 ], [ 75.68265623007305, 17.793612146837543 ], [ 75.672371723389986, 17.793612146837543 ], [ 75.674532882012414, 17.801852890828009 ], [ 75.67967528221368, 17.801852890828009 ] ] ] } },
{ "type": "Feature", "properties": { }, "geometry": { "type": "Polygon", "coordinates": [ [ [ 75.011836442535795, 17.86366310367794 ], [ 75.016979946728299, 17.86366310367794 ], [ 75.014829297147273, 17.855421268968385 ], [ 75.00968594041305, 17.855421268968385 ], [ 75.011836442535795, 17.86366310367794 ] ] ] } },
{ "type": "Feature", "properties": { }, "geometry": { "type": "Polygon", "coordinates": [ [ [ 75.047248967342867, 17.900753164674263 ], [ 75.052393136086522, 17.900753164674263 ], [ 75.05023650212668, 17.892510673472067 ], [ 75.045092481200967, 17.892510673472067 ], [ 75.047248967342867, 17.900753164674263 ] ] ] } },
{ "type": "Feature", "properties": { }, "geometry": { "type": "Polygon", "coordinates": [ [ [ 75.220868316798402, 18.03265294516336 ], [ 75.215721772078524, 18.03265294516336 ], [ 75.217902009252242, 18.040897930426297 ], [ 75.223048703152202, 18.040897930426297 ], [ 75.220868316798402, 18.03265294516336 ] ] ] } },
{ "type": "Feature", "properties": { }, "geometry": { "type": "Polygon", "coordinates": [ [ [ 75.093292880786748, 18.03677541937477 ], [ 75.10358611938652, 18.03677541937477 ], [ 75.102497788241209, 18.03265294516336 ], [ 75.092204698801453, 18.03265294516336 ], [ 75.093292880786748, 18.03677541937477 ] ] ] } },
{ "type": "Feature", "properties": { }, "geometry": { "type": "Polygon", "coordinates": [ [ [ 75.431006008757691, 18.10686312533144 ], [ 75.433202514853733, 18.115109439945954 ], [ 75.443498595127096, 18.115109439945954 ], [ 75.442400044771247, 18.110986264132293 ], [ 75.437252079596362, 18.110986264132293 ], [ 75.436153898990867, 18.10686312533144 ], [ 75.431006008757691, 18.10686312533144 ] ] ] } },
{ "type": "Feature", "properties": { }, "geometry": { "type": "Polygon", "coordinates": [ [ [ 75.717252979877159, 18.271817642301439 ], [ 75.722403883493527, 18.271817642301439 ], [ 75.720177654103338, 18.263568500832395 ], [ 75.715026901922911, 18.263568500832395 ], [ 75.717252979877159, 18.271817642301439 ] ] ] } },
{ "type": "Feature", "properties": { }, "geometry": { "type": "Polygon", "coordinates": [ [ [ 75.967617857144646, 18.32131563440575 ], [ 75.95731422928354, 18.32131563440575 ], [ 75.958434625885175, 18.32544071062533 ], [ 75.968738405728345, 18.32544071062533 ], [ 75.967617857144646, 18.32131563440575 ] ] ] } },
{ "type": "Feature", "properties": { }, "geometry": { "type": "Polygon", "coordinates": [ [ [ 75.051772426352244, 18.383195720995662 ], [ 75.05288364737531, 18.387321360929601 ], [ 75.063189711811134, 18.387321360929601 ], [ 75.062078338198106, 18.383195720995662 ], [ 75.051772426352244, 18.383195720995662 ] ] ] } },
{ "type": "Feature", "properties": { }, "geometry": { "type": "Polygon", "coordinates": [ [ [ 75.378175370536354, 19.552290885755351 ], [ 75.388526103175394, 19.552290885755351 ], [ 75.387329920283335, 19.548154239544221 ], [ 75.376979351878418, 19.548154239544221 ], [ 75.378175370536354, 19.552290885755351 ] ] ] } },
{ "type": "Feature", "properties": { }, "geometry": { "type": "Polygon", "coordinates": [ [ [ 75.787513508891095, 19.589522521916994 ], [ 75.797865721530101, 19.589522521916994 ], [ 75.796660443420066, 19.585385511534085 ], [ 75.786308395393817, 19.585385511534085 ], [ 75.787513508891095, 19.589522521916994 ] ] ] } },
{ "type": "Feature", "properties": { }, "geometry": { "type": "Polygon", "coordinates": [ [ [ 75.962782074582833, 19.83367818450807 ], [ 75.973144074074654, 19.83367818450807 ], [ 75.971918869965592, 19.829538766759459 ], [ 75.961557037579709, 19.829538766759459 ], [ 75.962782074582833, 19.83367818450807 ] ] ] } },
{ "type": "Feature", "properties": { }, "geometry": { "type": "Polygon", "coordinates": [ [ [ 75.840885075710858, 19.841957143324048 ], [ 75.830522741879847, 19.841957143324048 ], [ 75.831746538027275, 19.846096684411478 ], [ 75.842109039091525, 19.846096684411478 ], [ 75.840885075710858, 19.841957143324048 ] ] ] } },
{ "type": "Feature", "properties": { }, "geometry": { "type": "Polygon", "coordinates": [ [ [ 75.844557897790807, 19.854375889995321 ], [ 75.849739315619843, 19.854375889995321 ], [ 75.847290289623629, 19.846096684411478 ], [ 75.842109039091525, 19.846096684411478 ], [ 75.843333313104409, 19.850236266631885 ], [ 75.832970644764472, 19.850236266631885 ], [ 75.83419506213275, 19.854375889995321 ], [ 75.839376479961771, 19.854375889995321 ], [ 75.840601291682717, 19.858515554511804 ], [ 75.845782793192043, 19.858515554511804 ], [ 75.844557897790807, 19.854375889995321 ] ] ] } },
{ "type": "Feature", "properties": { }, "geometry": { "type": "Polygon", "coordinates": [ [ [ 75.8601021512779, 19.854375889995321 ], [ 75.857652790687879, 19.846096684411478 ], [ 75.852471540155761, 19.846096684411478 ], [ 75.854920733448878, 19.854375889995321 ], [ 75.8601021512779, 19.854375889995321 ] ] ] } },
{ "type": "Feature", "properties": { }, "geometry": { "type": "Polygon", "coordinates": [ [ [ 75.493138768217293, 19.875074624308862 ], [ 75.491918409344095, 19.870934795079865 ], [ 75.476373151311293, 19.870934795079865 ], [ 75.477593258888817, 19.875074624308862 ], [ 75.482775095331633, 19.875074624308862 ], [ 75.483995596087894, 19.879214494741085 ], [ 75.489177516317184, 19.879214494741085 ], [ 75.487956931774463, 19.875074624308862 ], [ 75.493138768217293, 19.875074624308862 ] ] ] } },
{ "type": "Feature", "properties": { }, "geometry": { "type": "Polygon", "coordinates": [ [ [ 75.663104773907477, 20.322420816216699 ], [ 75.665614963567535, 20.330709617887308 ], [ 75.670806144495074, 20.330709617887308 ], [ 75.668295782618756, 20.322420816216699 ], [ 75.663104773907477, 20.322420816216699 ] ] ] } },
{ "type": "Feature", "properties": { }, "geometry": { "type": "Polygon", "coordinates": [ [ [ 76.624734874455825, 20.678993130726628 ], [ 76.622142757032321, 20.670697150153909 ], [ 76.616944440721568, 20.670697150153909 ], [ 76.619536382286711, 20.678993130726628 ], [ 76.624734874455825, 20.678993130726628 ] ] ] } },
{ "type": "Feature", "properties": { }, "geometry": { "type": "Polygon", "coordinates": [ [ [ 76.531124060611205, 20.72877264340438 ], [ 76.536323609763343, 20.72877264340438 ], [ 76.537622246952324, 20.732921217295146 ], [ 76.542821884328305, 20.732921217295146 ], [ 76.540224755067158, 20.724624112807799 ], [ 76.529825833166839, 20.724624112807799 ], [ 76.531124060611205, 20.72877264340438 ] ] ] } },
{ "type": "Feature", "properties": { }, "geometry": { "type": "Polygon", "coordinates": [ [ [ 76.544120931350164, 20.737069834490367 ], [ 76.538921205728499, 20.737069834490367 ], [ 76.537622246952324, 20.732921217295146 ], [ 76.532422609576344, 20.732921217295146 ], [ 76.531124060611205, 20.72877264340438 ], [ 76.525924511459053, 20.72877264340438 ], [ 76.528521754485183, 20.737069834490367 ], [ 76.533721480106848, 20.737069834490367 ], [ 76.536320186042559, 20.745367198835272 ], [ 76.54152008822112, 20.745367198835272 ], [ 76.540220486136548, 20.741218495000325 ], [ 76.545420300025754, 20.741218495000325 ], [ 76.544120931350164, 20.737069834490367 ] ] ] } },
{ "type": "Feature", "properties": { }, "geometry": { "type": "Polygon", "coordinates": [ [ [ 75.808086831311655, 21.010974831144466 ], [ 75.818498027899011, 21.010974831144466 ], [ 75.817191647584721, 21.006823333093408 ], [ 75.806780630386072, 21.006823333093408 ], [ 75.808086831311655, 21.010974831144466 ] ] ] } },
{ "type": "Feature", "properties": { }, "geometry": { "type": "Polygon", "coordinates": [ [ [ 75.848476593116132, 21.040036549944102 ], [ 75.838064139572523, 21.040036549944102 ], [ 75.839373270436738, 21.044188400245723 ], [ 75.844579587079423, 21.044188400245723 ], [ 75.845889129435321, 21.048340294625266 ], [ 75.851095535970941, 21.048340294625266 ], [ 75.848476593116132, 21.040036549944102 ] ] ] } },
{ "type": "Feature", "properties": { }, "geometry": { "type": "Polygon", "coordinates": [ [ [ 75.817269660864469, 21.056644215659521 ], [ 75.822476247252197, 21.056644215659521 ], [ 75.819857096757289, 21.048340294625266 ], [ 75.814650690221683, 21.048340294625266 ], [ 75.817269660864469, 21.056644215659521 ] ] ] } },
{ "type": "Feature", "properties": { }, "geometry": { "type": "Polygon", "coordinates": [ [ [ 76.345263766359466, 17.377641634522178 ], [ 76.334993885978193, 17.377641634522178 ], [ 76.336055582921759, 17.38175837244146 ], [ 76.346325606140539, 17.38175837244146 ], [ 76.345263766359466, 17.377641634522178 ] ] ] } },
{ "type": "Feature", "properties": { }, "geometry": { "type": "Polygon", "coordinates": [ [ [ 76.061078606960251, 17.529984539300955 ], [ 76.058943179951157, 17.521748543608137 ], [ 76.053805728369241, 17.521748543608137 ], [ 76.05594101113951, 17.529984539300955 ], [ 76.061078606960251, 17.529984539300955 ] ] ] } },
{ "type": "Feature", "properties": { }, "geometry": { "type": "Polygon", "coordinates": [ [ [ 76.039460652285285, 17.525866523625158 ], [ 76.040528223677271, 17.529984539300955 ], [ 76.035390627856529, 17.529984539300955 ], [ 76.036458419864132, 17.534102590645002 ], [ 76.0467337558038, 17.534102590645002 ], [ 76.044598175976716, 17.525866523625158 ], [ 76.039460652285285, 17.525866523625158 ] ] ] } },
{ "type": "Feature", "properties": { }, "geometry": { "type": "Polygon", "coordinates": [ [ [ 75.98528345315043, 17.554693382720487 ], [ 75.986352207405886, 17.558811648272954 ], [ 75.991490308685741, 17.558811648272954 ], [ 75.988284707343354, 17.546456958781349 ], [ 75.972871053736, 17.546456958781349 ], [ 75.975007395126369, 17.554693382720487 ], [ 75.98528345315043, 17.554693382720487 ] ] ] } },
{ "type": "Feature", "properties": { }, "geometry": { "type": "Polygon", "coordinates": [ [ [ 76.000697540186522, 17.554693382720487 ], [ 75.995559511174491, 17.554693382720487 ], [ 75.998767086007277, 17.567048286591064 ], [ 76.009043577757012, 17.567048286591064 ], [ 76.006904612525275, 17.558811648272954 ], [ 76.001766511245435, 17.558811648272954 ], [ 76.000697540186522, 17.554693382720487 ] ] ] } },
{ "type": "Feature", "properties": { }, "geometry": { "type": "Polygon", "coordinates": [ [ [ 75.899634919365397, 17.620589925017281 ], [ 75.904774107039373, 17.620589925017281 ], [ 75.902630858550822, 17.612352355751497 ], [ 75.897491815987038, 17.612352355751497 ], [ 75.899634919365397, 17.620589925017281 ] ] ] } },
{ "type": "Feature", "properties": { }, "geometry": { "type": "Polygon", "coordinates": [ [ [ 75.924482553625083, 17.637065494146754 ], [ 75.929622031757432, 17.637065494146754 ], [ 75.927475858626593, 17.628827637790387 ], [ 75.922336525763114, 17.628827637790387 ], [ 75.924482553625083, 17.637065494146754 ] ] ] } },
{ "type": "Feature", "properties": { }, "geometry": { "type": "Polygon", "coordinates": [ [ [ 75.930927672949338, 17.661779925474963 ], [ 75.925787758534128, 17.661779925474963 ], [ 75.929014059110102, 17.674137626629953 ], [ 75.939294324759402, 17.674137626629953 ], [ 75.937142873111938, 17.665899123208838 ], [ 75.932002885913448, 17.665899123208838 ], [ 75.930927672949338, 17.661779925474963 ] ] ] } },
{ "type": "Feature", "properties": { }, "geometry": { "type": "Polygon", "coordinates": [ [ [ 75.894108639721466, 17.678256932336193 ], [ 75.888968434053979, 17.678256932336193 ], [ 75.887892996512946, 17.674137626629953 ], [ 75.882752863688296, 17.674137626629953 ], [ 75.884903886343196, 17.682376274052235 ], [ 75.895184443403693, 17.682376274052235 ], [ 75.894108639721466, 17.678256932336193 ] ] ] } },
{ "type": "Feature", "properties": { }, "geometry": { "type": "Polygon", "coordinates": [ [ [ 75.891120189006188, 17.686495651787567 ], [ 75.892196506487039, 17.6906150655517 ], [ 75.897336930802339, 17.6906150655517 ], [ 75.898413614588506, 17.694734515354149 ], [ 75.903554111826168, 17.694734515354149 ], [ 75.901400891831884, 17.686495651787567 ], [ 75.891120189006188, 17.686495651787567 ] ] ] } },
{ "type": "Feature", "properties": { }, "geometry": { "type": "Polygon", "coordinates": [ [ [ 76.37293478544953, 17.991430227147863 ], [ 76.369624797377284, 17.979064128506529 ], [ 76.364479220371976, 17.979064128506529 ], [ 76.365582177946706, 17.98318612466818 ], [ 76.360436526622124, 17.98318612466818 ], [ 76.362643185402973, 17.991430227147863 ], [ 76.37293478544953, 17.991430227147863 ] ] ] } },
{ "type": "Feature", "properties": { }, "geometry": { "type": "Polygon", "coordinates": [ [ [ 76.062340034709962, 18.003796656401924 ], [ 76.065641753060959, 18.016163416527259 ], [ 76.070787999661476, 18.016163416527259 ], [ 76.067486057931632, 18.003796656401924 ], [ 76.062340034709962, 18.003796656401924 ] ] ] } },
{ "type": "Feature", "properties": { }, "geometry": { "type": "Polygon", "coordinates": [ [ [ 76.182204727189273, 18.086247986183075 ], [ 76.192499758842018, 18.086247986183075 ], [ 76.191392272701378, 18.082125069257398 ], [ 76.181097390690724, 18.082125069257398 ], [ 76.182204727189273, 18.086247986183075 ] ] ] } },
{ "type": "Feature", "properties": { }, "geometry": { "type": "Polygon", "coordinates": [ [ [ 76.037549551887068, 18.218200892548545 ], [ 76.047849393341323, 18.218200892548545 ], [ 76.046735008947948, 18.214076788291866 ], [ 76.036435318424751, 18.214076788291866 ], [ 76.037549551887068, 18.218200892548545 ] ] ] } },
{ "type": "Feature", "properties": { }, "geometry": { "type": "Polygon", "coordinates": [ [ [ 76.47863653226149, 18.362568085861387 ], [ 76.482030213880421, 18.374944554063863 ], [ 76.476877410486608, 18.374944554063863 ], [ 76.478009163267728, 18.379070118710306 ], [ 76.488314922564214, 18.379070118710306 ], [ 76.483789107013706, 18.362568085861387 ], [ 76.47863653226149, 18.362568085861387 ] ] ] } },
{ "type": "Feature", "properties": { }, "geometry": { "type": "Polygon", "coordinates": [ [ [ 76.533455436782603, 18.412075991694675 ], [ 76.543762417610154, 18.412075991694675 ], [ 76.542627415555799, 18.407950125666261 ], [ 76.532320587561657, 18.407950125666261 ], [ 76.533455436782603, 18.412075991694675 ] ] ] } },
{ "type": "Feature", "properties": { }, "geometry": { "type": "Polygon", "coordinates": [ [ [ 76.528301946368842, 18.412075991694675 ], [ 76.530572396262158, 18.42032783690993 ], [ 76.535726039570235, 18.42032783690993 ], [ 76.533455436782603, 18.412075991694675 ], [ 76.528301946368842, 18.412075991694675 ] ] ] } },
{ "type": "Feature", "properties": { }, "geometry": { "type": "Polygon", "coordinates": [ [ [ 76.507075070699003, 18.428579833067587 ], [ 76.512228866982596, 18.428579833067587 ], [ 76.509957823029865, 18.42032783690993 ], [ 76.504804179721802, 18.42032783690993 ], [ 76.507075070699003, 18.428579833067587 ] ] ] } },
{ "type": "Feature", "properties": { }, "geometry": { "type": "Polygon", "coordinates": [ [ [ 76.54792920031899, 18.907456528789339 ], [ 76.54909890402584, 18.911587028986123 ], [ 76.543936016625722, 18.911587028986123 ], [ 76.545105946962622, 18.915717568076623 ], [ 76.555431879586422, 18.915717568076623 ], [ 76.553092008827932, 18.907456528789339 ], [ 76.54792920031899, 18.907456528789339 ] ] ] } },
{ "type": "Feature", "properties": { }, "geometry": { "type": "Polygon", "coordinates": [ [ [ 76.607757155802545, 18.936370847277605 ], [ 76.61292051698257, 18.936370847277605 ], [ 76.610576009539344, 18.928109418808337 ], [ 76.60541280636842, 18.928109418808337 ], [ 76.607757155802545, 18.936370847277605 ] ] ] } },
{ "type": "Feature", "properties": { }, "geometry": { "type": "Polygon", "coordinates": [ [ [ 76.59275790576983, 19.01073072435771 ], [ 76.591580620176927, 19.006599288007152 ], [ 76.581251204996647, 19.006599288007152 ], [ 76.582428331816601, 19.01073072435771 ], [ 76.59275790576983, 19.01073072435771 ] ] ] } },
{ "type": "Feature", "properties": { }, "geometry": { "type": "Polygon", "coordinates": [ [ [ 76.743080642715157, 19.246287579898837 ], [ 76.753419335226525, 19.246287579898837 ], [ 76.752223063992062, 19.242153897498699 ], [ 76.741884532618542, 19.242153897498699 ], [ 76.743080642715157, 19.246287579898837 ] ] ] } },
{ "type": "Feature", "properties": { }, "geometry": { "type": "Polygon", "coordinates": [ [ [ 76.77251876831869, 19.258688865279687 ], [ 76.782857944493486, 19.258688865279687 ], [ 76.781660342498867, 19.254555063779449 ], [ 76.771321327586861, 19.254555063779449 ], [ 76.77251876831869, 19.258688865279687 ] ] ] } },
{ "type": "Feature", "properties": { }, "geometry": { "type": "Polygon", "coordinates": [ [ [ 76.80990419957125, 19.262822706499705 ], [ 76.815073868310876, 19.262822706499705 ], [ 76.813875473017859, 19.258688865279687 ], [ 76.803536296843063, 19.258688865279687 ], [ 76.807131927373632, 19.271090508138602 ], [ 76.812301757480213, 19.271090508138602 ], [ 76.80990419957125, 19.262822706499705 ] ] ] } },
{ "type": "Feature", "properties": { }, "geometry": { "type": "Polygon", "coordinates": [ [ [ 76.503728562067394, 19.31243190287973 ], [ 76.501334839377577, 19.304163305461707 ], [ 76.496164362969438, 19.304163305461707 ], [ 76.498557923875325, 19.31243190287973 ], [ 76.503728562067394, 19.31243190287973 ] ] ] } },
{ "type": "Feature", "properties": { }, "geometry": { "type": "Polygon", "coordinates": [ [ [ 76.423566423587076, 19.428209039038549 ], [ 76.433912247467688, 19.428209039038549 ], [ 76.432708202335789, 19.424073600916181 ], [ 76.422362541430488, 19.424073600916181 ], [ 76.423566423587076, 19.428209039038549 ] ] ] } },
{ "type": "Feature", "properties": { }, "geometry": { "type": "Polygon", "coordinates": [ [ [ 76.422006769966671, 19.440615594199137 ], [ 76.432353083024452, 19.440615594199137 ], [ 76.431148191057758, 19.436480035670108 ], [ 76.420802041100913, 19.436480035670108 ], [ 76.422006769966671, 19.440615594199137 ] ] ] } },
{ "type": "Feature", "properties": { }, "geometry": { "type": "Polygon", "coordinates": [ [ [ 77.062712146318347, 20.683141185764459 ], [ 77.067910726449384, 20.683141185764459 ], [ 77.06921506741034, 20.687289283983606 ], [ 77.074413735525084, 20.687289283983606 ], [ 77.07310930658042, 20.683141185764459 ], [ 77.078307886711443, 20.683141185764459 ], [ 77.075699822969597, 20.674845118859864 ], [ 77.060104610282494, 20.674845118859864 ], [ 77.062712146318347, 20.683141185764459 ] ] ] } },
{ "type": "Feature", "properties": { }, "geometry": { "type": "Polygon", "coordinates": [ [ [ 76.709274714213095, 20.799304295939837 ], [ 76.711888396248355, 20.807602962347037 ], [ 76.722290854535984, 20.807602962347037 ], [ 76.719676818074333, 20.799304295939837 ], [ 76.709274714213095, 20.799304295939837 ] ] ] } },
{ "type": "Feature", "properties": { }, "geometry": { "type": "Polygon", "coordinates": [ [ [ 76.778645791437739, 17.834817319365374 ], [ 76.776448588095732, 17.826575994192162 ], [ 76.76616290557763, 17.826575994192162 ], [ 76.767261211156196, 17.830696638597736 ], [ 76.772404125994683, 17.830696638597736 ], [ 76.773502802999872, 17.834817319365374 ], [ 76.778645791437739, 17.834817319365374 ] ] ] } },
{ "type": "Feature", "properties": { }, "geometry": { "type": "Polygon", "coordinates": [ [ [ 77.097473160150486, 18.42032783690993 ], [ 77.094042713241379, 18.407950125666261 ], [ 77.088889299244315, 18.407950125666261 ], [ 77.091175807323054, 18.41620189543934 ], [ 77.086022240472289, 18.41620189543934 ], [ 77.087165873534346, 18.42032783690993 ], [ 77.097473160150486, 18.42032783690993 ] ] ] } },
{ "type": "Feature", "properties": { }, "geometry": { "type": "Polygon", "coordinates": [ [ [ 77.324971629513399, 19.114029375584135 ], [ 77.326167767586398, 19.118161832481615 ], [ 77.346835200738681, 19.118161832481615 ], [ 77.345638742966614, 19.114029375584135 ], [ 77.324971629513399, 19.114029375584135 ] ] ] } },
{ "type": "Feature", "properties": { }, "geometry": { "type": "Polygon", "coordinates": [ [ [ 77.318306808153608, 19.180153417603972 ], [ 77.32347486780337, 19.180153417603972 ], [ 77.324675655686164, 19.184286505835999 ], [ 77.329843795592836, 19.184286505835999 ], [ 77.327442370227786, 19.176020368904233 ], [ 77.317106411400516, 19.176020368904233 ], [ 77.318306808153608, 19.180153417603972 ] ] ] } },
{ "type": "Feature", "properties": { }, "geometry": { "type": "Polygon", "coordinates": [ [ [ 77.888366874536175, 20.065551472450846 ], [ 77.898738299838044, 20.065551472450846 ], [ 77.897465273527104, 20.061409737469845 ], [ 77.887094017715739, 20.061409737469845 ], [ 77.888366874536175, 20.065551472450846 ] ] ] } },
{ "type": "Feature", "properties": { }, "geometry": { "type": "Polygon", "coordinates": [ [ [ 78.08469853332916, 20.380445985116083 ], [ 78.082100821318079, 20.372156166694626 ], [ 78.076908778015337, 20.372156166694626 ], [ 78.082105155426376, 20.388735973280674 ], [ 78.092489933140598, 20.388735973280674 ], [ 78.089890749365907, 20.380445985116083 ], [ 78.08469853332916, 20.380445985116083 ] ] ] } },
{ "type": "Feature", "properties": { }, "geometry": { "type": "Polygon", "coordinates": [ [ [ 78.501278800352353, 20.662401342183426 ], [ 78.498625655811907, 20.654105706733187 ], [ 78.483031761245201, 20.654105706733187 ], [ 78.487011181092214, 20.666549224598512 ], [ 78.497407637920716, 20.666549224598512 ], [ 78.49608065981279, 20.662401342183426 ], [ 78.501278800352353, 20.662401342183426 ] ] ] } },
{ "type": "Feature", "properties": { }, "geometry": { "type": "Polygon", "coordinates": [ [ [ 78.645742836200426, 20.691437425394327 ], [ 78.630146567839617, 20.691437425394327 ], [ 78.631477963824224, 20.69558561000688 ], [ 78.636676807971838, 20.69558561000688 ], [ 78.638008622028906, 20.699733837831523 ], [ 78.643207554225683, 20.699733837831523 ], [ 78.641875652119452, 20.69558561000688 ], [ 78.647074496267066, 20.69558561000688 ], [ 78.645742836200426, 20.691437425394327 ] ] ] } },
{ "type": "Feature", "properties": { }, "geometry": { "type": "Polygon", "coordinates": [ [ [ 78.625075915379583, 20.708030423158107 ], [ 78.623743705373514, 20.703882108878506 ], [ 78.628942725641281, 20.703882108878506 ], [ 78.627610757635352, 20.699733837831523 ], [ 78.617212893241785, 20.699733837831523 ], [ 78.619876807019011, 20.708030423158107 ], [ 78.614677698658426, 20.708030423158107 ], [ 78.616010062552064, 20.712178780680574 ], [ 78.631607651977745, 20.712178780680574 ], [ 78.630275023740168, 20.708030423158107 ], [ 78.625075915379583, 20.708030423158107 ] ] ] } },
{ "type": "Feature", "properties": { }, "geometry": { "type": "Polygon", "coordinates": [ [ [ 78.579615687225498, 20.712178780680574 ], [ 78.569217294275063, 20.712178780680574 ], [ 78.570549195059385, 20.716327181456172 ], [ 78.580947764282769, 20.716327181456172 ], [ 78.579615687225498, 20.712178780680574 ] ] ] } },
{ "type": "Feature", "properties": { }, "geometry": { "type": "Polygon", "coordinates": [ [ [ 78.640945297370351, 20.741218495000325 ], [ 78.646145111259543, 20.741218495000325 ], [ 78.64214101638261, 20.72877264340438 ], [ 78.631741918078319, 20.72877264340438 ], [ 78.633076109472327, 20.732921217295146 ], [ 78.627876472096347, 20.732921217295146 ], [ 78.630545669591967, 20.741218495000325 ], [ 78.635745483481159, 20.741218495000325 ], [ 78.634410631257978, 20.737069834490367 ], [ 78.639610356879629, 20.737069834490367 ], [ 78.640945297370351, 20.741218495000325 ] ] ] } },
{ "type": "Feature", "properties": { }, "geometry": { "type": "Polygon", "coordinates": [ [ [ 78.611081155294869, 20.745367198835272 ], [ 78.621480959652018, 20.745367198835272 ], [ 78.620146041813584, 20.741218495000325 ], [ 78.609746414035186, 20.741218495000325 ], [ 78.611081155294869, 20.745367198835272 ] ] ] } },
{ "type": "Feature", "properties": { }, "geometry": { "type": "Polygon", "coordinates": [ [ [ 78.587893949035646, 20.770260332245286 ], [ 78.593094381409628, 20.770260332245286 ], [ 78.590422147218945, 20.761962447630541 ], [ 78.585221891664233, 20.761962447630541 ], [ 78.587893949035646, 20.770260332245286 ] ] ] } },
{ "type": "Feature", "properties": { }, "geometry": { "type": "Polygon", "coordinates": [ [ [ 78.489521180732623, 20.820051288154712 ], [ 78.499924170988379, 20.820051288154712 ], [ 78.498585780900285, 20.81590180271218 ], [ 78.48818296801106, 20.81590180271218 ], [ 78.489521180732623, 20.820051288154712 ] ] ] } },
{ "type": "Feature", "properties": { }, "geometry": { "type": "Polygon", "coordinates": [ [ [ 78.492198598126237, 20.828350389611138 ], [ 78.489521180732623, 20.820051288154712 ], [ 78.484319685604731, 20.820051288154712 ], [ 78.486996925566089, 20.828350389611138 ], [ 78.492198598126237, 20.828350389611138 ] ] ] } },
{ "type": "Feature", "properties": { }, "geometry": { "type": "Polygon", "coordinates": [ [ [ 77.708071845208067, 20.832500005645631 ], [ 77.710724434971496, 20.840799368378647 ], [ 77.715926373844439, 20.840799368378647 ], [ 77.71327360651722, 20.832500005645631 ], [ 77.708071845208067, 20.832500005645631 ] ] ] } },
{ "type": "Feature", "properties": { }, "geometry": { "type": "Polygon", "coordinates": [ [ [ 77.740945859750383, 20.886448981006769 ], [ 77.746148776792495, 20.886448981006769 ], [ 77.743488264116763, 20.878148658673236 ], [ 77.738285525121114, 20.878148658673236 ], [ 77.740945859750383, 20.886448981006769 ] ] ] } },
{ "type": "Feature", "properties": { }, "geometry": { "type": "Polygon", "coordinates": [ [ [ 78.921274293446771, 20.932103879545785 ], [ 78.923983176264869, 20.940405339169878 ], [ 78.934391329237513, 20.940405339169878 ], [ 78.933036542387271, 20.936254587453316 ], [ 78.938240529553667, 20.936254587453316 ], [ 78.935531778172503, 20.927953215436961 ], [ 78.940735586765015, 20.927953215436961 ], [ 78.943444516720049, 20.936254587453316 ], [ 78.964260465385635, 20.936254587453316 ], [ 78.96290547639444, 20.932103879545785 ], [ 78.973313272131364, 20.932103879545785 ], [ 78.971958438320115, 20.927953215436961 ], [ 78.961550821135077, 20.927953215436961 ], [ 78.96019649956088, 20.923802595116516 ], [ 78.970603938238014, 20.923802595116516 ], [ 78.967895939074225, 20.915501485799489 ], [ 78.962692398177595, 20.915501485799489 ], [ 78.964046141731686, 20.919652018574137 ], [ 78.958842511625065, 20.919652018574137 ], [ 78.956135536481838, 20.911350996782257 ], [ 78.9509320847732, 20.911350996782257 ], [ 78.952285316384334, 20.915501485799489 ], [ 78.947081775487703, 20.915501485799489 ], [ 78.948435251411851, 20.919652018574137 ], [ 78.927620730985424, 20.919652018574137 ], [ 78.928974183529462, 20.923802595116516 ], [ 78.918566744852328, 20.923802595116516 ], [ 78.919920352394939, 20.927953215436961 ], [ 78.925124160987465, 20.927953215436961 ], [ 78.926478191315226, 20.932103879545785 ], [ 78.921274293446771, 20.932103879545785 ] ], [ [ 78.953638881518458, 20.919652018574137 ], [ 78.957701578525985, 20.932103879545785 ], [ 78.952497680657515, 20.932103879545785 ], [ 78.951143203950053, 20.927953215436961 ], [ 78.945939395357541, 20.927953215436961 ], [ 78.944585341545164, 20.923802595116516 ], [ 78.949789060883731, 20.923802595116516 ], [ 78.948435251411851, 20.919652018574137 ], [ 78.953638881518458, 20.919652018574137 ] ] ] } },
{ "type": "Feature", "properties": { }, "geometry": { "type": "Polygon", "coordinates": [ [ [ 77.886300902510044, 20.998520468935187 ], [ 77.875890243956491, 20.998520468935187 ], [ 77.878573052921126, 21.006823333093408 ], [ 77.888984070119804, 21.006823333093408 ], [ 77.886300902510044, 20.998520468935187 ] ] ] } },
{ "type": "Feature", "properties": { }, "geometry": { "type": "Polygon", "coordinates": [ [ [ 78.93192535618239, 21.044188400245723 ], [ 78.937131672825046, 21.044188400245723 ], [ 78.934406799459225, 21.035884743710028 ], [ 78.929200662536218, 21.035884743710028 ], [ 78.93192535618239, 21.044188400245723 ] ] ] } },
{ "type": "Feature", "properties": { }, "geometry": { "type": "Polygon", "coordinates": [ [ [ 77.898736205422068, 21.069100428054224 ], [ 77.903943061753651, 21.069100428054224 ], [ 77.901250167368104, 21.060796242334948 ], [ 77.896043491021189, 21.060796242334948 ], [ 77.898736205422068, 21.069100428054224 ] ] ] } },
{ "type": "Feature", "properties": { }, "geometry": { "type": "Polygon", "coordinates": [ [ [ 77.900266470651431, 21.089861664985143 ], [ 77.905473777331366, 21.089861664985143 ], [ 77.904125601516469, 21.085709329256606 ], [ 77.914540034648581, 21.085709329256606 ], [ 77.911844314938747, 21.077404790333798 ], [ 77.90663727853412, 21.077404790333798 ], [ 77.905290004821211, 21.073252587118795 ], [ 77.894876112107113, 21.073252587118795 ], [ 77.896223205724894, 21.077404790333798 ], [ 77.901430242129521, 21.077404790333798 ], [ 77.902777756464715, 21.081557037709615 ], [ 77.892363503516151, 21.081557037709615 ], [ 77.893711168384328, 21.085709329256606 ], [ 77.898918384950406, 21.085709329256606 ], [ 77.900266470651431, 21.089861664985143 ] ] ] } },
{ "type": "Feature", "properties": { }, "geometry": { "type": "Polygon", "coordinates": [ [ [ 78.978441597266865, 21.106471449922108 ], [ 78.983649264623509, 21.106471449922108 ], [ 78.980913438092713, 21.098166469028314 ], [ 78.975705951118655, 21.098166469028314 ], [ 78.978441597266865, 21.106471449922108 ] ] ] } },
{ "type": "Feature", "properties": { }, "geometry": { "type": "Polygon", "coordinates": [ [ [ 78.986120925066771, 21.098166469028314 ], [ 78.988856931980138, 21.106471449922108 ], [ 78.983649264623509, 21.106471449922108 ], [ 78.985017681196666, 21.11062400671392 ], [ 78.995433196358888, 21.11062400671392 ], [ 78.991328412040815, 21.098166469028314 ], [ 78.986120925066771, 21.098166469028314 ] ] ] } },
{ "type": "Feature", "properties": { }, "geometry": { "type": "Polygon", "coordinates": [ [ [ 78.975970737716111, 21.114776607749519 ], [ 78.981178585543816, 21.114776607749519 ], [ 78.978441597266865, 21.106471449922108 ], [ 78.973233929910251, 21.106471449922108 ], [ 78.975970737716111, 21.114776607749519 ] ] ] } },
{ "type": "Feature", "properties": { }, "geometry": { "type": "Polygon", "coordinates": [ [ [ 78.842194547541695, 21.135540276947367 ], [ 78.831777948756184, 21.135540276947367 ], [ 78.834514214041235, 21.14384605469623 ], [ 78.844931174388776, 21.14384605469623 ], [ 78.842194547541695, 21.135540276947367 ] ] ] } },
{ "type": "Feature", "properties": { }, "geometry": { "type": "Polygon", "coordinates": [ [ [ 79.007765679319547, 21.147999010055706 ], [ 79.005022776257036, 21.139693143663578 ], [ 78.994605996712679, 21.139693143663578 ], [ 78.99597709942789, 21.14384605469623 ], [ 79.001185579601653, 21.14384605469623 ], [ 79.002557108722058, 21.147999010055706 ], [ 79.007765679319547, 21.147999010055706 ] ] ] } },
{ "type": "Feature", "properties": { }, "geometry": { "type": "Polygon", "coordinates": [ [ [ 78.979538660551825, 21.172917673657619 ], [ 78.984747774157114, 21.172917673657619 ], [ 78.982001923620615, 21.164611274969616 ], [ 78.976792991106592, 21.164611274969616 ], [ 78.979538660551825, 21.172917673657619 ] ] ] } },
{ "type": "Feature", "properties": { }, "geometry": { "type": "Polygon", "coordinates": [ [ [ 78.857436013080303, 21.401413522180011 ], [ 78.860213182090305, 21.409725015073668 ], [ 78.865427494179997, 21.409725015073668 ], [ 78.864038648826011, 21.405569246135077 ], [ 78.869252869090005, 21.405569246135077 ], [ 78.86786427000159, 21.401413522180011 ], [ 78.857436013080303, 21.401413522180011 ] ] ] } },
{ "type": "Feature", "properties": { }, "geometry": { "type": "Polygon", "coordinates": [ [ [ 78.985225366200552, 20.272691556004212 ], [ 78.974845411753918, 20.272691556004212 ], [ 78.977458126504459, 20.280979343849044 ], [ 78.987838424349803, 20.280979343849044 ], [ 78.985225366200552, 20.272691556004212 ] ] ] } },
{ "type": "Feature", "properties": { }, "geometry": { "type": "Polygon", "coordinates": [ [ [ 78.833050718938054, 20.529691821703778 ], [ 78.838246058979365, 20.529691821703778 ], [ 78.835601207783938, 20.521398935440242 ], [ 78.830406042034951, 20.521398935440242 ], [ 78.833050718938054, 20.529691821703778 ] ] ] } },
{ "type": "Feature", "properties": { }, "geometry": { "type": "Polygon", "coordinates": [ [ [ 78.916737952409449, 20.612630114416799 ], [ 78.927132127894467, 20.612630114416799 ], [ 78.925801892119694, 20.60848279189344 ], [ 78.915407891817821, 20.60848279189344 ], [ 78.916737952409449, 20.612630114416799 ] ] ] } },
{ "type": "Feature", "properties": { }, "geometry": { "type": "Polygon", "coordinates": [ [ [ 79.0650608275498, 20.637514953065502 ], [ 79.075456055047852, 20.637514953065502 ], [ 79.074121467322911, 20.633367372345656 ], [ 79.063726415269215, 20.633367372345656 ], [ 79.0650608275498, 20.637514953065502 ] ] ] } },
{ "type": "Feature", "properties": { }, "geometry": { "type": "Polygon", "coordinates": [ [ [ 78.97851716999979, 20.932103879545785 ], [ 78.98372106786826, 20.932103879545785 ], [ 78.981011376915134, 20.923802595116516 ], [ 78.970603938238014, 20.923802595116516 ], [ 78.971958438320115, 20.927953215436961 ], [ 78.977162246912627, 20.927953215436961 ], [ 78.97851716999979, 20.932103879545785 ] ] ] } },
{ "type": "Feature", "properties": { }, "geometry": { "type": "Polygon", "coordinates": [ [ [ 78.944799482210158, 20.940405339169878 ], [ 78.94886638129195, 20.952857857277028 ], [ 78.954070725870082, 20.952857857277028 ], [ 78.952714669641537, 20.948706974071399 ], [ 78.963123180025903, 20.948706974071399 ], [ 78.964479415026346, 20.952857857277028 ], [ 78.969683759604479, 20.952857857277028 ], [ 78.966971444750683, 20.944556134705802 ], [ 78.97217561057893, 20.944556134705802 ], [ 78.969464452552018, 20.936254587453316 ], [ 78.964260465385635, 20.936254587453316 ], [ 78.965615788155461, 20.940405339169878 ], [ 78.944799482210158, 20.940405339169878 ] ] ] } },
{ "type": "Feature", "properties": { }, "geometry": { "type": "Polygon", "coordinates": [ [ [ 78.99415475215585, 21.027581263403128 ], [ 79.00456666673918, 21.027581263403128 ], [ 79.003204144224597, 21.023429589309604 ], [ 78.992792409206444, 21.023429589309604 ], [ 78.99415475215585, 21.027581263403128 ] ] ] } },
{ "type": "Feature", "properties": { }, "geometry": { "type": "Polygon", "coordinates": [ [ [ 79.037165806686929, 21.031732981533153 ], [ 79.03443934927904, 21.023429589309604 ], [ 79.029233481769964, 21.023429589309604 ], [ 79.03195975959062, 21.031732981533153 ], [ 79.037165806686929, 21.031732981533153 ] ] ] } },
{ "type": "Feature", "properties": { }, "geometry": { "type": "Polygon", "coordinates": [ [ [ 79.043987814142909, 21.052492233093076 ], [ 79.045353221257827, 21.056644215659521 ], [ 79.055766394033284, 21.056644215659521 ], [ 79.054400807044175, 21.052492233093076 ], [ 79.043987814142909, 21.052492233093076 ] ] ] } },
{ "type": "Feature", "properties": { }, "geometry": { "type": "Polygon", "coordinates": [ [ [ 79.076592739584214, 21.056644215659521 ], [ 79.07795902177233, 21.060796242334948 ], [ 79.088372374466175, 21.060796242334948 ], [ 79.087005912359658, 21.056644215659521 ], [ 79.076592739584214, 21.056644215659521 ] ] ] } },
{ "type": "Feature", "properties": { }, "geometry": { "type": "Polygon", "coordinates": [ [ [ 79.040404310656797, 21.073252587118795 ], [ 79.035197364299748, 21.073252587118795 ], [ 79.032464742504516, 21.064948313129729 ], [ 79.027257976176315, 21.064948313129729 ], [ 79.032724201384283, 21.081557037709615 ], [ 79.037931327858573, 21.081557037709615 ], [ 79.03656417833507, 21.077404790333798 ], [ 79.041771214739683, 21.077404790333798 ], [ 79.040404310656797, 21.073252587118795 ] ] ] } },
{ "type": "Feature", "properties": { }, "geometry": { "type": "Polygon", "coordinates": [ [ [ 79.003379335484851, 21.118929253039266 ], [ 79.008587273581313, 21.118929253039266 ], [ 79.005848711521111, 21.11062400671392 ], [ 79.000640953939993, 21.11062400671392 ], [ 79.003379335484851, 21.118929253039266 ] ] ] } },
{ "type": "Feature", "properties": { }, "geometry": { "type": "Polygon", "coordinates": [ [ [ 79.074919846442668, 21.114776607749519 ], [ 79.085335542098107, 21.114776607749519 ], [ 79.083965075237785, 21.11062400671392 ], [ 79.073549560075563, 21.11062400671392 ], [ 79.074919846442668, 21.114776607749519 ] ] ] } },
{ "type": "Feature", "properties": { }, "geometry": { "type": "Polygon", "coordinates": [ [ [ 79.006119060081502, 21.127234676422734 ], [ 79.003379335484851, 21.118929253039266 ], [ 78.998171397388404, 21.118929253039266 ], [ 79.000910941381179, 21.127234676422734 ], [ 79.006119060081502, 21.127234676422734 ] ] ] } },
{ "type": "Feature", "properties": { }, "geometry": { "type": "Polygon", "coordinates": [ [ [ 79.051621285363794, 21.123081942593537 ], [ 79.046413256976493, 21.123081942593537 ], [ 79.047784009684037, 21.127234676422734 ], [ 79.05820024708467, 21.127234676422734 ], [ 79.055458716449323, 21.118929253039266 ], [ 79.050250778352876, 21.118929253039266 ], [ 79.051621285363794, 21.123081942593537 ] ] ] } },
{ "type": "Feature", "properties": { }, "geometry": { "type": "Polygon", "coordinates": [ [ [ 79.188690865857112, 21.14384605469623 ], [ 79.20952478655218, 21.14384605469623 ], [ 79.206775505034045, 21.135540276947367 ], [ 79.196358906248562, 21.135540276947367 ], [ 79.194984951419499, 21.131387454537212 ], [ 79.189776742384041, 21.131387454537212 ], [ 79.188403214592626, 21.127234676422734 ], [ 79.183195095892316, 21.127234676422734 ], [ 79.188690865857112, 21.14384605469623 ] ] ] } },
{ "type": "Feature", "properties": { }, "geometry": { "type": "Polygon", "coordinates": [ [ [ 79.174439938439477, 21.147999010055706 ], [ 79.175814788325383, 21.152152009752395 ], [ 79.18102344936878, 21.152152009752395 ], [ 79.179648509036966, 21.147999010055706 ], [ 79.184857079634469, 21.147999010055706 ], [ 79.182108028511195, 21.139693143663578 ], [ 79.166482859194659, 21.139693143663578 ], [ 79.169231367841988, 21.147999010055706 ], [ 79.174439938439477, 21.147999010055706 ] ] ] } },
{ "type": "Feature", "properties": { }, "geometry": { "type": "Polygon", "coordinates": [ [ [ 79.143478831555313, 21.164611274969616 ], [ 79.140728714461176, 21.156305053796686 ], [ 79.135519962949743, 21.156305053796686 ], [ 79.138269899041291, 21.164611274969616 ], [ 79.143478831555313, 21.164611274969616 ] ] ] } },
{ "type": "Feature", "properties": { }, "geometry": { "type": "Polygon", "coordinates": [ [ [ 79.14682995601936, 21.206145045223582 ], [ 79.157249633734452, 21.206145045223582 ], [ 79.155871036475304, 21.201991468197441 ], [ 79.145451540228606, 21.201991468197441 ], [ 79.14682995601936, 21.206145045223582 ] ] ] } },
{ "type": "Feature", "properties": { }, "geometry": { "type": "Polygon", "coordinates": [ [ [ 79.082162162508197, 21.231067441882306 ], [ 79.084921509982564, 21.239375263685716 ], [ 79.090132075513139, 21.239375263685716 ], [ 79.088752142226355, 21.235221330506214 ], [ 79.093962616845047, 21.235221330506214 ], [ 79.095342641043715, 21.239375263685716 ], [ 79.105763772104865, 21.239375263685716 ], [ 79.104383566082447, 21.235221330506214 ], [ 79.099173091463754, 21.235221330506214 ], [ 79.096413873221039, 21.226913597803602 ], [ 79.091203580359448, 21.226913597803602 ], [ 79.092582929966255, 21.231067441882306 ], [ 79.082162162508197, 21.231067441882306 ] ] ] } },
{ "type": "Feature", "properties": { }, "geometry": { "type": "Polygon", "coordinates": [ [ [ 79.125857069564177, 21.268454044373957 ], [ 79.12064586702796, 21.268454044373957 ], [ 79.122028864781839, 21.272608334373245 ], [ 79.132451452033834, 21.272608334373245 ], [ 79.129685429982004, 21.264299799013603 ], [ 79.124474318513279, 21.264299799013603 ], [ 79.125857069564177, 21.268454044373957 ] ] ] } },
{ "type": "Feature", "properties": { }, "geometry": { "type": "Polygon", "coordinates": [ [ [ 79.114372922048915, 21.280917048330334 ], [ 79.115756751089791, 21.285071472308978 ], [ 79.110545184060967, 21.285071472308978 ], [ 79.111929259841446, 21.289225940968262 ], [ 79.12235257625666, 21.289225940968262 ], [ 79.119584397921201, 21.280917048330334 ], [ 79.114372922048915, 21.280917048330334 ] ] ] } },
{ "type": "Feature", "properties": { }, "geometry": { "type": "Polygon", "coordinates": [ [ [ 79.322127171857232, 21.309998954839227 ], [ 79.316915057421681, 21.309998954839227 ], [ 79.319694544581807, 21.318308473517117 ], [ 79.324906841664486, 21.318308473517117 ], [ 79.322127171857232, 21.309998954839227 ] ] ] } },
{ "type": "Feature", "properties": { }, "geometry": { "type": "Polygon", "coordinates": [ [ [ 79.224134891059379, 21.359858754422298 ], [ 79.213708467747736, 21.359858754422298 ], [ 79.215100007603297, 21.3640140291173 ], [ 79.225526614074937, 21.3640140291173 ], [ 79.224134891059379, 21.359858754422298 ] ] ] } },
{ "type": "Feature", "properties": { }, "geometry": { "type": "Polygon", "coordinates": [ [ [ 79.215889165419611, 19.697099041206009 ], [ 79.217156980514162, 19.701237148948376 ], [ 79.222335317071085, 19.701237148948376 ], [ 79.224872082527185, 19.709513486791117 ], [ 79.230050584898777, 19.709513486791117 ], [ 79.226245672782156, 19.697099041206009 ], [ 79.215889165419611, 19.697099041206009 ] ] ] } },
{ "type": "Feature", "properties": { }, "geometry": { "type": "Polygon", "coordinates": [ [ [ 79.182070893872165, 19.721928299600112 ], [ 79.178265561182855, 19.709513486791117 ], [ 79.173087058811262, 19.709513486791117 ], [ 79.174355096992244, 19.713651716911471 ], [ 79.169176511681613, 19.713651716911471 ], [ 79.171713391368016, 19.721928299600112 ], [ 79.182070893872165, 19.721928299600112 ] ] ] } },
{ "type": "Feature", "properties": { }, "geometry": { "type": "Polygon", "coordinates": [ [ [ 79.33589964103831, 19.767452426065745 ], [ 79.337174536733102, 19.771591228472989 ], [ 79.347534034087204, 19.771591228472989 ], [ 79.346258971922168, 19.767452426065745 ], [ 79.33589964103831, 19.767452426065745 ] ] ] } },
{ "type": "Feature", "properties": { }, "geometry": { "type": "Polygon", "coordinates": [ [ [ 79.151975807093351, 19.775730071832903 ], [ 79.14161614322667, 19.775730071832903 ], [ 79.144161226225918, 19.784007881450734 ], [ 79.14934122473538, 19.784007881450734 ], [ 79.148068438163506, 19.779868956155479 ], [ 79.153248353374309, 19.779868956155479 ], [ 79.151975807093351, 19.775730071832903 ] ] ] } },
{ "type": "Feature", "properties": { }, "geometry": { "type": "Polygon", "coordinates": [ [ [ 79.069005126031399, 19.792285854999331 ], [ 79.066461248584119, 19.784007881450734 ], [ 79.061281250074671, 19.784007881450734 ], [ 79.063824960861126, 19.792285854999331 ], [ 79.069005126031399, 19.792285854999331 ] ] ] } },
{ "type": "Feature", "properties": { }, "geometry": { "type": "Polygon", "coordinates": [ [ [ 79.309774475097484, 19.817120760030861 ], [ 79.308496677857178, 19.812981506593665 ], [ 79.298135513470953, 19.812981506593665 ], [ 79.299413143774956, 19.817120760030861 ], [ 79.309774475097484, 19.817120760030861 ] ] ] } },
{ "type": "Feature", "properties": { }, "geometry": { "type": "Polygon", "coordinates": [ [ [ 79.34457801667179, 19.862655260191364 ], [ 79.342014932386775, 19.854375889995321 ], [ 79.336833514557739, 19.854375889995321 ], [ 79.339396431460941, 19.862655260191364 ], [ 79.34457801667179, 19.862655260191364 ] ] ] } },
{ "type": "Feature", "properties": { }, "geometry": { "type": "Polygon", "coordinates": [ [ [ 79.343243245235669, 19.875074624308862 ], [ 79.34067837755326, 19.86679500704404 ], [ 79.335496708619644, 19.86679500704404 ], [ 79.338061408792839, 19.875074624308862 ], [ 79.343243245235669, 19.875074624308862 ] ] ] } },
{ "type": "Feature", "properties": { }, "geometry": { "type": "Polygon", "coordinates": [ [ [ 79.121531954441039, 19.9288961574327 ], [ 79.116402054936785, 19.912334942719113 ], [ 79.111219463650698, 19.912334942719113 ], [ 79.116349027116257, 19.9288961574327 ], [ 79.121531954441039, 19.9288961574327 ] ] ] } },
{ "type": "Feature", "properties": { }, "geometry": { "type": "Polygon", "coordinates": [ [ [ 79.236766927865261, 19.966161309544074 ], [ 79.238054825145454, 19.970302088988124 ], [ 79.232871056234103, 19.970302088988124 ], [ 79.234159194922384, 19.974442909866486 ], [ 79.24452690129668, 19.974442909866486 ], [ 79.241950612522132, 19.966161309544074 ], [ 79.236766927865261, 19.966161309544074 ] ] ] } },
{ "type": "Feature", "properties": { }, "geometry": { "type": "Polygon", "coordinates": [ [ [ 79.232841459256079, 19.986865621208175 ], [ 79.238025565398473, 19.986865621208175 ], [ 79.235447659316833, 19.978583772189253 ], [ 79.230263721832557, 19.978583772189253 ], [ 79.232841459256079, 19.986865621208175 ] ] ] } },
{ "type": "Feature", "properties": { }, "geometry": { "type": "Polygon", "coordinates": [ [ [ 79.29505073296491, 19.986865621208175 ], [ 79.300234839107304, 19.986865621208175 ], [ 79.297654909127871, 19.978583772189253 ], [ 79.29247097164361, 19.978583772189253 ], [ 79.293760689290366, 19.982724675966459 ], [ 79.283392645685041, 19.982724675966459 ], [ 79.284682520680121, 19.986865621208175 ], [ 79.289866626822501, 19.986865621208175 ], [ 79.291156912207427, 19.991006607924469 ], [ 79.296341102710869, 19.991006607924469 ], [ 79.29505073296491, 19.986865621208175 ] ] ] } },
{ "type": "Feature", "properties": { }, "geometry": { "type": "Polygon", "coordinates": [ [ [ 79.29373846130224, 19.999288705821058 ], [ 79.296321315121574, 20.007570969736758 ], [ 79.301505843282456, 20.007570969736758 ], [ 79.298922820591756, 19.999288705821058 ], [ 79.29373846130224, 19.999288705821058 ] ] ] } },
{ "type": "Feature", "properties": { }, "geometry": { "type": "Polygon", "coordinates": [ [ [ 79.209474816726555, 20.011712163976949 ], [ 79.208184336386509, 20.007570969736758 ], [ 79.197815280064745, 20.007570969736758 ], [ 79.199105591469419, 20.011712163976949 ], [ 79.209474816726555, 20.011712163976949 ] ] ] } },
{ "type": "Feature", "properties": { }, "geometry": { "type": "Polygon", "coordinates": [ [ [ 79.283351382662332, 20.015853399752128 ], [ 79.293720776897501, 20.015853399752128 ], [ 79.292428618783632, 20.011712163976949 ], [ 79.282059393526495, 20.011712163976949 ], [ 79.283351382662332, 20.015853399752128 ] ] ] } },
{ "type": "Feature", "properties": { }, "geometry": { "type": "Polygon", "coordinates": [ [ [ 79.201687192043153, 20.019994677072379 ], [ 79.212056755299031, 20.019994677072379 ], [ 79.210765623016158, 20.015853399752128 ], [ 79.200396228780988, 20.015853399752128 ], [ 79.201687192043153, 20.019994677072379 ] ] ] } },
{ "type": "Feature", "properties": { }, "geometry": { "type": "Polygon", "coordinates": [ [ [ 79.189991569975433, 20.048984782422075 ], [ 79.195176943773561, 20.048984782422075 ], [ 79.192591285643402, 20.040701687202098 ], [ 79.187406081143521, 20.040701687202098 ], [ 79.189991569975433, 20.048984782422075 ] ] ] } },
{ "type": "Feature", "properties": { }, "geometry": { "type": "Polygon", "coordinates": [ [ [ 78.948813737062693, 20.090402757676269 ], [ 78.947521724239024, 20.086260772547849 ], [ 78.937149450843279, 20.086260772547849 ], [ 78.938441293919894, 20.090402757676269 ], [ 78.948813737062693, 20.090402757676269 ] ] ] } },
{ "type": "Feature", "properties": { }, "geometry": { "type": "Polygon", "coordinates": [ [ [ 79.858757082826443, 20.61677747994732 ], [ 79.861450584126203, 20.625072340070759 ], [ 79.866647934774008, 20.625072340070759 ], [ 79.863954258182289, 20.61677747994732 ], [ 79.858757082826443, 20.61677747994732 ] ] ] } },
{ "type": "Feature", "properties": { }, "geometry": { "type": "Polygon", "coordinates": [ [ [ 79.306155915810294, 20.820051288154712 ], [ 79.316558906066035, 20.820051288154712 ], [ 79.313854613417007, 20.811752360779721 ], [ 79.308653295633732, 20.811752360779721 ], [ 79.310005186260838, 20.81590180271218 ], [ 79.299602373371613, 20.81590180271218 ], [ 79.302306802046132, 20.824200817117596 ], [ 79.307508385879203, 20.824200817117596 ], [ 79.306155915810294, 20.820051288154712 ] ] ] } },
{ "type": "Feature", "properties": { }, "geometry": { "type": "Polygon", "coordinates": [ [ [ 79.778723565298208, 21.085709329256606 ], [ 79.78913799843032, 21.085709329256606 ], [ 79.78775754015544, 21.081557037709615 ], [ 79.78255041368115, 21.081557037709615 ], [ 79.781170384194695, 21.077404790333798 ], [ 79.775963347790068, 21.077404790333798 ], [ 79.778723565298208, 21.085709329256606 ] ] ] } },
{ "type": "Feature", "properties": { }, "geometry": { "type": "Polygon", "coordinates": [ [ [ 79.449114874545259, 21.14384605469623 ], [ 79.438697914197746, 21.14384605469623 ], [ 79.441456501538141, 21.152152009752395 ], [ 79.446665162581539, 21.152152009752395 ], [ 79.445285609509341, 21.147999010055706 ], [ 79.45049418010683, 21.147999010055706 ], [ 79.449114874545259, 21.14384605469623 ] ] ] } },
{ "type": "Feature", "properties": { }, "geometry": { "type": "Polygon", "coordinates": [ [ [ 79.675846248490586, 21.152152009752395 ], [ 79.68105490953397, 21.152152009752395 ], [ 79.67828800219084, 21.14384605469623 ], [ 79.673079522017062, 21.14384605469623 ], [ 79.675846248490586, 21.152152009752395 ] ] ] } },
{ "type": "Feature", "properties": { }, "geometry": { "type": "Polygon", "coordinates": [ [ [ 79.458462556658787, 21.156305053796686 ], [ 79.463671308170234, 21.156305053796686 ], [ 79.460911321301836, 21.147999010055706 ], [ 79.455702750704333, 21.147999010055706 ], [ 79.458462556658787, 21.156305053796686 ] ] ] } },
{ "type": "Feature", "properties": { }, "geometry": { "type": "Polygon", "coordinates": [ [ [ 79.373743907974102, 21.152152009752395 ], [ 79.37650149469728, 21.160458142198955 ], [ 79.38691917870058, 21.160458142198955 ], [ 79.385540035498693, 21.156305053796686 ], [ 79.380331283987246, 21.156305053796686 ], [ 79.3789525690175, 21.152152009752395 ], [ 79.373743907974102, 21.152152009752395 ] ] ] } },
{ "type": "Feature", "properties": { }, "geometry": { "type": "Polygon", "coordinates": [ [ [ 79.401476862579599, 21.172917673657619 ], [ 79.39626774897431, 21.172917673657619 ], [ 79.400410519045238, 21.185377604712283 ], [ 79.405619904453744, 21.185377604712283 ], [ 79.401476862579599, 21.172917673657619 ] ] ] } },
{ "type": "Feature", "properties": { }, "geometry": { "type": "Polygon", "coordinates": [ [ [ 79.38584952176376, 21.172917673657619 ], [ 79.389991748228269, 21.185377604712283 ], [ 79.39520113363676, 21.185377604712283 ], [ 79.391058635369035, 21.172917673657619 ], [ 79.38584952176376, 21.172917673657619 ] ] ] } },
{ "type": "Feature", "properties": { }, "geometry": { "type": "Polygon", "coordinates": [ [ [ 79.62404207032759, 21.231067441882306 ], [ 79.61883168659854, 21.231067441882306 ], [ 79.620220553333112, 21.235221330506214 ], [ 79.630641502570484, 21.235221330506214 ], [ 79.629252454056598, 21.231067441882306 ], [ 79.634462837785634, 21.231067441882306 ], [ 79.635851977189176, 21.235221330506214 ], [ 79.641062451807883, 21.235221330506214 ], [ 79.638284330826366, 21.226913597803602 ], [ 79.622653452241607, 21.226913597803602 ], [ 79.62404207032759, 21.231067441882306 ] ] ] } },
{ "type": "Feature", "properties": { }, "geometry": { "type": "Polygon", "coordinates": [ [ [ 79.362466482309088, 21.24352924143124 ], [ 79.365237496417279, 21.251837330661978 ], [ 79.375659173216462, 21.251837330661978 ], [ 79.372887795238455, 21.24352924143124 ], [ 79.362466482309088, 21.24352924143124 ] ] ] } },
{ "type": "Feature", "properties": { }, "geometry": { "type": "Polygon", "coordinates": [ [ [ 79.951412696702889, 21.413880829006239 ], [ 79.956627100640645, 21.413880829006239 ], [ 79.953810684000317, 21.405569246135077 ], [ 79.948596463736337, 21.405569246135077 ], [ 79.951412696702889, 21.413880829006239 ] ] ] } },
{ "type": "Feature", "properties": { }, "geometry": { "type": "Polygon", "coordinates": [ [ [ 79.960433033015406, 21.409725015073668 ], [ 79.963250319002412, 21.418036687943268 ], [ 79.968464814810574, 21.418036687943268 ], [ 79.969874064037526, 21.422192591895211 ], [ 79.980303239439408, 21.422192591895211 ], [ 79.974667565056293, 21.405569246135077 ], [ 79.964239124528319, 21.405569246135077 ], [ 79.965647345105097, 21.409725015073668 ], [ 79.960433033015406, 21.409725015073668 ] ], [ [ 79.970861657194789, 21.409725015073668 ], [ 79.972270312453901, 21.413880829006239 ], [ 79.967055908516144, 21.413880829006239 ], [ 79.965647345105097, 21.409725015073668 ], [ 79.970861657194789, 21.409725015073668 ] ] ] } },
{ "type": "Feature", "properties": { }, "geometry": { "type": "Polygon", "coordinates": [ [ [ 80.171296926247507, 21.44712896150633 ], [ 80.169882213393464, 21.442972787245051 ], [ 80.164667165893121, 21.442972787245051 ], [ 80.166081786720156, 21.44712896150633 ], [ 80.160866647192776, 21.44712896150633 ], [ 80.162281520053085, 21.451285180855823 ], [ 80.177927214783367, 21.451285180855823 ], [ 80.176512065774872, 21.44712896150633 ], [ 80.171296926247507, 21.44712896150633 ] ] ] } },
{ "type": "Feature", "properties": { }, "geometry": { "type": "Polygon", "coordinates": [ [ [ 80.140450664193054, 21.463754109538286 ], [ 80.130019648474502, 21.463754109538286 ], [ 80.131435253097067, 21.467910509345359 ], [ 80.126219653098815, 21.467910509345359 ], [ 80.129051710499766, 21.476223444391781 ], [ 80.139483279186535, 21.476223444391781 ], [ 80.136650853095318, 21.467910509345359 ], [ 80.141866453093556, 21.467910509345359 ], [ 80.140450664193054, 21.463754109538286 ] ] ] } }
]
}
