{
"type": "FeatureCollection",
"name": "ghs_pop_change_2020_2025_urban",
"crs": { "type": "name", "properties": { "name": "urn:ogc:def:crs:OGC:1.3:CRS84" } },
"features": [
{ "type": "Feature", "properties": { }, "geometry": { "type": "Polygon", "coordinates": [ [ [ 72.879961461961187, 18.994205213631318 ], [ 72.884440856561966, 19.01073072435771 ], [ 72.894770430515194, 19.01073072435771 ], [ 72.900619340179972, 18.994205213631318 ], [ 72.879961461961187, 18.994205213631318 ] ] ] } },
{ "type": "Feature", "properties": { }, "geometry": { "type": "Polygon", "coordinates": [ [ [ 72.936088726328094, 19.01073072435771 ], [ 72.925759152374866, 19.01073072435771 ], [ 72.928001870383781, 19.018993714455657 ], [ 72.938331762006953, 19.018993714455657 ], [ 72.936088726328094, 19.01073072435771 ] ] ] } },
{ "type": "Feature", "properties": { }, "geometry": { "type": "Polygon", "coordinates": [ [ [ 72.870507645176048, 19.035520164513692 ], [ 72.88083817263535, 19.035520164513692 ], [ 72.876352412267963, 19.018993714455657 ], [ 72.86602252064479, 19.018993714455657 ], [ 72.870507645176048, 19.035520164513692 ] ] ] } },
{ "type": "Feature", "properties": { }, "geometry": { "type": "Polygon", "coordinates": [ [ [ 72.922160282472547, 19.035520164513692 ], [ 72.919915546678297, 19.027256861148128 ], [ 72.899255127761279, 19.027256861148128 ], [ 72.901499227553956, 19.035520164513692 ], [ 72.922160282472547, 19.035520164513692 ] ] ] } },
{ "type": "Feature", "properties": { }, "geometry": { "type": "Polygon", "coordinates": [ [ [ 72.924406186441473, 19.043783624630908 ], [ 72.914075340815884, 19.043783624630908 ], [ 72.916322094925917, 19.052047241578347 ], [ 72.926653258883306, 19.052047241578347 ], [ 72.924406186441473, 19.043783624630908 ] ] ] } },
{ "type": "Feature", "properties": { }, "geometry": { "type": "Polygon", "coordinates": [ [ [ 72.883991044648496, 19.085103279242684 ], [ 72.873658605707675, 19.085103279242684 ], [ 72.875909610034768, 19.093367681520611 ], [ 72.886242368135697, 19.093367681520611 ], [ 72.883991044648496, 19.085103279242684 ] ] ] } },
{ "type": "Feature", "properties": { }, "geometry": { "type": "Polygon", "coordinates": [ [ [ 72.855244093832923, 19.093367681520611 ], [ 72.844911335732007, 19.093367681520611 ], [ 72.847162551353534, 19.101632241100603 ], [ 72.85749562878037, 19.101632241100603 ], [ 72.855244093832923, 19.093367681520611 ] ] ] } },
{ "type": "Feature", "properties": { }, "geometry": { "type": "Polygon", "coordinates": [ [ [ 72.919494093341299, 19.101632241100603 ], [ 72.909161015914478, 19.101632241100603 ], [ 72.913670789575278, 19.118161832481615 ], [ 72.934338222727561, 19.118161832481615 ], [ 72.919494093341299, 19.101632241100603 ] ] ] } },
{ "type": "Feature", "properties": { }, "geometry": { "type": "Polygon", "coordinates": [ [ [ 72.901081920641914, 19.109896958061373 ], [ 72.89074852372336, 19.109896958061373 ], [ 72.893003356423009, 19.118161832481615 ], [ 72.90333707299915, 19.118161832481615 ], [ 72.901081920641914, 19.109896958061373 ] ] ] } },
{ "type": "Feature", "properties": { }, "geometry": { "type": "Polygon", "coordinates": [ [ [ 72.810333623813904, 19.118161832481615 ], [ 72.812587068262474, 19.12642686444007 ], [ 72.843589177461411, 19.12642686444007 ], [ 72.841334773542314, 19.118161832481615 ], [ 72.810333623813904, 19.118161832481615 ] ] ] } },
{ "type": "Feature", "properties": { }, "geometry": { "type": "Polygon", "coordinates": [ [ [ 72.915927432258925, 19.12642686444007 ], [ 72.920444230833638, 19.14295740128663 ], [ 72.930778907378212, 19.14295740128663 ], [ 72.926261468658581, 19.12642686444007 ], [ 72.915927432258925, 19.12642686444007 ] ] ] } },
{ "type": "Feature", "properties": { }, "geometry": { "type": "Polygon", "coordinates": [ [ [ 72.876847820355167, 19.134692054015492 ], [ 72.866513463966044, 19.134692054015492 ], [ 72.868770848110771, 19.14295740128663 ], [ 72.879105524655344, 19.14295740128663 ], [ 72.876847820355167, 19.134692054015492 ] ] ] } },
{ "type": "Feature", "properties": { }, "geometry": { "type": "Polygon", "coordinates": [ [ [ 72.907850889522479, 19.134692054015492 ], [ 72.89751653313337, 19.134692054015492 ], [ 72.899774877744491, 19.14295740128663 ], [ 72.910109554289065, 19.14295740128663 ], [ 72.907850889522479, 19.134692054015492 ] ] ] } },
{ "type": "Feature", "properties": { }, "geometry": { "type": "Polygon", "coordinates": [ [ [ 72.835510394798717, 19.134692054015492 ], [ 72.825176038409609, 19.134692054015492 ], [ 72.827432141932491, 19.14295740128663 ], [ 72.837766818477064, 19.14295740128663 ], [ 72.835510394798717, 19.134692054015492 ] ] ] } },
{ "type": "Feature", "properties": { }, "geometry": { "type": "Polygon", "coordinates": [ [ [ 72.868770848110771, 19.14295740128663 ], [ 72.858436171566197, 19.14295740128663 ], [ 72.860694406129213, 19.151222906332265 ], [ 72.871029402995305, 19.151222906332265 ], [ 72.868770848110771, 19.14295740128663 ] ] ] } },
{ "type": "Feature", "properties": { }, "geometry": { "type": "Polygon", "coordinates": [ [ [ 72.852618494212862, 19.159488569231204 ], [ 72.862953811566527, 19.159488569231204 ], [ 72.860694406129213, 19.151222906332265 ], [ 72.850359409263149, 19.151222906332265 ], [ 72.852618494212862, 19.159488569231204 ] ] ] } },
{ "type": "Feature", "properties": { }, "geometry": { "type": "Polygon", "coordinates": [ [ [ 72.933039384191744, 19.151222906332265 ], [ 72.922704387325652, 19.151222906332265 ], [ 72.924965715688472, 19.159488569231204 ], [ 72.935301033042151, 19.159488569231204 ], [ 72.933039384191744, 19.151222906332265 ] ] ] } },
{ "type": "Feature", "properties": { }, "geometry": { "type": "Polygon", "coordinates": [ [ [ 72.881364399861383, 19.151222906332265 ], [ 72.871029402995305, 19.151222906332265 ], [ 72.873289128920177, 19.159488569231204 ], [ 72.883624446273842, 19.159488569231204 ], [ 72.881364399861383, 19.151222906332265 ] ] ] } },
{ "type": "Feature", "properties": { }, "geometry": { "type": "Polygon", "coordinates": [ [ [ 72.981171683366924, 19.176020368904233 ], [ 72.976642302456781, 19.159488569231204 ], [ 72.966306985103117, 19.159488569231204 ], [ 72.973101854266019, 19.184286505835999 ], [ 72.993774413892737, 19.184286505835999 ], [ 72.991507642194179, 19.176020368904233 ], [ 72.981171683366924, 19.176020368904233 ] ] ] } },
{ "type": "Feature", "properties": { }, "geometry": { "type": "Polygon", "coordinates": [ [ [ 72.885885664193594, 19.167754390062253 ], [ 72.875550026186204, 19.167754390062253 ], [ 72.87781209509437, 19.176020368904233 ], [ 72.88814805392164, 19.176020368904233 ], [ 72.885885664193594, 19.167754390062253 ] ] ] } },
{ "type": "Feature", "properties": { }, "geometry": { "type": "Polygon", "coordinates": [ [ [ 72.826132300958108, 19.176020368904233 ], [ 72.815796342130852, 19.176020368904233 ], [ 72.818057657065793, 19.184286505835999 ], [ 72.828393936879138, 19.184286505835999 ], [ 72.826132300958108, 19.176020368904233 ] ] ] } },
{ "type": "Feature", "properties": { }, "geometry": { "type": "Polygon", "coordinates": [ [ [ 72.944359354836322, 19.192552800936411 ], [ 72.939827848057902, 19.176020368904233 ], [ 72.929491889230647, 19.176020368904233 ], [ 72.934022753870622, 19.192552800936411 ], [ 72.944359354836322, 19.192552800936411 ] ] ] } },
{ "type": "Feature", "properties": { }, "geometry": { "type": "Polygon", "coordinates": [ [ [ 72.882339749042117, 19.192552800936411 ], [ 72.872003148076431, 19.192552800936411 ], [ 72.874268412400355, 19.200819254284337 ], [ 72.884605334684707, 19.200819254284337 ], [ 72.882339749042117, 19.192552800936411 ] ] ] } },
{ "type": "Feature", "properties": { }, "geometry": { "type": "Polygon", "coordinates": [ [ [ 72.975369157733411, 19.192552800936411 ], [ 72.965032556767696, 19.192552800936411 ], [ 72.967300712959442, 19.200819254284337 ], [ 72.977637635243795, 19.200819254284337 ], [ 72.975369157733411, 19.192552800936411 ] ] ] } },
{ "type": "Feature", "properties": { }, "geometry": { "type": "Polygon", "coordinates": [ [ [ 72.936289946106427, 19.200819254284337 ], [ 72.938558312022082, 19.209085865958688 ], [ 72.959232799560752, 19.209085865958688 ], [ 72.956963790675104, 19.200819254284337 ], [ 72.936289946106427, 19.200819254284337 ] ] ] } },
{ "type": "Feature", "properties": { }, "geometry": { "type": "Polygon", "coordinates": [ [ [ 72.866197605636771, 19.209085865958688 ], [ 72.868464893974931, 19.217352636038363 ], [ 72.889140024816328, 19.217352636038363 ], [ 72.886872093175441, 19.209085865958688 ], [ 72.866197605636771, 19.209085865958688 ] ] ] } },
{ "type": "Feature", "properties": { }, "geometry": { "type": "Polygon", "coordinates": [ [ [ 72.99024453086875, 19.209085865958688 ], [ 72.979907287099408, 19.209085865958688 ], [ 72.982178113602629, 19.217352636038363 ], [ 72.992515679023327, 19.217352636038363 ], [ 72.99024453086875, 19.209085865958688 ] ] ] } },
{ "type": "Feature", "properties": { }, "geometry": { "type": "Polygon", "coordinates": [ [ [ 72.819043919240144, 19.22561956460229 ], [ 72.821311944198385, 19.233886651729414 ], [ 72.841988362643903, 19.233886651729414 ], [ 72.839719693717143, 19.22561956460229 ], [ 72.819043919240144, 19.22561956460229 ] ] ] } },
{ "type": "Feature", "properties": { }, "geometry": { "type": "Polygon", "coordinates": [ [ [ 72.963774340579093, 19.22561956460229 ], [ 72.953436453340586, 19.22561956460229 ], [ 72.95570866409426, 19.233886651729414 ], [ 72.966046873317026, 19.233886651729414 ], [ 72.963774340579093, 19.22561956460229 ] ] ] } },
{ "type": "Feature", "properties": { }, "geometry": { "type": "Polygon", "coordinates": [ [ [ 72.883341199534954, 19.233886651729414 ], [ 72.862664781089421, 19.233886651729414 ], [ 72.86493526754262, 19.242153897498699 ], [ 72.88788463523818, 19.250421301989128 ], [ 72.883341199534954, 19.233886651729414 ] ] ] } },
{ "type": "Feature", "properties": { }, "geometry": { "type": "Polygon", "coordinates": [ [ [ 72.954469761880674, 19.266956587449382 ], [ 72.98776699306049, 19.27522446857725 ], [ 72.980934318455965, 19.250421301989128 ], [ 72.991273172146833, 19.250421301989128 ], [ 72.988997644025048, 19.242153897498699 ], [ 72.949917757383375, 19.250421301989128 ], [ 72.954469761880674, 19.266956587449382 ] ] ] } },
{ "type": "Feature", "properties": { }, "geometry": { "type": "Polygon", "coordinates": [ [ [ 72.869479762333782, 19.258688865279687 ], [ 72.846529220474721, 19.250421301989128 ], [ 72.853349311706495, 19.27522446857725 ], [ 72.863689133349098, 19.27522446857725 ], [ 72.869479762333782, 19.258688865279687 ] ] ] } },
{ "type": "Feature", "properties": { }, "geometry": { "type": "Polygon", "coordinates": [ [ [ 72.879818938508578, 19.258688865279687 ], [ 72.882093270103127, 19.266956587449382 ], [ 72.902772267753846, 19.266956587449382 ], [ 72.900497290858183, 19.258688865279687 ], [ 72.879818938508578, 19.258688865279687 ] ] ] } },
{ "type": "Feature", "properties": { }, "geometry": { "type": "Polygon", "coordinates": [ [ [ 72.956747528132652, 19.27522446857725 ], [ 72.946407706490035, 19.27522446857725 ], [ 72.940625654607899, 19.291760708023677 ], [ 72.961306590162593, 19.291760708023677 ], [ 72.956747528132652, 19.27522446857725 ] ] ] } },
{ "type": "Feature", "properties": { }, "geometry": { "type": "Polygon", "coordinates": [ [ [ 72.907325747658959, 19.283492508742331 ], [ 72.896985603032363, 19.283492508742331 ], [ 72.89926378349854, 19.291760708023677 ], [ 72.90960425127588, 19.291760708023677 ], [ 72.907325747658959, 19.283492508742331 ] ] ] } },
{ "type": "Feature", "properties": { }, "geometry": { "type": "Polygon", "coordinates": [ [ [ 72.87630531377917, 19.283492508742331 ], [ 72.878582847943832, 19.291760708023677 ], [ 72.888923315721186, 19.291760708023677 ], [ 72.886645458405766, 19.283492508742331 ], [ 72.87630531377917, 19.283492508742331 ] ] ] } },
{ "type": "Feature", "properties": { }, "geometry": { "type": "Polygon", "coordinates": [ [ [ 72.845284879899381, 19.283492508742331 ], [ 72.847561444611813, 19.291760708023677 ], [ 72.857901912389153, 19.291760708023677 ], [ 72.855625024525978, 19.283492508742331 ], [ 72.845284879899381, 19.283492508742331 ] ] ] } },
{ "type": "Feature", "properties": { }, "geometry": { "type": "Polygon", "coordinates": [ [ [ 72.837220976834459, 19.291760708023677 ], [ 72.844056752819142, 19.316566261356215 ], [ 72.854398191049796, 19.316566261356215 ], [ 72.847561444611813, 19.291760708023677 ], [ 72.837220976834459, 19.291760708023677 ] ] ] } },
{ "type": "Feature", "properties": { }, "geometry": { "type": "Polygon", "coordinates": [ [ [ 72.877362982407888, 19.324835097893597 ], [ 72.879646074036714, 19.333104093942801 ], [ 72.900330246105028, 19.333104093942801 ], [ 72.898046506505693, 19.324835097893597 ], [ 72.877362982407888, 19.324835097893597 ] ] ] } },
{ "type": "Feature", "properties": { }, "geometry": { "type": "Polygon", "coordinates": [ [ [ 72.826729912098827, 19.3661816748413 ], [ 72.816386528452981, 19.3661816748413 ], [ 72.818673234574248, 19.374451469637357 ], [ 72.829016943040912, 19.374451469637357 ], [ 72.826729912098827, 19.3661816748413 ] ] ] } },
{ "type": "Feature", "properties": { }, "geometry": { "type": "Polygon", "coordinates": [ [ [ 72.846229786391177, 19.399261814264808 ], [ 72.848521854904533, 19.407532249484643 ], [ 72.869211873750288, 19.407532249484643 ], [ 72.866919154256792, 19.399261814264808 ], [ 72.846229786391177, 19.399261814264808 ] ] ] } },
{ "type": "Feature", "properties": { }, "geometry": { "type": "Polygon", "coordinates": [ [ [ 72.873800850909319, 19.424073600916181 ], [ 72.853109529098703, 19.424073600916181 ], [ 72.857701921562366, 19.440615594199137 ], [ 72.878394547677928, 19.440615594199137 ], [ 72.873800850909319, 19.424073600916181 ] ] ] } },
{ "type": "Feature", "properties": { }, "geometry": { "type": "Polygon", "coordinates": [ [ [ 72.828959969757278, 19.448886831733315 ], [ 72.824367174699987, 19.432344517286548 ], [ 72.803675200904436, 19.432344517286548 ], [ 72.8082666909865, 19.448886831733315 ], [ 72.828959969757278, 19.448886831733315 ] ] ] } },
{ "type": "Feature", "properties": { }, "geometry": { "type": "Polygon", "coordinates": [ [ [ 72.872646000634617, 19.457158229968478 ], [ 72.874946654935499, 19.465429788984036 ], [ 72.885293947479056, 19.465429788984036 ], [ 72.882992966515246, 19.457158229968478 ], [ 72.872646000634617, 19.457158229968478 ] ] ] } },
{ "type": "Feature", "properties": { }, "geometry": { "type": "Polygon", "coordinates": [ [ [ 72.820911171231515, 19.457158229968478 ], [ 72.810564205350872, 19.457158229968478 ], [ 72.812862899674229, 19.465429788984036 ], [ 72.823210192217786, 19.465429788984036 ], [ 72.820911171231515, 19.457158229968478 ] ] ] } },
{ "type": "Feature", "properties": { }, "geometry": { "type": "Polygon", "coordinates": [ [ [ 72.802515607130687, 19.465429788984036 ], [ 72.79216831458713, 19.465429788984036 ], [ 72.794467535515992, 19.473701508859421 ], [ 72.804815154890179, 19.473701508859421 ], [ 72.802515607130687, 19.465429788984036 ] ] ] } },
{ "type": "Feature", "properties": { }, "geometry": { "type": "Polygon", "coordinates": [ [ [ 72.767159511040816, 19.672271250628501 ], [ 72.756803997299187, 19.672271250628501 ], [ 72.759129837792528, 19.680547017863447 ], [ 72.769485682572238, 19.680547017863447 ], [ 72.767159511040816, 19.672271250628501 ] ] ] } },
{ "type": "Feature", "properties": { }, "geometry": { "type": "Polygon", "coordinates": [ [ [ 72.729346833795191, 19.721928299600112 ], [ 72.718989331291056, 19.721928299600112 ], [ 72.721320635139392, 19.730205045619289 ], [ 72.731678469695524, 19.730205045619289 ], [ 72.729346833795191, 19.721928299600112 ] ] ] } },
{ "type": "Feature", "properties": { }, "geometry": { "type": "Polygon", "coordinates": [ [ [ 73.075830796936202, 19.738481955048986 ], [ 73.065472630158936, 19.738481955048986 ], [ 73.06781727824476, 19.746759027969187 ], [ 73.078175777412355, 19.746759027969187 ], [ 73.075830796936202, 19.738481955048986 ] ] ] } },
{ "type": "Feature", "properties": { }, "geometry": { "type": "Polygon", "coordinates": [ [ [ 72.776772728864884, 19.779868956155479 ], [ 72.766412898443249, 19.779868956155479 ], [ 72.768753521254737, 19.788146847728683 ], [ 72.779113684913284, 19.788146847728683 ], [ 72.776772728864884, 19.779868956155479 ] ] ] } },
{ "type": "Feature", "properties": { }, "geometry": { "type": "Polygon", "coordinates": [ [ [ 72.742355845968717, 19.804703122867654 ], [ 72.735333407178388, 19.779868956155479 ], [ 72.724973576756767, 19.779868956155479 ], [ 72.729653346039115, 19.796424903272705 ], [ 72.719292848974192, 19.796424903272705 ], [ 72.721634184687133, 19.804703122867654 ], [ 72.742355845968717, 19.804703122867654 ] ] ] } },
{ "type": "Feature", "properties": { }, "geometry": { "type": "Polygon", "coordinates": [ [ [ 72.750341866515782, 19.978583772189253 ], [ 72.739973991547288, 19.978583772189253 ], [ 72.742340568967762, 19.986865621208175 ], [ 72.752708781252565, 19.986865621208175 ], [ 72.750341866515782, 19.978583772189253 ] ] ] } },
{ "type": "Feature", "properties": { }, "geometry": { "type": "Polygon", "coordinates": [ [ [ 72.71923824161027, 19.978583772189253 ], [ 72.723971243348345, 19.995147636125413 ], [ 72.734339793119986, 19.995147636125413 ], [ 72.729606116578779, 19.978583772189253 ], [ 72.71923824161027, 19.978583772189253 ] ] ] } },
{ "type": "Feature", "properties": { }, "geometry": { "type": "Polygon", "coordinates": [ [ [ 72.763076993537368, 19.986865621208175 ], [ 72.752708781252565, 19.986865621208175 ], [ 72.755076892663268, 19.995147636125413 ], [ 72.765445442434924, 19.995147636125413 ], [ 72.763076993537368, 19.986865621208175 ] ] ] } },
{ "type": "Feature", "properties": { }, "geometry": { "type": "Polygon", "coordinates": [ [ [ 72.889710567371907, 20.210538518460339 ], [ 72.879333182932015, 20.210538518460339 ], [ 72.881735779051951, 20.218825043130419 ], [ 72.892113505600676, 20.218825043130419 ], [ 72.889710567371907, 20.210538518460339 ] ] ] } },
{ "type": "Feature", "properties": { }, "geometry": { "type": "Polygon", "coordinates": [ [ [ 73.114631905695276, 18.127479189559715 ], [ 73.116763663136169, 18.135725874542263 ], [ 73.127060493631333, 18.135725874542263 ], [ 73.124928435980976, 18.127479189559715 ], [ 73.114631905695276, 18.127479189559715 ] ] ] } },
{ "type": "Feature", "properties": { }, "geometry": { "type": "Polygon", "coordinates": [ [ [ 73.012023769475405, 18.168714098058093 ], [ 73.014157936623519, 18.176961525217902 ], [ 73.024456270582618, 18.176961525217902 ], [ 73.022321802419384, 18.168714098058093 ], [ 73.012023769475405, 18.168714098058093 ] ] ] } },
{ "type": "Feature", "properties": { }, "geometry": { "type": "Polygon", "coordinates": [ [ [ 72.967743483799381, 18.275942269113113 ], [ 72.957441525070081, 18.275942269113113 ], [ 72.959588151215783, 18.284191634938956 ], [ 72.969890413059531, 18.284191634938956 ], [ 72.967743483799381, 18.275942269113113 ] ] ] } },
{ "type": "Feature", "properties": { }, "geometry": { "type": "Polygon", "coordinates": [ [ [ 73.169311433885838, 18.41620189543934 ], [ 73.159004300184279, 18.41620189543934 ], [ 73.161175333589497, 18.424453816116124 ], [ 73.171482773160861, 18.424453816116124 ], [ 73.169311433885838, 18.41620189543934 ] ] ] } },
{ "type": "Feature", "properties": { }, "geometry": { "type": "Polygon", "coordinates": [ [ [ 73.181790212732224, 18.424453816116124 ], [ 73.171482773160861, 18.424453816116124 ], [ 73.173655265590554, 18.432705887774002 ], [ 73.183963011194166, 18.432705887774002 ], [ 73.181790212732224, 18.424453816116124 ] ] ] } },
{ "type": "Feature", "properties": { }, "geometry": { "type": "Polygon", "coordinates": [ [ [ 73.132424283176022, 18.432705887774002 ], [ 73.12211653757241, 18.432705887774002 ], [ 73.124288652468238, 18.440958110490389 ], [ 73.134596704266627, 18.440958110490389 ], [ 73.132424283176022, 18.432705887774002 ] ] ] } },
{ "type": "Feature", "properties": { }, "geometry": { "type": "Polygon", "coordinates": [ [ [ 73.197024037611868, 18.482221492660063 ], [ 73.186714452401148, 18.482221492660063 ], [ 73.18889502490984, 18.490474623353808 ], [ 73.199204917291041, 18.490474623353808 ], [ 73.197024037611868, 18.482221492660063 ] ] ] } },
{ "type": "Feature", "properties": { }, "geometry": { "type": "Polygon", "coordinates": [ [ [ 73.14170710048657, 18.506981339621127 ], [ 73.131396593276094, 18.506981339621127 ], [ 73.133578787016958, 18.515234925349766 ], [ 73.143889601886343, 18.515234925349766 ], [ 73.14170710048657, 18.506981339621127 ] ] ] } },
{ "type": "Feature", "properties": { }, "geometry": { "type": "Polygon", "coordinates": [ [ [ 72.86511190220024, 18.630801103375589 ], [ 72.854796762985046, 18.630801103375589 ], [ 72.856987013647441, 18.639056974757736 ], [ 72.86730246296905, 18.639056974757736 ], [ 72.86511190220024, 18.630801103375589 ] ] ] } },
{ "type": "Feature", "properties": { }, "geometry": { "type": "Polygon", "coordinates": [ [ [ 72.982954858373006, 18.87854411561359 ], [ 72.972630344678024, 18.87854411561359 ], [ 72.974856939365779, 18.886804610868516 ], [ 72.98518176808993, 18.886804610868516 ], [ 72.982954858373006, 18.87854411561359 ] ] ] } },
{ "type": "Feature", "properties": { }, "geometry": { "type": "Polygon", "coordinates": [ [ [ 73.104953196674202, 18.98594269284585 ], [ 73.094624574738788, 18.98594269284585 ], [ 73.09686918325842, 18.994205213631318 ], [ 73.107198122367819, 18.994205213631318 ], [ 73.104953196674202, 18.98594269284585 ] ] ] } },
{ "type": "Feature", "properties": { }, "geometry": { "type": "Polygon", "coordinates": [ [ [ 73.148513878805375, 18.994205213631318 ], [ 73.138184939696004, 18.994205213631318 ], [ 73.140431987233981, 19.002467890775772 ], [ 73.150761243682624, 19.002467890775772 ], [ 73.148513878805375, 18.994205213631318 ] ] ] } },
{ "type": "Feature", "properties": { }, "geometry": { "type": "Polygon", "coordinates": [ [ [ 73.117527061477205, 18.994205213631318 ], [ 73.107198122367819, 18.994205213631318 ], [ 73.10944421788804, 19.002467890775772 ], [ 73.119773474336696, 19.002467890775772 ], [ 73.117527061477205, 18.994205213631318 ] ] ] } },
{ "type": "Feature", "properties": { }, "geometry": { "type": "Polygon", "coordinates": [ [ [ 73.369930832363565, 19.01073072435771 ], [ 73.390589980270008, 19.01073072435771 ], [ 73.388334142001554, 19.002467890775772 ], [ 73.367675629104241, 19.002467890775772 ], [ 73.369930832363565, 19.01073072435771 ] ] ] } },
{ "type": "Feature", "properties": { }, "geometry": { "type": "Polygon", "coordinates": [ [ [ 73.029054891907109, 19.01073072435771 ], [ 73.018725317953908, 19.01073072435771 ], [ 73.020970894992274, 19.018993714455657 ], [ 73.031300786615432, 19.018993714455657 ], [ 73.029054891907109, 19.01073072435771 ] ] ] } },
{ "type": "Feature", "properties": { }, "geometry": { "type": "Polygon", "coordinates": [ [ [ 73.010641003369116, 19.018993714455657 ], [ 73.00031111174593, 19.018993714455657 ], [ 73.002557222346383, 19.027256861148128 ], [ 73.012887431804899, 19.027256861148128 ], [ 73.010641003369116, 19.018993714455657 ] ] ] } },
{ "type": "Feature", "properties": { }, "geometry": { "type": "Polygon", "coordinates": [ [ [ 73.066787666902798, 19.035520164513692 ], [ 73.06903802519966, 19.043783624630908 ], [ 73.079368870825235, 19.043783624630908 ], [ 73.0771181943621, 19.035520164513692 ], [ 73.066787666902798, 19.035520164513692 ] ] ] } },
{ "type": "Feature", "properties": { }, "geometry": { "type": "Polygon", "coordinates": [ [ [ 73.071289554286892, 19.052047241578347 ], [ 73.06903802519966, 19.043783624630908 ], [ 73.058707179574071, 19.043783624630908 ], [ 73.060958390329503, 19.052047241578347 ], [ 73.071289554286892, 19.052047241578347 ] ] ] } },
{ "type": "Feature", "properties": { }, "geometry": { "type": "Polygon", "coordinates": [ [ [ 73.042547807099211, 19.060311015434628 ], [ 73.032216324644438, 19.060311015434628 ], [ 73.034468921557817, 19.06857494627835 ], [ 73.044800722675589, 19.06857494627835 ], [ 73.042547807099211, 19.060311015434628 ] ] ] } },
{ "type": "Feature", "properties": { }, "geometry": { "type": "Polygon", "coordinates": [ [ [ 73.083873736918363, 19.060311015434628 ], [ 73.073542254463575, 19.060311015434628 ], [ 73.07579612602899, 19.06857494627835 ], [ 73.086127927146777, 19.06857494627835 ], [ 73.083873736918363, 19.060311015434628 ] ] ] } },
{ "type": "Feature", "properties": { }, "geometry": { "type": "Polygon", "coordinates": [ [ [ 73.137786932735736, 19.06857494627835 ], [ 73.127455131617936, 19.06857494627835 ], [ 73.129711769014861, 19.076839034188158 ], [ 73.14004388896133, 19.076839034188158 ], [ 73.137786932735736, 19.06857494627835 ] ] ] } },
{ "type": "Feature", "properties": { }, "geometry": { "type": "Polygon", "coordinates": [ [ [ 73.119379649068406, 19.076839034188158 ], [ 73.109047529121952, 19.076839034188158 ], [ 73.111304701346526, 19.085103279242684 ], [ 73.121637140287348, 19.085103279242684 ], [ 73.119379649068406, 19.076839034188158 ] ] ] } },
{ "type": "Feature", "properties": { }, "geometry": { "type": "Polygon", "coordinates": [ [ [ 73.295025688158148, 19.076839034188158 ], [ 73.297288602281284, 19.085103279242684 ], [ 73.30762104122212, 19.085103279242684 ], [ 73.305357808104603, 19.076839034188158 ], [ 73.295025688158148, 19.076839034188158 ] ] ] } },
{ "type": "Feature", "properties": { }, "geometry": { "type": "Polygon", "coordinates": [ [ [ 73.320218208374683, 19.093367681520611 ], [ 73.317953480162942, 19.085103279242684 ], [ 73.30762104122212, 19.085103279242684 ], [ 73.30988545027374, 19.093367681520611 ], [ 73.320218208374683, 19.093367681520611 ] ] ] } },
{ "type": "Feature", "properties": { }, "geometry": { "type": "Polygon", "coordinates": [ [ [ 73.308620815445451, 19.12642686444007 ], [ 73.299552692172824, 19.093367681520611 ], [ 73.289219934071895, 19.093367681520611 ], [ 73.296018302892421, 19.118161832481615 ], [ 73.285684586316265, 19.118161832481615 ], [ 73.287952742646169, 19.12642686444007 ], [ 73.308620815445451, 19.12642686444007 ] ] ] } },
{ "type": "Feature", "properties": { }, "geometry": { "type": "Polygon", "coordinates": [ [ [ 73.275350869740123, 19.118161832481615 ], [ 73.265017153163981, 19.118161832481615 ], [ 73.267284669846887, 19.12642686444007 ], [ 73.277618706246528, 19.12642686444007 ], [ 73.275350869740123, 19.118161832481615 ] ] ] } },
{ "type": "Feature", "properties": { }, "geometry": { "type": "Polygon", "coordinates": [ [ [ 73.027341671912808, 19.118161832481615 ], [ 73.017007955336666, 19.118161832481615 ], [ 73.019267796255377, 19.12642686444007 ], [ 73.029601832655032, 19.12642686444007 ], [ 73.027341671912808, 19.118161832481615 ] ] ] } },
{ "type": "Feature", "properties": { }, "geometry": { "type": "Polygon", "coordinates": [ [ [ 73.259219006752161, 19.134692054015492 ], [ 73.256950633447232, 19.12642686444007 ], [ 73.246616597047577, 19.12642686444007 ], [ 73.253424287039991, 19.151222906332265 ], [ 73.243089290173941, 19.151222906332265 ], [ 73.247632994451635, 19.167754390062253 ], [ 73.237297356444259, 19.167754390062253 ], [ 73.239570654048308, 19.176020368904233 ], [ 73.270578530530059, 19.176020368904233 ], [ 73.268304270466373, 19.167754390062253 ], [ 73.257968632458997, 19.167754390062253 ], [ 73.255695871005585, 19.159488569231204 ], [ 73.26603118835925, 19.159488569231204 ], [ 73.261488556804451, 19.14295740128663 ], [ 73.271823233349025, 19.14295740128663 ], [ 73.269553363141284, 19.134692054015492 ], [ 73.259219006752161, 19.134692054015492 ] ] ] } },
{ "type": "Feature", "properties": { }, "geometry": { "type": "Polygon", "coordinates": [ [ [ 73.230484527170731, 19.14295740128663 ], [ 73.232754293307863, 19.151222906332265 ], [ 73.243089290173941, 19.151222906332265 ], [ 73.240819203715304, 19.14295740128663 ], [ 73.230484527170731, 19.14295740128663 ] ] ] } },
{ "type": "Feature", "properties": { }, "geometry": { "type": "Polygon", "coordinates": [ [ [ 73.232754293307863, 19.151222906332265 ], [ 73.222419296441771, 19.151222906332265 ], [ 73.22468991894462, 19.159488569231204 ], [ 73.23502523629827, 19.159488569231204 ], [ 73.232754293307863, 19.151222906332265 ] ] ] } },
{ "type": "Feature", "properties": { }, "geometry": { "type": "Polygon", "coordinates": [ [ [ 73.015719359120311, 19.151222906332265 ], [ 73.005384362254262, 19.151222906332265 ], [ 73.007648254517761, 19.159488569231204 ], [ 73.017983571871412, 19.159488569231204 ], [ 73.015719359120311, 19.151222906332265 ] ] ] } },
{ "type": "Feature", "properties": { }, "geometry": { "type": "Polygon", "coordinates": [ [ [ 73.185619166407406, 19.167754390062253 ], [ 73.195954804414754, 19.167754390062253 ], [ 73.191414305843551, 19.151222906332265 ], [ 73.181079308977502, 19.151222906332265 ], [ 73.183348649529975, 19.159488569231204 ], [ 73.162678014822646, 19.159488569231204 ], [ 73.177554901084775, 19.176020368904233 ], [ 73.187890859912031, 19.176020368904233 ], [ 73.185619166407406, 19.167754390062253 ] ] ] } },
{ "type": "Feature", "properties": { }, "geometry": { "type": "Polygon", "coordinates": [ [ [ 73.214354601590955, 19.159488569231204 ], [ 73.218898736393797, 19.176020368904233 ], [ 73.229234695221052, 19.176020368904233 ], [ 73.22468991894462, 19.159488569231204 ], [ 73.214354601590955, 19.159488569231204 ] ] ] } },
{ "type": "Feature", "properties": { }, "geometry": { "type": "Polygon", "coordinates": [ [ [ 73.21311097994446, 19.192552800936411 ], [ 73.218898736393797, 19.176020368904233 ], [ 73.195954804414754, 19.167754390062253 ], [ 73.200500010159715, 19.184286505835999 ], [ 73.190163730346384, 19.184286505835999 ], [ 73.192437778013087, 19.192552800936411 ], [ 73.21311097994446, 19.192552800936411 ] ] ] } },
{ "type": "Feature", "properties": { }, "geometry": { "type": "Polygon", "coordinates": [ [ [ 73.309646822495878, 19.167754390062253 ], [ 73.299311184488502, 19.167754390062253 ], [ 73.30158640701184, 19.176020368904233 ], [ 73.311922365839109, 19.176020368904233 ], [ 73.309646822495878, 19.167754390062253 ] ] ] } },
{ "type": "Feature", "properties": { }, "geometry": { "type": "Polygon", "coordinates": [ [ [ 73.239570654048308, 19.176020368904233 ], [ 73.229234695221052, 19.176020368904233 ], [ 73.231508849599777, 19.184286505835999 ], [ 73.241845129413122, 19.184286505835999 ], [ 73.239570654048308, 19.176020368904233 ] ] ] } },
{ "type": "Feature", "properties": { }, "geometry": { "type": "Polygon", "coordinates": [ [ [ 73.0328514775032, 19.176020368904233 ], [ 73.022515518675931, 19.176020368904233 ], [ 73.024783253332771, 19.184286505835999 ], [ 73.03511953314613, 19.184286505835999 ], [ 73.0328514775032, 19.176020368904233 ] ] ] } },
{ "type": "Feature", "properties": { }, "geometry": { "type": "Polygon", "coordinates": [ [ [ 73.280914489357329, 19.176020368904233 ], [ 73.270578530530059, 19.176020368904233 ], [ 73.272853968853155, 19.184286505835999 ], [ 73.283190248666514, 19.184286505835999 ], [ 73.280914489357329, 19.176020368904233 ] ] ] } },
{ "type": "Feature", "properties": { }, "geometry": { "type": "Polygon", "coordinates": [ [ [ 73.078735167390391, 19.192552800936411 ], [ 73.068398566424705, 19.192552800936411 ], [ 73.070669935802911, 19.200819254284337 ], [ 73.081006858087235, 19.200819254284337 ], [ 73.078735167390391, 19.192552800936411 ] ] ] } },
{ "type": "Feature", "properties": { }, "geometry": { "type": "Polygon", "coordinates": [ [ [ 73.207326650024697, 19.209085865958688 ], [ 73.196989406255369, 19.209085865958688 ], [ 73.199266987437341, 19.217352636038363 ], [ 73.209604552858039, 19.217352636038363 ], [ 73.207326650024697, 19.209085865958688 ] ] ] } },
{ "type": "Feature", "properties": { }, "geometry": { "type": "Polygon", "coordinates": [ [ [ 73.137241594913149, 19.217352636038363 ], [ 73.134965943639386, 19.209085865958688 ], [ 73.114291456100716, 19.209085865958688 ], [ 73.116566464071738, 19.217352636038363 ], [ 73.137241594913149, 19.217352636038363 ] ] ] } },
{ "type": "Feature", "properties": { }, "geometry": { "type": "Polygon", "coordinates": [ [ [ 73.186652162486041, 19.209085865958688 ], [ 73.176314918716699, 19.209085865958688 ], [ 73.178591856595943, 19.217352636038363 ], [ 73.188929422016642, 19.217352636038363 ], [ 73.186652162486041, 19.209085865958688 ] ] ] } },
{ "type": "Feature", "properties": { }, "geometry": { "type": "Polygon", "coordinates": [ [ [ 73.201545747064486, 19.22561956460229 ], [ 73.191207859825994, 19.22561956460229 ], [ 73.19348747621774, 19.233886651729414 ], [ 73.203825685440492, 19.233886651729414 ], [ 73.201545747064486, 19.22561956460229 ] ] ] } },
{ "type": "Feature", "properties": { }, "geometry": { "type": "Polygon", "coordinates": [ [ [ 73.180869972587487, 19.22561956460229 ], [ 73.170532085348995, 19.22561956460229 ], [ 73.172811057772222, 19.233886651729414 ], [ 73.183149266994988, 19.233886651729414 ], [ 73.180869972587487, 19.22561956460229 ] ] ] } },
{ "type": "Feature", "properties": { }, "geometry": { "type": "Polygon", "coordinates": [ [ [ 73.098166874679535, 19.22561956460229 ], [ 73.100443593212887, 19.233886651729414 ], [ 73.121120011658419, 19.233886651729414 ], [ 73.11884264915652, 19.22561956460229 ], [ 73.098166874679535, 19.22561956460229 ] ] ] } },
{ "type": "Feature", "properties": { }, "geometry": { "type": "Polygon", "coordinates": [ [ [ 73.040690300892734, 19.242153897498699 ], [ 73.051028832266269, 19.242153897498699 ], [ 73.048752547099099, 19.233886651729414 ], [ 73.038414337876333, 19.233886651729414 ], [ 73.040690300892734, 19.242153897498699 ] ] ] } },
{ "type": "Feature", "properties": { }, "geometry": { "type": "Polygon", "coordinates": [ [ [ 73.061367363639803, 19.242153897498699 ], [ 73.051028832266269, 19.242153897498699 ], [ 73.053306294292028, 19.250421301989128 ], [ 73.063645147982896, 19.250421301989128 ], [ 73.061367363639803, 19.242153897498699 ] ] ] } },
{ "type": "Feature", "properties": { }, "geometry": { "type": "Polygon", "coordinates": [ [ [ 73.144075614628093, 19.242153897498699 ], [ 73.148637519053239, 19.258688865279687 ], [ 73.15897669522802, 19.258688865279687 ], [ 73.154414146001628, 19.242153897498699 ], [ 73.144075614628093, 19.242153897498699 ] ] ] } },
{ "type": "Feature", "properties": { }, "geometry": { "type": "Polygon", "coordinates": [ [ [ 73.402538898966483, 19.242153897498699 ], [ 73.392200367592949, 19.242153897498699 ], [ 73.399068211371301, 19.266956587449382 ], [ 73.409407710196646, 19.266956587449382 ], [ 73.402538898966483, 19.242153897498699 ] ] ] } },
{ "type": "Feature", "properties": { }, "geometry": { "type": "Polygon", "coordinates": [ [ [ 73.368049714895193, 19.266956587449382 ], [ 73.370340393837267, 19.27522446857725 ], [ 73.391020037122502, 19.27522446857725 ], [ 73.388728712545941, 19.266956587449382 ], [ 73.368049714895193, 19.266956587449382 ] ] ] } },
{ "type": "Feature", "properties": { }, "geometry": { "type": "Polygon", "coordinates": [ [ [ 73.413992834362105, 19.283492508742331 ], [ 73.411699680407736, 19.27522446857725 ], [ 73.391020037122502, 19.27522446857725 ], [ 73.393312545108927, 19.283492508742331 ], [ 73.413992834362105, 19.283492508742331 ] ] ] } },
{ "type": "Feature", "properties": { }, "geometry": { "type": "Polygon", "coordinates": [ [ [ 73.310628558895075, 19.432344517286548 ], [ 73.3002825719973, 19.432344517286548 ], [ 73.302593383046798, 19.440615594199137 ], [ 73.312939696104579, 19.440615594199137 ], [ 73.310628558895075, 19.432344517286548 ] ] ] } },
{ "type": "Feature", "properties": { }, "geometry": { "type": "Polygon", "coordinates": [ [ [ 73.333632322220126, 19.440615594199137 ], [ 73.323286009162359, 19.440615594199137 ], [ 73.325598660255551, 19.448886831733315 ], [ 73.335945299640926, 19.448886831733315 ], [ 73.333632322220126, 19.440615594199137 ] ] ] } },
{ "type": "Feature", "properties": { }, "geometry": { "type": "Polygon", "coordinates": [ [ [ 73.480736364050486, 19.705375297473417 ], [ 73.478384086566123, 19.697099041206009 ], [ 73.46802757920355, 19.697099041206009 ], [ 73.470379525143102, 19.705375297473417 ], [ 73.480736364050486, 19.705375297473417 ] ] ] } },
{ "type": "Feature", "properties": { }, "geometry": { "type": "Polygon", "coordinates": [ [ [ 73.480736364050486, 19.705375297473417 ], [ 73.483089840621929, 19.713651716911471 ], [ 73.493447011243163, 19.713651716911471 ], [ 73.491093202957885, 19.705375297473417 ], [ 73.480736364050486, 19.705375297473417 ] ] ] } },
{ "type": "Feature", "properties": { }, "geometry": { "type": "Polygon", "coordinates": [ [ [ 73.43365700407648, 19.721928299600112 ], [ 73.42329950157233, 19.721928299600112 ], [ 73.425653384956291, 19.730205045619289 ], [ 73.436011219512409, 19.730205045619289 ], [ 73.43365700407648, 19.721928299600112 ] ] ] } },
{ "type": "Feature", "properties": { }, "geometry": { "type": "Polygon", "coordinates": [ [ [ 73.349851576697674, 19.755036264459903 ], [ 73.339492744970542, 19.755036264459903 ], [ 73.341848431790481, 19.763313664601156 ], [ 73.352207596246458, 19.763313664601156 ], [ 73.349851576697674, 19.755036264459903 ] ] ] } },
{ "type": "Feature", "properties": { }, "geometry": { "type": "Polygon", "coordinates": [ [ [ 73.412004567060507, 19.755036264459903 ], [ 73.414362582982235, 19.763313664601156 ], [ 73.424721747438184, 19.763313664601156 ], [ 73.422363398787652, 19.755036264459903 ], [ 73.412004567060507, 19.755036264459903 ] ] ] } },
{ "type": "Feature", "properties": { }, "geometry": { "type": "Polygon", "coordinates": [ [ [ 73.354564814733294, 19.771591228472989 ], [ 73.356923232475808, 19.779868956155479 ], [ 73.367283062897428, 19.779868956155479 ], [ 73.364924312087396, 19.771591228472989 ], [ 73.354564814733294, 19.771591228472989 ] ] ] } },
{ "type": "Feature", "properties": { }, "geometry": { "type": "Polygon", "coordinates": [ [ [ 73.408722384583925, 19.779868956155479 ], [ 73.398362554162304, 19.779868956155479 ], [ 73.400723504425997, 19.788146847728683 ], [ 73.411083668084544, 19.788146847728683 ], [ 73.408722384583925, 19.779868956155479 ] ] ] } },
{ "type": "Feature", "properties": { }, "geometry": { "type": "Polygon", "coordinates": [ [ [ 73.523970443691766, 19.9288961574327 ], [ 73.513604589042217, 19.9288961574327 ], [ 73.515989552504251, 19.937177012751924 ], [ 73.526355743447795, 19.937177012751924 ], [ 73.523970443691766, 19.9288961574327 ] ] ] } },
{ "type": "Feature", "properties": { }, "geometry": { "type": "Polygon", "coordinates": [ [ [ 73.318190728381396, 19.970302088988124 ], [ 73.307823190558679, 19.970302088988124 ], [ 73.310207114815142, 19.978583772189253 ], [ 73.320574989783665, 19.978583772189253 ], [ 73.318190728381396, 19.970302088988124 ] ] ] } },
{ "type": "Feature", "properties": { }, "geometry": { "type": "Polygon", "coordinates": [ [ [ 73.338103897096559, 20.003429817021484 ], [ 73.327735009667478, 20.003429817021484 ], [ 73.330124095931154, 20.011712163976949 ], [ 73.340493321188291, 20.011712163976949 ], [ 73.338103897096559, 20.003429817021484 ] ] ] } },
{ "type": "Feature", "properties": { }, "geometry": { "type": "Polygon", "coordinates": [ [ [ 73.635974812826589, 20.5587182724469 ], [ 73.625582911330255, 20.5587182724469 ], [ 73.628058136104585, 20.567011929802273 ], [ 73.638450386967151, 20.567011929802273 ], [ 73.635974812826589, 20.5587182724469 ] ] ] } },
{ "type": "Feature", "properties": { }, "geometry": { "type": "Polygon", "coordinates": [ [ [ 73.981362680983949, 21.181224249943849 ], [ 73.970944091413472, 21.181224249943849 ], [ 73.97351807040026, 21.189531003911455 ], [ 73.983937022508101, 21.189531003911455 ], [ 73.981362680983949, 21.181224249943849 ] ] ] } },
{ "type": "Feature", "properties": { }, "geometry": { "type": "Polygon", "coordinates": [ [ [ 74.103455547801317, 21.405569246135077 ], [ 74.093027107273343, 21.405569246135077 ], [ 74.095637074611872, 21.413880829006239 ], [ 74.106065882487357, 21.413880829006239 ], [ 74.103455547801317, 21.405569246135077 ] ] ] } },
{ "type": "Feature", "properties": { }, "geometry": { "type": "Polygon", "coordinates": [ [ [ 73.908006017830502, 21.54689069434729 ], [ 73.910629490307443, 21.555205348921323 ], [ 73.921064570499212, 21.555205348921323 ], [ 73.918440727627043, 21.54689069434729 ], [ 73.908006017830502, 21.54689069434729 ] ] ] } },
{ "type": "Feature", "properties": { }, "geometry": { "type": "Polygon", "coordinates": [ [ [ 73.837583928965032, 21.555205348921323 ], [ 73.840206080518968, 21.563520184939193 ], [ 73.850641531285731, 21.563520184939193 ], [ 73.848019009156801, 21.555205348921323 ], [ 73.837583928965032, 21.555205348921323 ] ] ] } },
{ "type": "Feature", "properties": { }, "geometry": { "type": "Polygon", "coordinates": [ [ [ 73.954996038953354, 21.563520184939193 ], [ 73.94456058818659, 21.563520184939193 ], [ 73.947187719498956, 21.571835202484962 ], [ 73.957623541020496, 21.571835202484962 ], [ 73.954996038953354, 21.563520184939193 ] ] ] } },
{ "type": "Feature", "properties": { }, "geometry": { "type": "Polygon", "coordinates": [ [ [ 74.009802648628209, 21.571835202484962 ], [ 73.999366827106655, 21.571835202484962 ], [ 74.001997087468325, 21.580150401642697 ], [ 74.012433279924508, 21.580150401642697 ], [ 74.009802648628209, 21.571835202484962 ] ] ] } },
{ "type": "Feature", "properties": { }, "geometry": { "type": "Polygon", "coordinates": [ [ [ 73.947187719498956, 21.571835202484962 ], [ 73.936751897977402, 21.571835202484962 ], [ 73.939379932731299, 21.580150401642697 ], [ 73.949816125187482, 21.580150401642697 ], [ 73.947187719498956, 21.571835202484962 ] ] ] } },
{ "type": "Feature", "properties": { }, "geometry": { "type": "Polygon", "coordinates": [ [ [ 74.01840861333136, 21.763130901375359 ], [ 74.007964214706675, 21.763130901375359 ], [ 74.01062203308021, 21.771450300860828 ], [ 74.021066806790415, 21.771450300860828 ], [ 74.01840861333136, 21.763130901375359 ] ] ] } },
{ "type": "Feature", "properties": { }, "geometry": { "type": "Polygon", "coordinates": [ [ [ 73.289569228809171, 16.892111953693661 ], [ 73.27931592794755, 16.892111953693661 ], [ 73.281291907235214, 16.900337258421622 ], [ 73.291545484577469, 16.900337258421622 ], [ 73.289569228809171, 16.892111953693661 ] ] ] } },
{ "type": "Feature", "properties": { }, "geometry": { "type": "Polygon", "coordinates": [ [ [ 73.303776705583886, 16.908562700067922 ], [ 73.293522851605573, 16.908562700067922 ], [ 73.295501330146053, 16.916788278707248 ], [ 73.305755460915961, 16.916788278707248 ], [ 73.303776705583886, 16.908562700067922 ] ] ] } },
{ "type": "Feature", "properties": { }, "geometry": { "type": "Polygon", "coordinates": [ [ [ 73.313357696833108, 16.99082466347928 ], [ 73.31534730442894, 16.999051616160241 ], [ 73.305090397182823, 16.999051616160241 ], [ 73.307080840576816, 17.007278706656795 ], [ 73.32759521207791, 17.007278706656795 ], [ 73.323614325730659, 16.99082466347928 ], [ 73.313357696833108, 16.99082466347928 ] ] ] } },
{ "type": "Feature", "properties": { }, "geometry": { "type": "Polygon", "coordinates": [ [ [ 73.545697333956753, 17.51763059924042 ], [ 73.535422574972429, 17.51763059924042 ], [ 73.537486614553359, 17.525866523625158 ], [ 73.547761661936235, 17.525866523625158 ], [ 73.545697333956753, 17.51763059924042 ] ] ] } },
{ "type": "Feature", "properties": { }, "geometry": { "type": "Polygon", "coordinates": [ [ [ 73.169639692699974, 17.534102590645002 ], [ 73.159364356760321, 17.534102590645002 ], [ 73.161419978938341, 17.542338800375724 ], [ 73.171695603593037, 17.542338800375724 ], [ 73.169639692699974, 17.534102590645002 ] ] ] } },
{ "type": "Feature", "properties": { }, "geometry": { "type": "Polygon", "coordinates": [ [ [ 73.173752641714273, 17.55057515289311 ], [ 73.163476728186254, 17.55057515289311 ], [ 73.165534604769732, 17.558811648272954 ], [ 73.175810807329412, 17.558811648272954 ], [ 73.173752641714273, 17.55057515289311 ] ] ] } },
{ "type": "Feature", "properties": { }, "geometry": { "type": "Polygon", "coordinates": [ [ [ 73.488318235144391, 17.616471122450715 ], [ 73.478040004926456, 17.616471122450715 ], [ 73.480115328472806, 17.624708763460674 ], [ 73.49039384899045, 17.624708763460674 ], [ 73.488318235144391, 17.616471122450715 ] ] ] } },
{ "type": "Feature", "properties": { }, "geometry": { "type": "Polygon", "coordinates": [ [ [ 73.487043555671079, 18.094493930909628 ], [ 73.47674822461353, 18.094493930909628 ], [ 73.478886194729768, 18.102740023533769 ], [ 73.489181825352972, 18.102740023533769 ], [ 73.487043555671079, 18.094493930909628 ] ] ] } },
{ "type": "Feature", "properties": { }, "geometry": { "type": "Polygon", "coordinates": [ [ [ 73.470729382793763, 18.110986264132293 ], [ 73.481025313143519, 18.110986264132293 ], [ 73.478886194729768, 18.102740023533769 ], [ 73.468590564106563, 18.102740023533769 ], [ 73.470729382793763, 18.110986264132293 ] ] ] } },
{ "type": "Feature", "properties": { }, "geometry": { "type": "Polygon", "coordinates": [ [ [ 73.276339826935413, 18.23469768229911 ], [ 73.278490403160419, 18.242946300943508 ], [ 73.288791151048784, 18.242946300943508 ], [ 73.286640272517573, 18.23469768229911 ], [ 73.276339826935413, 18.23469768229911 ] ] ] } },
{ "type": "Feature", "properties": { }, "geometry": { "type": "Polygon", "coordinates": [ [ [ 73.301244229450873, 18.251195068870032 ], [ 73.299091898937178, 18.242946300943508 ], [ 73.288791151048784, 18.242946300943508 ], [ 73.290943179094711, 18.251195068870032 ], [ 73.301244229450873, 18.251195068870032 ] ] ] } },
{ "type": "Feature", "properties": { }, "geometry": { "type": "Polygon", "coordinates": [ [ [ 73.364584160615692, 18.374944554063863 ], [ 73.354278553828038, 18.374944554063863 ], [ 73.356449927706876, 18.383195720995662 ], [ 73.366755839552766, 18.383195720995662 ], [ 73.364584160615692, 18.374944554063863 ] ] ] } },
{ "type": "Feature", "properties": { }, "geometry": { "type": "Polygon", "coordinates": [ [ [ 73.809008209863904, 18.45746300940835 ], [ 73.798699545188441, 18.45746300940835 ], [ 73.800895054036474, 18.46571568576482 ], [ 73.81120402539436, 18.46571568576482 ], [ 73.809008209863904, 18.45746300940835 ] ] ] } },
{ "type": "Feature", "properties": { }, "geometry": { "type": "Polygon", "coordinates": [ [ [ 73.867147076308868, 18.482221492660063 ], [ 73.908385417151763, 18.482221492660063 ], [ 73.914293738973328, 18.46571568576482 ], [ 73.89367579625754, 18.46571568576482 ], [ 73.895875231052344, 18.473968513489563 ], [ 73.864947396443441, 18.473968513489563 ], [ 73.867147076308868, 18.482221492660063 ] ] ] } },
{ "type": "Feature", "properties": { }, "geometry": { "type": "Polygon", "coordinates": [ [ [ 73.836218320676693, 18.482221492660063 ], [ 73.825908735465973, 18.482221492660063 ], [ 73.828108352544319, 18.490474623353808 ], [ 73.838418244925521, 18.490474623353808 ], [ 73.836218320676693, 18.482221492660063 ] ] ] } },
{ "type": "Feature", "properties": { }, "geometry": { "type": "Polygon", "coordinates": [ [ [ 73.857540724463817, 18.523488662911802 ], [ 73.847229601772653, 18.523488662911802 ], [ 73.849435357395393, 18.531742552384816 ], [ 73.859746788071263, 18.531742552384816 ], [ 73.857540724463817, 18.523488662911802 ] ] ] } },
{ "type": "Feature", "properties": { }, "geometry": { "type": "Polygon", "coordinates": [ [ [ 73.777255342664432, 18.531742552384816 ], [ 73.766943911988562, 18.531742552384816 ], [ 73.769148369574296, 18.539996593846389 ], [ 73.779460108397814, 18.539996593846389 ], [ 73.777255342664432, 18.531742552384816 ] ] ] } },
{ "type": "Feature", "properties": { }, "geometry": { "type": "Polygon", "coordinates": [ [ [ 73.853850370364043, 18.54825078737413 ], [ 73.849435357395393, 18.531742552384816 ], [ 73.839123926719552, 18.531742552384816 ], [ 73.843538323229851, 18.54825078737413 ], [ 73.853850370364043, 18.54825078737413 ] ] ] } },
{ "type": "Feature", "properties": { }, "geometry": { "type": "Polygon", "coordinates": [ [ [ 73.818501065367826, 18.531742552384816 ], [ 73.820707063691884, 18.539996593846389 ], [ 73.831018802515402, 18.539996593846389 ], [ 73.828812496043696, 18.531742552384816 ], [ 73.818501065367826, 18.531742552384816 ] ] ] } },
{ "type": "Feature", "properties": { }, "geometry": { "type": "Polygon", "coordinates": [ [ [ 73.779460108397814, 18.539996593846389 ], [ 73.78387313903535, 18.556505133045665 ], [ 73.794185494643273, 18.556505133045665 ], [ 73.789771847221331, 18.539996593846389 ], [ 73.779460108397814, 18.539996593846389 ] ] ] } },
{ "type": "Feature", "properties": { }, "geometry": { "type": "Polygon", "coordinates": [ [ [ 73.881107594571574, 18.573014281130686 ], [ 73.914260821367904, 18.581269083699478 ], [ 73.909833375456756, 18.564759630938632 ], [ 73.920146039701478, 18.564759630938632 ], [ 73.915722653169198, 18.54825078737413 ], [ 73.92603470030339, 18.54825078737413 ], [ 73.923824451927075, 18.539996593846389 ], [ 73.892889235456522, 18.539996593846389 ], [ 73.895098558900813, 18.54825078737413 ], [ 73.876684339506554, 18.556505133045665 ], [ 73.881107594571574, 18.573014281130686 ] ], [ [ 73.89730905072237, 18.556505133045665 ], [ 73.899520711212048, 18.564759630938632 ], [ 73.889208046967326, 18.564759630938632 ], [ 73.886996695114448, 18.556505133045665 ], [ 73.89730905072237, 18.556505133045665 ] ] ] } },
{ "type": "Feature", "properties": { }, "geometry": { "type": "Polygon", "coordinates": [ [ [ 73.796394068764883, 18.564759630938632 ], [ 73.786081404520161, 18.564759630938632 ], [ 73.788290837169725, 18.573014281130686 ], [ 73.798603810214374, 18.573014281130686 ], [ 73.796394068764883, 18.564759630938632 ] ] ] } },
{ "type": "Feature", "properties": { }, "geometry": { "type": "Polygon", "coordinates": [ [ [ 73.827332061499021, 18.564759630938632 ], [ 73.817019397254313, 18.564759630938632 ], [ 73.819229756303685, 18.573014281130686 ], [ 73.829542729348319, 18.573014281130686 ], [ 73.827332061499021, 18.564759630938632 ] ] ] } },
{ "type": "Feature", "properties": { }, "geometry": { "type": "Polygon", "coordinates": [ [ [ 73.790501437274855, 18.581269083699478 ], [ 73.780188155267112, 18.581269083699478 ], [ 73.782399613992482, 18.589524038722722 ], [ 73.792713205126546, 18.589524038722722 ], [ 73.790501437274855, 18.581269083699478 ] ] ] } },
{ "type": "Feature", "properties": { }, "geometry": { "type": "Polygon", "coordinates": [ [ [ 73.824419849213172, 18.630801103375589 ], [ 73.814104709997963, 18.630801103375589 ], [ 73.816323800557797, 18.639056974757736 ], [ 73.82663924987942, 18.639056974757736 ], [ 73.824419849213172, 18.630801103375589 ] ] ] } },
{ "type": "Feature", "properties": { }, "geometry": { "type": "Polygon", "coordinates": [ [ [ 73.828859820661847, 18.647312999138553 ], [ 73.831081561853139, 18.655569176595865 ], [ 73.841397631878124, 18.655569176595865 ], [ 73.839175580253382, 18.647312999138553 ], [ 73.828859820661847, 18.647312999138553 ] ] ] } },
{ "type": "Feature", "properties": { }, "geometry": { "type": "Polygon", "coordinates": [ [ [ 73.895202757478316, 18.663825507207484 ], [ 73.897428704930064, 18.672081991051261 ], [ 73.907745396312748, 18.672081991051261 ], [ 73.905519138100331, 18.663825507207484 ], [ 73.895202757478316, 18.663825507207484 ] ] ] } },
{ "type": "Feature", "properties": { }, "geometry": { "type": "Polygon", "coordinates": [ [ [ 73.732361642807334, 18.672081991051261 ], [ 73.722044951424678, 18.672081991051261 ], [ 73.724266785433272, 18.680338628205071 ], [ 73.734583787740235, 18.680338628205071 ], [ 73.732361642807334, 18.672081991051261 ] ] ] } },
{ "type": "Feature", "properties": { }, "geometry": { "type": "Polygon", "coordinates": [ [ [ 73.665390266110265, 18.729881675000314 ], [ 73.655071394818322, 18.729881675000314 ], [ 73.657298926889581, 18.738139387505619 ], [ 73.667618110252604, 18.738139387505619 ], [ 73.665390266110265, 18.729881675000314 ] ] ] } },
{ "type": "Feature", "properties": { }, "geometry": { "type": "Polygon", "coordinates": [ [ [ 73.619083414494682, 18.787688897870709 ], [ 73.608762355260069, 18.787688897870709 ], [ 73.610996207880675, 18.795947689548829 ], [ 73.621317580335116, 18.795947689548829 ], [ 73.619083414494682, 18.787688897870709 ] ] ] } },
{ "type": "Feature", "properties": { }, "geometry": { "type": "Polygon", "coordinates": [ [ [ 73.511649814578973, 19.300029066500379 ], [ 73.501309023484069, 19.300029066500379 ], [ 73.503608318380316, 19.308297584251523 ], [ 73.513949432959649, 19.308297584251523 ], [ 73.511649814578973, 19.300029066500379 ] ] ] } },
{ "type": "Feature", "properties": { }, "geometry": { "type": "Polygon", "coordinates": [ [ [ 73.628090229319255, 19.713651716911471 ], [ 73.617733058698022, 19.713651716911471 ], [ 73.620092049150927, 19.721928299600112 ], [ 73.630449551655062, 19.721928299600112 ], [ 73.628090229319255, 19.713651716911471 ] ] ] } },
{ "type": "Feature", "properties": { }, "geometry": { "type": "Polygon", "coordinates": [ [ [ 73.644630740648424, 19.771591228472989 ], [ 73.649367432231074, 19.788146847728683 ], [ 73.65972759588962, 19.788146847728683 ], [ 73.65499023800254, 19.771591228472989 ], [ 73.644630740648424, 19.771591228472989 ] ] ] } },
{ "type": "Feature", "properties": { }, "geometry": { "type": "Polygon", "coordinates": [ [ [ 73.984028380163991, 19.870934795079865 ], [ 73.97366487480879, 19.870934795079865 ], [ 73.976056809363186, 19.879214494741085 ], [ 73.986420649821767, 19.879214494741085 ], [ 73.984028380163991, 19.870934795079865 ] ] ] } },
{ "type": "Feature", "properties": { }, "geometry": { "type": "Polygon", "coordinates": [ [ [ 73.842917425607453, 19.920615467448556 ], [ 73.832551907081694, 19.920615467448556 ], [ 73.834946083177812, 19.9288961574327 ], [ 73.845311937827361, 19.9288961574327 ], [ 73.842917425607453, 19.920615467448556 ] ] ] } },
{ "type": "Feature", "properties": { }, "geometry": { "type": "Polygon", "coordinates": [ [ [ 73.733679562318628, 19.937177012751924 ], [ 73.723313371375085, 19.937177012751924 ], [ 73.725706271648178, 19.945458033486648 ], [ 73.736072799055989, 19.945458033486648 ], [ 73.733679562318628, 19.937177012751924 ] ] ] } },
{ "type": "Feature", "properties": { }, "geometry": { "type": "Polygon", "coordinates": [ [ [ 73.790301567430177, 19.953739219717288 ], [ 73.779934703387795, 19.953739219717288 ], [ 73.782331710518335, 19.962020571524292 ], [ 73.792698911365676, 19.962020571524292 ], [ 73.790301567430177, 19.953739219717288 ] ] ] } },
{ "type": "Feature", "properties": { }, "geometry": { "type": "Polygon", "coordinates": [ [ [ 73.730495706281559, 19.962020571524292 ], [ 73.720128505434232, 19.962020571524292 ], [ 73.72252470346686, 19.970302088988124 ], [ 73.732892241289548, 19.970302088988124 ], [ 73.730495706281559, 19.962020571524292 ] ] ] } },
{ "type": "Feature", "properties": { }, "geometry": { "type": "Polygon", "coordinates": [ [ [ 73.776761488397966, 19.978583772189253 ], [ 73.766393613429457, 19.978583772189253 ], [ 73.768793585163522, 19.986865621208175 ], [ 73.779161797448339, 19.986865621208175 ], [ 73.776761488397966, 19.978583772189253 ] ] ] } },
{ "type": "Feature", "properties": { }, "geometry": { "type": "Polygon", "coordinates": [ [ [ 73.828600863240496, 19.978583772189253 ], [ 73.818232988272001, 19.978583772189253 ], [ 73.82063464658755, 19.986865621208175 ], [ 73.831002858872353, 19.986865621208175 ], [ 73.828600863240496, 19.978583772189253 ] ] ] } },
{ "type": "Feature", "properties": { }, "geometry": { "type": "Polygon", "coordinates": [ [ [ 73.758425372878719, 19.986865621208175 ], [ 73.748057160593916, 19.986865621208175 ], [ 73.750457670741298, 19.995147636125413 ], [ 73.760826220512939, 19.995147636125413 ], [ 73.758425372878719, 19.986865621208175 ] ] ] } },
{ "type": "Feature", "properties": { }, "geometry": { "type": "Polygon", "coordinates": [ [ [ 73.768036045964962, 20.019994677072379 ], [ 73.809514298988461, 20.019994677072379 ], [ 73.807108457759341, 20.011712163976949 ], [ 73.786370007245083, 20.011712163976949 ], [ 73.783966056546731, 20.003429817021484 ], [ 73.773597169117664, 20.003429817021484 ], [ 73.776000781987946, 20.011712163976949 ], [ 73.76563155673081, 20.011712163976949 ], [ 73.768036045964962, 20.019994677072379 ] ] ] } },
{ "type": "Feature", "properties": { }, "geometry": { "type": "Polygon", "coordinates": [ [ [ 73.819883862244339, 20.019994677072379 ], [ 73.809514298988461, 20.019994677072379 ], [ 73.811921355417979, 20.02827735638833 ], [ 73.822291256843329, 20.02827735638833 ], [ 73.819883862244339, 20.019994677072379 ] ] ] } },
{ "type": "Feature", "properties": { }, "geometry": { "type": "Polygon", "coordinates": [ [ [ 73.806368536905907, 20.044843214004288 ], [ 73.795997958629286, 20.044843214004288 ], [ 73.798407985253078, 20.053126392465536 ], [ 73.808778902211614, 20.053126392465536 ], [ 73.806368536905907, 20.044843214004288 ] ] ] } },
{ "type": "Feature", "properties": { }, "geometry": { "type": "Polygon", "coordinates": [ [ [ 73.73618248350185, 20.053126392465536 ], [ 73.738591693172637, 20.061409737469845 ], [ 73.759334204795337, 20.061409737469845 ], [ 73.756924317418921, 20.053126392465536 ], [ 73.73618248350185, 20.053126392465536 ] ] ] } },
{ "type": "Feature", "properties": { }, "geometry": { "type": "Polygon", "coordinates": [ [ [ 73.788037068294543, 20.053126392465536 ], [ 73.79044797222943, 20.061409737469845 ], [ 73.80081922804078, 20.061409737469845 ], [ 73.798407985253078, 20.053126392465536 ], [ 73.788037068294543, 20.053126392465536 ] ] ] } },
{ "type": "Feature", "properties": { }, "geometry": { "type": "Polygon", "coordinates": [ [ [ 74.051977624640045, 20.210538518460339 ], [ 74.054418879058062, 20.218825043130419 ], [ 74.064796605606787, 20.218825043130419 ], [ 74.062355009079937, 20.210538518460339 ], [ 74.051977624640045, 20.210538518460339 ] ] ] } },
{ "type": "Feature", "properties": { }, "geometry": { "type": "Polygon", "coordinates": [ [ [ 74.474788689510191, 20.890599207696177 ], [ 74.464382677313651, 20.890599207696177 ], [ 74.46693272853723, 20.898899792171868 ], [ 74.477339097090265, 20.898899792171868 ], [ 74.474788689510191, 20.890599207696177 ] ] ] } },
{ "type": "Feature", "properties": { }, "geometry": { "type": "Polygon", "coordinates": [ [ [ 74.52937093985534, 20.898899792171868 ], [ 74.51896457130232, 20.898899792171868 ], [ 74.521517662870252, 20.907200551512116 ], [ 74.531924387955499, 20.907200551512116 ], [ 74.52937093985534, 20.898899792171868 ] ] ] } },
{ "type": "Feature", "properties": { }, "geometry": { "type": "Polygon", "coordinates": [ [ [ 74.138778616867882, 20.948706974071399 ], [ 74.128370106483501, 20.948706974071399 ], [ 74.130916810903742, 20.957008784332988 ], [ 74.141325678875873, 20.957008784332988 ], [ 74.138778616867882, 20.948706974071399 ] ] ] } },
{ "type": "Feature", "properties": { }, "geometry": { "type": "Polygon", "coordinates": [ [ [ 74.320650347920036, 20.998520468935187 ], [ 74.310239689366469, 20.998520468935187 ], [ 74.312799662377103, 21.006823333093408 ], [ 74.32321067957578, 21.006823333093408 ], [ 74.320650347920036, 20.998520468935187 ] ] ] } },
{ "type": "Feature", "properties": { }, "geometry": { "type": "Polygon", "coordinates": [ [ [ 74.37744110584471, 21.114776607749519 ], [ 74.374863654000848, 21.106471449922108 ], [ 74.354032984574303, 21.106471449922108 ], [ 74.35660971453386, 21.114776607749519 ], [ 74.37744110584471, 21.114776607749519 ] ] ] } },
{ "type": "Feature", "properties": { }, "geometry": { "type": "Polygon", "coordinates": [ [ [ 74.301956311007956, 21.106471449922108 ], [ 74.291540976294669, 21.106471449922108 ], [ 74.294115540601297, 21.114776607749519 ], [ 74.304531236256722, 21.114776607749519 ], [ 74.301956311007956, 21.106471449922108 ] ] ] } },
{ "type": "Feature", "properties": { }, "geometry": { "type": "Polygon", "coordinates": [ [ [ 74.333202315147759, 21.106471449922108 ], [ 74.335778323222996, 21.114776607749519 ], [ 74.346194018878435, 21.114776607749519 ], [ 74.343617649861031, 21.106471449922108 ], [ 74.333202315147759, 21.106471449922108 ] ] ] } },
{ "type": "Feature", "properties": { }, "geometry": { "type": "Polygon", "coordinates": [ [ [ 74.411063157283323, 21.222759798259666 ], [ 74.413658341295161, 21.231067441882306 ], [ 74.424079108753233, 21.231067441882306 ], [ 74.421483561316052, 21.222759798259666 ], [ 74.411063157283323, 21.222759798259666 ] ] ] } },
{ "type": "Feature", "properties": { }, "geometry": { "type": "Polygon", "coordinates": [ [ [ 74.483982663253087, 21.255991442168042 ], [ 74.473560804452319, 21.255991442168042 ], [ 74.476162888429002, 21.264299799013603 ], [ 74.486585111366409, 21.264299799013603 ], [ 74.483982663253087, 21.255991442168042 ] ] ] } },
{ "type": "Feature", "properties": { }, "geometry": { "type": "Polygon", "coordinates": [ [ [ 74.491793823328337, 21.280917048330334 ], [ 74.512639726817497, 21.280917048330334 ], [ 74.510034005774813, 21.272608334373245 ], [ 74.489188831270823, 21.272608334373245 ], [ 74.491793823328337, 21.280917048330334 ] ] ] } },
{ "type": "Feature", "properties": { }, "geometry": { "type": "Polygon", "coordinates": [ [ [ 74.580397075463338, 21.297535012370442 ], [ 74.56997339419938, 21.297535012370442 ], [ 74.572584760078655, 21.305844262620319 ], [ 74.583008806369506, 21.305844262620319 ], [ 74.580397075463338, 21.297535012370442 ] ] ] } },
{ "type": "Feature", "properties": { }, "geometry": { "type": "Polygon", "coordinates": [ [ [ 74.59604622380067, 21.314153691801348 ], [ 74.585621812304723, 21.314153691801348 ], [ 74.588236093632588, 21.322463299996983 ], [ 74.598660870511878, 21.322463299996983 ], [ 74.59604622380067, 21.314153691801348 ] ] ] } },
{ "type": "Feature", "properties": { }, "geometry": { "type": "Polygon", "coordinates": [ [ [ 74.580426508276005, 21.330773087290719 ], [ 74.590851650716942, 21.330773087290719 ], [ 74.588236093632588, 21.322463299996983 ], [ 74.577811316753298, 21.322463299996983 ], [ 74.580426508276005, 21.330773087290719 ] ] ] } },
{ "type": "Feature", "properties": { }, "geometry": { "type": "Polygon", "coordinates": [ [ [ 74.384958320302758, 21.339083053766089 ], [ 74.374532812121814, 21.339083053766089 ], [ 74.377143237524862, 21.347393199506602 ], [ 74.387569111624217, 21.347393199506602 ], [ 74.384958320302758, 21.339083053766089 ] ] ] } },
{ "type": "Feature", "properties": { }, "geometry": { "type": "Polygon", "coordinates": [ [ [ 74.262458622431737, 21.347393199506602 ], [ 74.267675236812266, 21.3640140291173 ], [ 74.278101843283906, 21.3640140291173 ], [ 74.27288449653112, 21.347393199506602 ], [ 74.262458622431737, 21.347393199506602 ] ] ] } },
{ "type": "Feature", "properties": { }, "geometry": { "type": "Polygon", "coordinates": [ [ [ 74.259858478693388, 21.372324713154637 ], [ 74.27028545161896, 21.372324713154637 ], [ 74.267675236812266, 21.3640140291173 ], [ 74.257248630340641, 21.3640140291173 ], [ 74.259858478693388, 21.372324713154637 ] ] ] } },
{ "type": "Feature", "properties": { }, "geometry": { "type": "Polygon", "coordinates": [ [ [ 74.259858478693388, 21.372324713154637 ], [ 74.249431505767816, 21.372324713154637 ], [ 74.25204225953847, 21.380635576791448 ], [ 74.262469599096619, 21.380635576791448 ], [ 74.259858478693388, 21.372324713154637 ] ] ] } },
{ "type": "Feature", "properties": { }, "geometry": { "type": "Polygon", "coordinates": [ [ [ 74.11129036525476, 21.430504534885721 ], [ 74.100860822147609, 21.430504534885721 ], [ 74.103474603073494, 21.438816658061501 ], [ 74.113904514064927, 21.438816658061501 ], [ 74.11129036525476, 21.430504534885721 ] ] ] } },
{ "type": "Feature", "properties": { }, "geometry": { "type": "Polygon", "coordinates": [ [ [ 74.312138751741443, 21.472066954293037 ], [ 74.301707367422225, 21.472066954293037 ], [ 74.304334149662111, 21.480379979652085 ], [ 74.314765902761238, 21.480379979652085 ], [ 74.312138751741443, 21.472066954293037 ] ] ] } },
{ "type": "Feature", "properties": { }, "geometry": { "type": "Polygon", "coordinates": [ [ [ 74.333087880753695, 21.50532014019382 ], [ 74.322655020239054, 21.50532014019382 ], [ 74.325287282095758, 21.513633888808922 ], [ 74.335720512107699, 21.513633888808922 ], [ 74.333087880753695, 21.50532014019382 ] ] ] } },
{ "type": "Feature", "properties": { }, "geometry": { "type": "Polygon", "coordinates": [ [ [ 74.494858417600554, 21.521947818447849 ], [ 74.484424817911815, 21.521947818447849 ], [ 74.487065185238166, 21.53026192919457 ], [ 74.497499154783227, 21.53026192919457 ], [ 74.494858417600554, 21.521947818447849 ] ] ] } },
{ "type": "Feature", "properties": { }, "geometry": { "type": "Polygon", "coordinates": [ [ [ 74.476631215693089, 21.53026192919457 ], [ 74.479272495042153, 21.538576221133042 ], [ 74.489706834623121, 21.538576221133042 ], [ 74.487065185238166, 21.53026192919457 ], [ 74.476631215693089, 21.53026192919457 ] ] ] } },
{ "type": "Feature", "properties": { }, "geometry": { "type": "Polygon", "coordinates": [ [ [ 74.471480346843038, 21.54689069434729 ], [ 74.468838155461171, 21.538576221133042 ], [ 74.447969476299221, 21.538576221133042 ], [ 74.453253660279628, 21.555205348921323 ], [ 74.471480346843038, 21.54689069434729 ] ] ] } },
{ "type": "Feature", "properties": { }, "geometry": { "type": "Polygon", "coordinates": [ [ [ 74.213246815868857, 21.555205348921323 ], [ 74.202811735677088, 21.555205348921323 ], [ 74.205446857355597, 21.563520184939193 ], [ 74.215882308122346, 21.563520184939193 ], [ 74.213246815868857, 21.555205348921323 ] ] ] } },
{ "type": "Feature", "properties": { }, "geometry": { "type": "Polygon", "coordinates": [ [ [ 74.474123820663166, 21.555205348921323 ], [ 74.463688740471397, 21.555205348921323 ], [ 74.466333126524589, 21.563520184939193 ], [ 74.476768577291352, 21.563520184939193 ], [ 74.474123820663166, 21.555205348921323 ] ] ] } },
{ "type": "Feature", "properties": { }, "geometry": { "type": "Polygon", "coordinates": [ [ [ 74.286415839882437, 21.588465782496513 ], [ 74.275979276311745, 21.588465782496513 ], [ 74.278621741985319, 21.59678134513053 ], [ 74.289058676850502, 21.59678134513053 ], [ 74.286415839882437, 21.588465782496513 ] ] ] } },
{ "type": "Feature", "properties": { }, "geometry": { "type": "Polygon", "coordinates": [ [ [ 74.26818480712015, 21.59678134513053 ], [ 74.257747872254967, 21.59678134513053 ], [ 74.260390876040205, 21.605097089628881 ], [ 74.270828182379859, 21.605097089628881 ], [ 74.26818480712015, 21.59678134513053 ] ] ] } },
{ "type": "Feature", "properties": { }, "geometry": { "type": "Polygon", "coordinates": [ [ [ 74.500448921852367, 21.605097089628881 ], [ 74.50575587325649, 21.621729124555273 ], [ 74.516193923085325, 21.621729124555273 ], [ 74.510886228192007, 21.605097089628881 ], [ 74.500448921852367, 21.605097089628881 ] ] ] } },
{ "type": "Feature", "properties": { }, "geometry": { "type": "Polygon", "coordinates": [ [ [ 74.409162652814871, 21.613413016075732 ], [ 74.398724974820695, 21.613413016075732 ], [ 74.401375374968126, 21.621729124555273 ], [ 74.411813424796946, 21.621729124555273 ], [ 74.409162652814871, 21.613413016075732 ] ] ] } },
{ "type": "Feature", "properties": { }, "geometry": { "type": "Polygon", "coordinates": [ [ [ 74.628556776511957, 21.646678543032053 ], [ 74.618117610098025, 21.646678543032053 ], [ 74.62078060020265, 21.654995380484518 ], [ 74.631220139172171, 21.654995380484518 ], [ 74.628556776511957, 21.646678543032053 ] ] ] } },
{ "type": "Feature", "properties": { }, "geometry": { "type": "Polygon", "coordinates": [ [ [ 74.15134218222461, 16.423493488553238 ], [ 74.141104384908303, 16.423493488553238 ], [ 74.143042872269064, 16.43171111196666 ], [ 74.153280937261982, 16.43171111196666 ], [ 74.15134218222461, 16.423493488553238 ] ] ] } },
{ "type": "Feature", "properties": { }, "geometry": { "type": "Polygon", "coordinates": [ [ [ 74.216293718346563, 16.653637340790198 ], [ 74.206048367952661, 16.653637340790198 ], [ 74.208018345064218, 16.661858707317901 ], [ 74.218263967445452, 16.661858707317901 ], [ 74.216293718346563, 16.653637340790198 ] ] ] } },
{ "type": "Feature", "properties": { }, "geometry": { "type": "Polygon", "coordinates": [ [ [ 74.259246456970402, 16.661858707317901 ], [ 74.2285095898267, 16.661858707317901 ], [ 74.230481229906459, 16.670080208603689 ], [ 74.261218913475545, 16.670080208603689 ], [ 74.259246456970402, 16.661858707317901 ] ] ] } },
{ "type": "Feature", "properties": { }, "geometry": { "type": "Polygon", "coordinates": [ [ [ 74.230481229906459, 16.670080208603689 ], [ 74.220235335383407, 16.670080208603689 ], [ 74.222207822411235, 16.678301844721862 ], [ 74.232453989230549, 16.678301844721862 ], [ 74.230481229906459, 16.670080208603689 ] ] ] } },
{ "type": "Feature", "properties": { }, "geometry": { "type": "Polygon", "coordinates": [ [ [ 74.169005862768259, 16.670080208603689 ], [ 74.170976988314678, 16.678301844721862 ], [ 74.181223155134006, 16.678301844721862 ], [ 74.179251757291297, 16.670080208603689 ], [ 74.169005862768259, 16.670080208603689 ] ] ] } },
{ "type": "Feature", "properties": { }, "geometry": { "type": "Polygon", "coordinates": [ [ [ 74.201715488772606, 16.678301844721862 ], [ 74.20368855023969, 16.686523615746726 ], [ 74.213934989509823, 16.686523615746726 ], [ 74.211961655591935, 16.678301844721862 ], [ 74.201715488772606, 16.678301844721862 ] ] ] } },
{ "type": "Feature", "properties": { }, "geometry": { "type": "Polygon", "coordinates": [ [ [ 74.193442110969585, 16.686523615746726 ], [ 74.18319567169948, 16.686523615746726 ], [ 74.185169307238723, 16.694745521752623 ], [ 74.195416019114177, 16.694745521752623 ], [ 74.193442110969585, 16.686523615746726 ] ] ] } },
{ "type": "Feature", "properties": { }, "geometry": { "type": "Polygon", "coordinates": [ [ [ 74.256896290367024, 16.694745521752623 ], [ 74.246649578491557, 16.694745521752623 ], [ 74.248625969815492, 16.702967562813882 ], [ 74.258872954450908, 16.702967562813882 ], [ 74.256896290367024, 16.694745521752623 ] ] ] } },
{ "type": "Feature", "properties": { }, "geometry": { "type": "Polygon", "coordinates": [ [ [ 74.228132000544633, 16.702967562813882 ], [ 74.217885015909204, 16.702967562813882 ], [ 74.21986170889349, 16.711189739004869 ], [ 74.230108966443495, 16.711189739004869 ], [ 74.228132000544633, 16.702967562813882 ] ] ] } },
{ "type": "Feature", "properties": { }, "geometry": { "type": "Polygon", "coordinates": [ [ [ 74.188440314861367, 16.79341894941739 ], [ 74.17819031965351, 16.79341894941739 ], [ 74.180177700921988, 16.801642616946665 ], [ 74.190427970747606, 16.801642616946665 ], [ 74.188440314861367, 16.79341894941739 ] ] ] } },
{ "type": "Feature", "properties": { }, "geometry": { "type": "Polygon", "coordinates": [ [ [ 74.196397672600497, 16.826314435970929 ], [ 74.186146577991209, 16.826314435970929 ], [ 74.188138448948067, 16.834538648039651 ], [ 74.198389818795519, 16.834538648039651 ], [ 74.196397672600497, 16.826314435970929 ] ] ] } },
{ "type": "Feature", "properties": { }, "geometry": { "type": "Polygon", "coordinates": [ [ [ 74.198114654675237, 16.875661754694018 ], [ 74.187861906308584, 16.875661754694018 ], [ 74.189860243255367, 16.883886785809342 ], [ 74.200113267791821, 16.883886785809342 ], [ 74.198114654675237, 16.875661754694018 ] ] ] } },
{ "type": "Feature", "properties": { }, "geometry": { "type": "Polygon", "coordinates": [ [ [ 74.189860243255367, 16.883886785809342 ], [ 74.179607218718928, 16.883886785809342 ], [ 74.181606403770544, 16.892111953693661 ], [ 74.191859704632165, 16.892111953693661 ], [ 74.189860243255367, 16.883886785809342 ] ] ] } },
{ "type": "Feature", "properties": { }, "geometry": { "type": "Polygon", "coordinates": [ [ [ 74.281356356231896, 17.048416228994245 ], [ 74.271097775619523, 17.048416228994245 ], [ 74.273120897219044, 17.056644147956991 ], [ 74.283379757271973, 17.056644147956991 ], [ 74.281356356231896, 17.048416228994245 ] ] ] } },
{ "type": "Feature", "properties": { }, "geometry": { "type": "Polygon", "coordinates": [ [ [ 74.328357697716811, 17.114243458412808 ], [ 74.318096877206074, 17.114243458412808 ], [ 74.320129891783495, 17.122472486194596 ], [ 74.330390992984917, 17.122472486194596 ], [ 74.328357697716811, 17.114243458412808 ] ] ] } },
{ "type": "Feature", "properties": { }, "geometry": { "type": "Polygon", "coordinates": [ [ [ 74.112766546627725, 17.155389987472415 ], [ 74.102504321098905, 17.155389987472415 ], [ 74.104536810891531, 17.163619710704999 ], [ 74.114799317893556, 17.163619710704999 ], [ 74.112766546627725, 17.155389987472415 ] ] ] } },
{ "type": "Feature", "properties": { }, "geometry": { "type": "Polygon", "coordinates": [ [ [ 74.161957828302405, 17.188309716596233 ], [ 74.151694475940985, 17.188309716596233 ], [ 74.153732619154098, 17.196539997541656 ], [ 74.163996253615366, 17.196539997541656 ], [ 74.161957828302405, 17.188309716596233 ] ] ] } },
{ "type": "Feature", "properties": { }, "geometry": { "type": "Polygon", "coordinates": [ [ [ 74.022206403450056, 17.328243531630296 ], [ 74.011938234047861, 17.328243531630296 ], [ 74.013990825016094, 17.336476196286423 ], [ 74.024259279187902, 17.336476196286423 ], [ 74.022206403450056, 17.328243531630296 ] ] ] } },
{ "type": "Feature", "properties": { }, "geometry": { "type": "Polygon", "coordinates": [ [ [ 74.03452773335971, 17.336476196286423 ], [ 74.024259279187902, 17.336476196286423 ], [ 74.026313289419448, 17.344709001838954 ], [ 74.036582028518268, 17.344709001838954 ], [ 74.03452773335971, 17.336476196286423 ] ] ] } },
{ "type": "Feature", "properties": { }, "geometry": { "type": "Polygon", "coordinates": [ [ [ 73.913358374093505, 17.385875145688619 ], [ 73.903088207997811, 17.385875145688619 ], [ 73.905145314413531, 17.394108798204318 ], [ 73.91541576638123, 17.394108798204318 ], [ 73.913358374093505, 17.385875145688619 ] ] ] } },
{ "type": "Feature", "properties": { }, "geometry": { "type": "Polygon", "coordinates": [ [ [ 73.912943475794833, 17.830696638597736 ], [ 73.902657646117859, 17.830696638597736 ], [ 73.904773149954664, 17.838938036504612 ], [ 73.915059274069137, 17.838938036504612 ], [ 73.912943475794833, 17.830696638597736 ] ] ] } },
{ "type": "Feature", "properties": { }, "geometry": { "type": "Polygon", "coordinates": [ [ [ 74.330280879084413, 18.012041126372711 ], [ 74.332432708037558, 18.02028574347402 ], [ 74.342725350238098, 18.02028574347402 ], [ 74.340573223326103, 18.012041126372711 ], [ 74.330280879084413, 18.012041126372711 ] ] ] } },
{ "type": "Feature", "properties": { }, "geometry": { "type": "Polygon", "coordinates": [ [ [ 74.168208960959021, 18.061511038621259 ], [ 74.170362667400141, 18.069756540115641 ], [ 74.19095153405128, 18.069756540115641 ], [ 74.188797229765228, 18.061511038621259 ], [ 74.168208960959021, 18.061511038621259 ] ] ] } },
{ "type": "Feature", "properties": { }, "geometry": { "type": "Polygon", "coordinates": [ [ [ 74.224494157214963, 18.119232652782003 ], [ 74.214197926977718, 18.119232652782003 ], [ 74.21636064626469, 18.127479189559715 ], [ 74.22665717655039, 18.127479189559715 ], [ 74.224494157214963, 18.119232652782003 ] ] ] } },
{ "type": "Feature", "properties": { }, "geometry": { "type": "Polygon", "coordinates": [ [ [ 74.60228305787291, 18.185209101043874 ], [ 74.59198442273744, 18.185209101043874 ], [ 74.594166981303175, 18.193456825612966 ], [ 74.604465917776324, 18.193456825612966 ], [ 74.60228305787291, 18.185209101043874 ] ] ] } },
{ "type": "Feature", "properties": { }, "geometry": { "type": "Polygon", "coordinates": [ [ [ 74.619134683423198, 18.209952721288317 ], [ 74.608835143790714, 18.209952721288317 ], [ 74.611021510472852, 18.218200892548545 ], [ 74.621321351927094, 18.218200892548545 ], [ 74.619134683423198, 18.209952721288317 ] ] ] } },
{ "type": "Feature", "properties": { }, "geometry": { "type": "Polygon", "coordinates": [ [ [ 74.173072655128152, 18.275942269113113 ], [ 74.162770696398852, 18.275942269113113 ], [ 74.164952786933924, 18.284191634938956 ], [ 74.175255048777672, 18.284191634938956 ], [ 74.173072655128152, 18.275942269113113 ] ] ] } },
{ "type": "Feature", "properties": { }, "geometry": { "type": "Polygon", "coordinates": [ [ [ 73.889280423793892, 18.449210484342693 ], [ 73.878972065638237, 18.449210484342693 ], [ 73.881168862592162, 18.45746300940835 ], [ 73.891477527267639, 18.45746300940835 ], [ 73.889280423793892, 18.449210484342693 ] ] ] } },
{ "type": "Feature", "properties": { }, "geometry": { "type": "Polygon", "coordinates": [ [ [ 73.939314172783924, 18.482221492660063 ], [ 73.929004587573203, 18.482221492660063 ], [ 73.931207276356332, 18.490474623353808 ], [ 73.941517168737533, 18.490474623353808 ], [ 73.939314172783924, 18.482221492660063 ] ] ] } },
{ "type": "Feature", "properties": { }, "geometry": { "type": "Polygon", "coordinates": [ [ [ 73.931207276356332, 18.490474623353808 ], [ 73.910587491593944, 18.490474623353808 ], [ 73.91279073287123, 18.498727905648323 ], [ 73.933411132300108, 18.498727905648323 ], [ 73.931207276356332, 18.490474623353808 ] ] ] } },
{ "type": "Feature", "properties": { }, "geometry": { "type": "Polygon", "coordinates": [ [ [ 73.954031531728987, 18.498727905648323 ], [ 73.943721332014547, 18.498727905648323 ], [ 73.945926662904711, 18.506981339621127 ], [ 73.956237170115202, 18.506981339621127 ], [ 73.954031531728987, 18.498727905648323 ] ] ] } },
{ "type": "Feature", "properties": { }, "geometry": { "type": "Polygon", "coordinates": [ [ [ 73.91279073287123, 18.498727905648323 ], [ 73.902480533156776, 18.498727905648323 ], [ 73.904684634062747, 18.506981339621127 ], [ 73.914995141273238, 18.506981339621127 ], [ 73.91279073287123, 18.498727905648323 ] ] ] } },
{ "type": "Feature", "properties": { }, "geometry": { "type": "Polygon", "coordinates": [ [ [ 73.927511531959141, 18.515234925349766 ], [ 73.917200717089756, 18.515234925349766 ], [ 73.919407460610742, 18.523488662911802 ], [ 73.929718583301891, 18.523488662911802 ], [ 73.927511531959141, 18.515234925349766 ] ] ] } },
{ "type": "Feature", "properties": { }, "geometry": { "type": "Polygon", "coordinates": [ [ [ 73.906889902220371, 18.515234925349766 ], [ 73.896579087350986, 18.515234925349766 ], [ 73.898785215228429, 18.523488662911802 ], [ 73.909096337919578, 18.523488662911802 ], [ 73.906889902220371, 18.515234925349766 ] ] ] } },
{ "type": "Feature", "properties": { }, "geometry": { "type": "Polygon", "coordinates": [ [ [ 73.937822346828497, 18.515234925349766 ], [ 73.940029705993041, 18.523488662911802 ], [ 73.950340828684205, 18.523488662911802 ], [ 73.948133161697882, 18.515234925349766 ], [ 73.937822346828497, 18.515234925349766 ] ] ] } },
{ "type": "Feature", "properties": { }, "geometry": { "type": "Polygon", "coordinates": [ [ [ 73.934136190750593, 18.539996593846389 ], [ 73.94444792957411, 18.539996593846389 ], [ 73.940029705993041, 18.523488662911802 ], [ 73.929718583301891, 18.523488662911802 ], [ 73.934136190750593, 18.539996593846389 ] ] ] } },
{ "type": "Feature", "properties": { }, "geometry": { "type": "Polygon", "coordinates": [ [ [ 73.960651951375354, 18.523488662911802 ], [ 73.950340828684205, 18.523488662911802 ], [ 73.952549664153935, 18.531742552384816 ], [ 73.96286109482979, 18.531742552384816 ], [ 73.960651951375354, 18.523488662911802 ] ] ] } },
{ "type": "Feature", "properties": { }, "geometry": { "type": "Polygon", "coordinates": [ [ [ 73.986453795422165, 18.581269083699478 ], [ 73.976140513414421, 18.581269083699478 ], [ 73.978357845539733, 18.589524038722722 ], [ 73.988671436673798, 18.589524038722722 ], [ 73.986453795422165, 18.581269083699478 ] ] ] } },
{ "type": "Feature", "properties": { }, "geometry": { "type": "Polygon", "coordinates": [ [ [ 74.124395915348813, 18.672081991051261 ], [ 74.114079223966144, 18.672081991051261 ], [ 74.116312873098423, 18.680338628205071 ], [ 74.126629875405413, 18.680338628205071 ], [ 74.124395915348813, 18.672081991051261 ] ] ] } },
{ "type": "Feature", "properties": { }, "geometry": { "type": "Polygon", "coordinates": [ [ [ 74.055268848987154, 18.721624116350487 ], [ 74.044950289602326, 18.721624116350487 ], [ 74.047188503912452, 18.729881675000314 ], [ 74.057507375204395, 18.729881675000314 ], [ 74.055268848987154, 18.721624116350487 ] ] ] } },
{ "type": "Feature", "properties": { }, "geometry": { "type": "Polygon", "coordinates": [ [ [ 74.591833936998313, 18.721624116350487 ], [ 74.581515377613499, 18.721624116350487 ], [ 74.58376981109393, 18.729881675000314 ], [ 74.594088682385873, 18.729881675000314 ], [ 74.591833936998313, 18.721624116350487 ] ] ] } },
{ "type": "Feature", "properties": { }, "geometry": { "type": "Polygon", "coordinates": [ [ [ 74.998390877893371, 19.688822948029323 ], [ 74.988034701906699, 19.688822948029323 ], [ 74.990434161498627, 19.697099041206009 ], [ 75.000790668861171, 19.697099041206009 ], [ 74.998390877893371, 19.688822948029323 ] ] ] } },
{ "type": "Feature", "properties": { }, "geometry": { "type": "Polygon", "coordinates": [ [ [ 74.803245380921695, 19.730205045619289 ], [ 74.792887546365563, 19.730205045619289 ], [ 74.795286481962421, 19.738481955048986 ], [ 74.805644648739687, 19.738481955048986 ], [ 74.803245380921695, 19.730205045619289 ] ] ] } },
{ "type": "Feature", "properties": { }, "geometry": { "type": "Polygon", "coordinates": [ [ [ 74.734352018822165, 19.920615467448556 ], [ 74.739200083842192, 19.937177012751924 ], [ 74.749566274785735, 19.937177012751924 ], [ 74.744717537347924, 19.920615467448556 ], [ 74.734352018822165, 19.920615467448556 ] ] ] } },
{ "type": "Feature", "properties": { }, "geometry": { "type": "Polygon", "coordinates": [ [ [ 74.781815631930016, 20.011712163976949 ], [ 74.784253245040645, 20.019994677072379 ], [ 74.794622808296538, 20.019994677072379 ], [ 74.792184857187152, 20.011712163976949 ], [ 74.781815631930016, 20.011712163976949 ] ] ] } },
{ "type": "Feature", "properties": { }, "geometry": { "type": "Polygon", "coordinates": [ [ [ 75.073477610934859, 20.086260772547849 ], [ 75.075935145151419, 20.094544784531244 ], [ 75.086307758084047, 20.094544784531244 ], [ 75.08384988433059, 20.086260772547849 ], [ 75.073477610934859, 20.086260772547849 ] ] ] } },
{ "type": "Feature", "properties": { }, "geometry": { "type": "Polygon", "coordinates": [ [ [ 75.164835619771807, 20.218825043130419 ], [ 75.154457893223082, 20.218825043130419 ], [ 75.15693665556968, 20.227111735960342 ], [ 75.167314724399077, 20.227111735960342 ], [ 75.164835619771807, 20.218825043130419 ] ] ] } },
{ "type": "Feature", "properties": { }, "geometry": { "type": "Polygon", "coordinates": [ [ [ 74.432927872910241, 20.235398597031164 ], [ 74.422549461628293, 20.235398597031164 ], [ 74.425006387433726, 20.243685626423908 ], [ 74.43538514134012, 20.243685626423908 ], [ 74.432927872910241, 20.235398597031164 ] ] ] } },
{ "type": "Feature", "properties": { }, "geometry": { "type": "Polygon", "coordinates": [ [ [ 75.102105832118284, 20.251972824219646 ], [ 75.091726735415435, 20.251972824219646 ], [ 75.09420807792516, 20.260260190499451 ], [ 75.104587517596471, 20.260260190499451 ], [ 75.102105832118284, 20.251972824219646 ] ] ] } },
{ "type": "Feature", "properties": { }, "geometry": { "type": "Polygon", "coordinates": [ [ [ 75.070968542009751, 20.251972824219646 ], [ 75.060589445306903, 20.251972824219646 ], [ 75.063069758911254, 20.260260190499451 ], [ 75.073449198582566, 20.260260190499451 ], [ 75.070968542009751, 20.251972824219646 ] ] ] } },
{ "type": "Feature", "properties": { }, "geometry": { "type": "Polygon", "coordinates": [ [ [ 75.154001315632513, 20.251972824219646 ], [ 75.143622218929679, 20.251972824219646 ], [ 75.146105276281688, 20.260260190499451 ], [ 75.156484715952999, 20.260260190499451 ], [ 75.154001315632513, 20.251972824219646 ] ] ] } },
{ "type": "Feature", "properties": { }, "geometry": { "type": "Polygon", "coordinates": [ [ [ 74.61675385304514, 20.260260190499451 ], [ 74.606374413373814, 20.260260190499451 ], [ 74.608840873154378, 20.26854772534443 ], [ 74.619220655966203, 20.26854772534443 ], [ 74.61675385304514, 20.260260190499451 ] ] ] } },
{ "type": "Feature", "properties": { }, "geometry": { "type": "Polygon", "coordinates": [ [ [ 74.649862558164671, 20.301699551998674 ], [ 74.639481401069162, 20.301699551998674 ], [ 74.641954737834837, 20.309987930886624 ], [ 74.652336238931909, 20.309987930886624 ], [ 74.649862558164671, 20.301699551998674 ] ] ] } },
{ "type": "Feature", "properties": { }, "geometry": { "type": "Polygon", "coordinates": [ [ [ 74.813020163031453, 20.326565195900184 ], [ 74.802637973414207, 20.326565195900184 ], [ 74.80512019642444, 20.334854082188251 ], [ 74.815502730560411, 20.334854082188251 ], [ 74.813020163031453, 20.326565195900184 ] ] ] } },
{ "type": "Feature", "properties": { }, "geometry": { "type": "Polygon", "coordinates": [ [ [ 74.844166731883249, 20.326565195900184 ], [ 74.833784542265974, 20.326565195900184 ], [ 74.836267798832409, 20.334854082188251 ], [ 74.846650332968395, 20.334854082188251 ], [ 74.844166731883249, 20.326565195900184 ] ] ] } },
{ "type": "Feature", "properties": { }, "geometry": { "type": "Polygon", "coordinates": [ [ [ 75.004466627222087, 20.376301054692547 ], [ 74.994082367904184, 20.376301054692547 ], [ 74.996577926921134, 20.384590957975401 ], [ 75.006962531793391, 20.384590957975401 ], [ 75.004466627222087, 20.376301054692547 ] ] ] } },
{ "type": "Feature", "properties": { }, "geometry": { "type": "Polygon", "coordinates": [ [ [ 74.962929589950505, 20.376301054692547 ], [ 74.952545330632603, 20.376301054692547 ], [ 74.955039507432105, 20.384590957975401 ], [ 74.965424112304362, 20.384590957975401 ], [ 74.962929589950505, 20.376301054692547 ] ] ] } },
{ "type": "Feature", "properties": { }, "geometry": { "type": "Polygon", "coordinates": [ [ [ 75.095040456954578, 20.40117127397394 ], [ 75.074269863955934, 20.40117127397394 ], [ 75.076771589669804, 20.409461686852428 ], [ 75.097542874814067, 20.409461686852428 ], [ 75.095040456954578, 20.40117127397394 ] ] ] } },
{ "type": "Feature", "properties": { }, "geometry": { "type": "Polygon", "coordinates": [ [ [ 74.965028688342173, 20.417752269758946 ], [ 74.954642699524342, 20.417752269758946 ], [ 74.957142768465445, 20.426043022774937 ], [ 74.967529103701949, 20.426043022774937 ], [ 74.965028688342173, 20.417752269758946 ] ] ] } },
{ "type": "Feature", "properties": { }, "geometry": { "type": "Polygon", "coordinates": [ [ [ 75.003694766748183, 20.442625039461216 ], [ 74.993307738155238, 20.442625039461216 ], [ 74.995812594622066, 20.450916303294484 ], [ 75.006199970152835, 20.450916303294484 ], [ 75.003694766748183, 20.442625039461216 ] ] ] } },
{ "type": "Feature", "properties": { }, "geometry": { "type": "Polygon", "coordinates": [ [ [ 75.016587345683618, 20.450916303294484 ], [ 75.006199970152835, 20.450916303294484 ], [ 75.008706423837978, 20.459207737563162 ], [ 75.019094146479745, 20.459207737563162 ], [ 75.016587345683618, 20.450916303294484 ] ] ] } },
{ "type": "Feature", "properties": { }, "geometry": { "type": "Polygon", "coordinates": [ [ [ 75.225935741764687, 20.5587182724469 ], [ 75.228464768937812, 20.567011929802273 ], [ 75.238857019800378, 20.567011929802273 ], [ 75.236327643261021, 20.5587182724469 ], [ 75.225935741764687, 20.5587182724469 ] ] ] } },
{ "type": "Feature", "properties": { }, "geometry": { "type": "Polygon", "coordinates": [ [ [ 74.740028978397802, 20.567011929802273 ], [ 74.7425428354139, 20.575305758736189 ], [ 74.752935435816497, 20.575305758736189 ], [ 74.750421229260368, 20.567011929802273 ], [ 74.740028978397802, 20.567011929802273 ] ] ] } },
{ "type": "Feature", "properties": { }, "geometry": { "type": "Polygon", "coordinates": [ [ [ 74.490614957696522, 20.567011929802273 ], [ 74.48022270683397, 20.567011929802273 ], [ 74.482727825349059, 20.575305758736189 ], [ 74.493120425751655, 20.575305758736189 ], [ 74.490614957696522, 20.567011929802273 ] ] ] } },
{ "type": "Feature", "properties": { }, "geometry": { "type": "Polygon", "coordinates": [ [ [ 74.866944774244587, 20.60848279189344 ], [ 74.856550773942729, 20.60848279189344 ], [ 74.859074390504603, 20.61677747994732 ], [ 74.869468741216295, 20.61677747994732 ], [ 74.866944774244587, 20.60848279189344 ] ] ] } },
{ "type": "Feature", "properties": { }, "geometry": { "type": "Polygon", "coordinates": [ [ [ 74.897079297151706, 20.741218495000325 ], [ 74.886679669373322, 20.741218495000325 ], [ 74.889223036264653, 20.749515946005506 ], [ 74.899623017244295, 20.749515946005506 ], [ 74.897079297151706, 20.741218495000325 ] ] ] } },
{ "type": "Feature", "properties": { }, "geometry": { "type": "Polygon", "coordinates": [ [ [ 75.338832250216399, 20.791005803408275 ], [ 75.328430500606402, 20.791005803408275 ], [ 75.330995952600858, 20.799304295939837 ], [ 75.341398056462083, 20.799304295939837 ], [ 75.338832250216399, 20.791005803408275 ] ] ] } },
{ "type": "Feature", "properties": { }, "geometry": { "type": "Polygon", "coordinates": [ [ [ 75.091747563792708, 20.799304295939837 ], [ 75.08134545993147, 20.799304295939837 ], [ 75.08390367423533, 20.807602962347037 ], [ 75.094306132522959, 20.807602962347037 ], [ 75.091747563792708, 20.799304295939837 ] ] ] } },
{ "type": "Feature", "properties": { }, "geometry": { "type": "Polygon", "coordinates": [ [ [ 74.748269660298732, 20.832500005645631 ], [ 74.737866137680427, 20.832500005645631 ], [ 74.740417338526754, 20.840799368378647 ], [ 74.750821216272627, 20.840799368378647 ], [ 74.748269660298732, 20.832500005645631 ] ] ] } },
{ "type": "Feature", "properties": { }, "geometry": { "type": "Polygon", "coordinates": [ [ [ 75.130367457893044, 20.890599207696177 ], [ 75.119961445696475, 20.890599207696177 ], [ 75.122533947377335, 20.898899792171868 ], [ 75.132940315930355, 20.898899792171868 ], [ 75.130367457893044, 20.890599207696177 ] ] ] } },
{ "type": "Feature", "properties": { }, "geometry": { "type": "Polygon", "coordinates": [ [ [ 74.745183835320901, 20.923802595116516 ], [ 74.734776396643781, 20.923802595116516 ], [ 74.73734040720727, 20.932103879545785 ], [ 74.747748202944166, 20.932103879545785 ], [ 74.745183835320901, 20.923802595116516 ] ] ] } },
{ "type": "Feature", "properties": { }, "geometry": { "type": "Polygon", "coordinates": [ [ [ 74.732063708777289, 20.948706974071399 ], [ 74.742472219161669, 20.948706974071399 ], [ 74.73734040720727, 20.932103879545785 ], [ 74.72693261147036, 20.932103879545785 ], [ 74.732063708777289, 20.948706974071399 ] ] ] } },
{ "type": "Feature", "properties": { }, "geometry": { "type": "Polygon", "coordinates": [ [ [ 75.143159665883871, 20.965310770037288 ], [ 75.132750440147831, 20.965310770037288 ], [ 75.135334015491324, 20.973612931266963 ], [ 75.145743599167389, 20.973612931266963 ], [ 75.143159665883871, 20.965310770037288 ] ] ] } },
{ "type": "Feature", "properties": { }, "geometry": { "type": "Polygon", "coordinates": [ [ [ 74.822939505111876, 21.006823333093408 ], [ 74.812528487913212, 21.006823333093408 ], [ 74.815106943458147, 21.015126373190622 ], [ 74.825518319478334, 21.015126373190622 ], [ 74.822939505111876, 21.006823333093408 ] ] ] } },
{ "type": "Feature", "properties": { }, "geometry": { "type": "Polygon", "coordinates": [ [ [ 75.218505765775845, 21.106471449922108 ], [ 75.208090431062573, 21.106471449922108 ], [ 75.210696758278942, 21.114776607749519 ], [ 75.221112453934367, 21.114776607749519 ], [ 75.218505765775845, 21.106471449922108 ] ] ] } },
{ "type": "Feature", "properties": { }, "geometry": { "type": "Polygon", "coordinates": [ [ [ 75.166576230989108, 21.239375263685716 ], [ 75.156155099927958, 21.239375263685716 ], [ 75.15877865130166, 21.247683263753188 ], [ 75.169200146143694, 21.247683263753188 ], [ 75.166576230989108, 21.239375263685716 ] ] ] } },
{ "type": "Feature", "properties": { }, "geometry": { "type": "Polygon", "coordinates": [ [ [ 75.281208672661791, 21.239375263685716 ], [ 75.27078754160064, 21.239375263685716 ], [ 75.273415094564101, 21.247683263753188 ], [ 75.283836589406135, 21.247683263753188 ], [ 75.281208672661791, 21.239375263685716 ] ] ] } },
{ "type": "Feature", "properties": { }, "geometry": { "type": "Polygon", "coordinates": [ [ [ 75.325522568774289, 21.247683263753188 ], [ 75.304679579090219, 21.247683263753188 ], [ 75.307309508514251, 21.255991442168042 ], [ 75.328153226115802, 21.255991442168042 ], [ 75.325522568774289, 21.247683263753188 ] ] ] } },
{ "type": "Feature", "properties": { }, "geometry": { "type": "Polygon", "coordinates": [ [ [ 75.359418802518107, 21.255991442168042 ], [ 75.348996943717339, 21.255991442168042 ], [ 75.351629615171333, 21.264299799013603 ], [ 75.362051838108741, 21.264299799013603 ], [ 75.359418802518107, 21.255991442168042 ] ] ] } },
{ "type": "Feature", "properties": { }, "geometry": { "type": "Polygon", "coordinates": [ [ [ 74.747140684801622, 21.264299799013603 ], [ 74.736718461864214, 21.264299799013603 ], [ 74.739330925318669, 21.272608334373245 ], [ 74.749753512570663, 21.272608334373245 ], [ 74.747140684801622, 21.264299799013603 ] ] ] } },
{ "type": "Feature", "properties": { }, "geometry": { "type": "Polygon", "coordinates": [ [ [ 74.760176099822658, 21.272608334373245 ], [ 74.749753512570663, 21.272608334373245 ], [ 74.752367616942806, 21.280917048330334 ], [ 74.762790568687379, 21.280917048330334 ], [ 74.760176099822658, 21.272608334373245 ] ] ] } },
{ "type": "Feature", "properties": { }, "geometry": { "type": "Polygon", "coordinates": [ [ [ 74.945306493709083, 21.330773087290719 ], [ 74.934881351268132, 21.330773087290719 ], [ 74.937510253893421, 21.339083053766089 ], [ 74.94793576207438, 21.339083053766089 ], [ 74.945306493709083, 21.330773087290719 ] ] ] } },
{ "type": "Feature", "properties": { }, "geometry": { "type": "Polygon", "coordinates": [ [ [ 74.880214465449768, 21.355703524595818 ], [ 74.869788225253529, 21.355703524595818 ], [ 74.872418412167136, 21.3640140291173 ], [ 74.882845018638747, 21.3640140291173 ], [ 74.880214465449768, 21.355703524595818 ] ] ] } },
{ "type": "Feature", "properties": { }, "geometry": { "type": "Polygon", "coordinates": [ [ [ 74.854195935451486, 21.372324713154637 ], [ 74.843768962525914, 21.372324713154637 ], [ 74.846400614352291, 21.380635576791448 ], [ 74.856827953910425, 21.380635576791448 ], [ 74.854195935451486, 21.372324713154637 ] ] ] } },
{ "type": "Feature", "properties": { }, "geometry": { "type": "Polygon", "coordinates": [ [ [ 74.882951985708189, 21.397257843198012 ], [ 74.87252391234891, 21.397257843198012 ], [ 74.875160146872133, 21.405569246135077 ], [ 74.885588587400122, 21.405569246135077 ], [ 74.882951985708189, 21.397257843198012 ] ] ] } },
{ "type": "Feature", "properties": { }, "geometry": { "type": "Polygon", "coordinates": [ [ [ 74.96931596385275, 21.472066954293037 ], [ 74.971966348005267, 21.480379979652085 ], [ 74.982398101104366, 21.480379979652085 ], [ 74.979747348171969, 21.472066954293037 ], [ 74.96931596385275, 21.472066954293037 ] ] ] } },
{ "type": "Feature", "properties": { }, "geometry": { "type": "Polygon", "coordinates": [ [ [ 74.328319318648255, 16.218095809248361 ], [ 74.33023616441487, 16.226310139572892 ], [ 74.340467583452224, 16.226310139572892 ], [ 74.33855047383534, 16.218095809248361 ], [ 74.328319318648255, 16.218095809248361 ] ] ] } },
{ "type": "Feature", "properties": { }, "geometry": { "type": "Polygon", "coordinates": [ [ [ 74.31320501536635, 16.415275997748971 ], [ 74.302967485573234, 16.415275997748971 ], [ 74.304909141969105, 16.423493488553238 ], [ 74.315146939285384, 16.423493488553238 ], [ 74.31320501536635, 16.415275997748971 ] ] ] } },
{ "type": "Feature", "properties": { }, "geometry": { "type": "Polygon", "coordinates": [ [ [ 74.35815153102233, 16.604311967384447 ], [ 74.347907809310911, 16.604311967384447 ], [ 74.349875145491254, 16.61253252692325 ], [ 74.360119138263997, 16.61253252692325 ], [ 74.35815153102233, 16.604311967384447 ] ] ] } },
{ "type": "Feature", "properties": { }, "geometry": { "type": "Polygon", "coordinates": [ [ [ 74.349875145491254, 16.61253252692325 ], [ 74.339631152718468, 16.61253252692325 ], [ 74.341599337180611, 16.620753220774606 ], [ 74.35184360116898, 16.620753220774606 ], [ 74.349875145491254, 16.61253252692325 ] ] ] } },
{ "type": "Feature", "properties": { }, "geometry": { "type": "Polygon", "coordinates": [ [ [ 74.403064921110811, 16.620753220774606 ], [ 74.392820657122442, 16.620753220774606 ], [ 74.394791318027316, 16.628974049012744 ], [ 74.405035853385556, 16.628974049012744 ], [ 74.403064921110811, 16.620753220774606 ] ] ] } },
{ "type": "Feature", "properties": { }, "geometry": { "type": "Polygon", "coordinates": [ [ [ 74.304559837605552, 16.637195011711878 ], [ 74.294315030723141, 16.637195011711878 ], [ 74.296285216323895, 16.645416108946279 ], [ 74.306530294884865, 16.645416108946279 ], [ 74.304559837605552, 16.637195011711878 ] ] ] } },
{ "type": "Feature", "properties": { }, "geometry": { "type": "Polygon", "coordinates": [ [ [ 74.308501871891607, 16.653637340790198 ], [ 74.298256521497734, 16.653637340790198 ], [ 74.300228946495366, 16.661858707317901 ], [ 74.310474568876586, 16.661858707317901 ], [ 74.308501871891607, 16.653637340790198 ] ] ] } },
{ "type": "Feature", "properties": { }, "geometry": { "type": "Polygon", "coordinates": [ [ [ 74.242700156049878, 16.678301844721862 ], [ 74.244674307320167, 16.686523615746726 ], [ 74.254920746590258, 16.686523615746726 ], [ 74.252946322869164, 16.678301844721862 ], [ 74.242700156049878, 16.678301844721862 ] ] ] } },
{ "type": "Feature", "properties": { }, "geometry": { "type": "Polygon", "coordinates": [ [ [ 74.468115826074722, 16.678301844721862 ], [ 74.470095971262666, 16.686523615746726 ], [ 74.480342410532785, 16.686523615746726 ], [ 74.478361992894037, 16.678301844721862 ], [ 74.468115826074722, 16.678301844721862 ] ] ] } },
{ "type": "Feature", "properties": { }, "geometry": { "type": "Polygon", "coordinates": [ [ [ 74.521328167613234, 16.686523615746726 ], [ 74.511081728343129, 16.686523615746726 ], [ 74.513064087253852, 16.694745521752623 ], [ 74.523310799129334, 16.694745521752623 ], [ 74.521328167613234, 16.686523615746726 ] ] ] } },
{ "type": "Feature", "properties": { }, "geometry": { "type": "Polygon", "coordinates": [ [ [ 74.472077239751954, 16.694745521752623 ], [ 74.461830527876486, 16.694745521752623 ], [ 74.467780256931349, 16.719412050399946 ], [ 74.478027787550587, 16.719412050399946 ], [ 74.472077239751954, 16.694745521752623 ] ] ] } },
{ "type": "Feature", "properties": { }, "geometry": { "type": "Polygon", "coordinates": [ [ [ 74.459517944082435, 16.727634497073499 ], [ 74.449270140239264, 16.727634497073499 ], [ 74.451256208885454, 16.735857079099922 ], [ 74.461504286107285, 16.735857079099922 ], [ 74.459517944082435, 16.727634497073499 ] ] ] } },
{ "type": "Feature", "properties": { }, "geometry": { "type": "Polygon", "coordinates": [ [ [ 74.707458139431253, 16.735857079099922 ], [ 74.697210062209408, 16.735857079099922 ], [ 74.699203820010581, 16.744079796553621 ], [ 74.709452170765857, 16.744079796553621 ], [ 74.707458139431253, 16.735857079099922 ] ] ] } },
{ "type": "Feature", "properties": { }, "geometry": { "type": "Polygon", "coordinates": [ [ [ 74.321999601723817, 16.752302649509026 ], [ 74.31175097728034, 16.752302649509026 ], [ 74.313736585941413, 16.76052563804058 ], [ 74.323985484227961, 16.76052563804058 ], [ 74.321999601723817, 16.752302649509026 ] ] ] } },
{ "type": "Feature", "properties": { }, "geometry": { "type": "Polygon", "coordinates": [ [ [ 74.438713384960778, 16.768748762222714 ], [ 74.428464212676289, 16.768748762222714 ], [ 74.430455083160751, 16.776972022129911 ], [ 74.440704529598065, 16.776972022129911 ], [ 74.438713384960778, 16.768748762222714 ] ] ] } },
{ "type": "Feature", "properties": { }, "geometry": { "type": "Polygon", "coordinates": [ [ [ 74.563697886845887, 16.776972022129911 ], [ 74.553448440408573, 16.776972022129911 ], [ 74.555443727741689, 16.78519541783664 ], [ 74.565693448486783, 16.78519541783664 ], [ 74.563697886845887, 16.776972022129911 ] ] ] } },
{ "type": "Feature", "properties": { }, "geometry": { "type": "Polygon", "coordinates": [ [ [ 74.424190204641803, 16.79341894941739 ], [ 74.422197358055456, 16.78519541783664 ], [ 74.411947637310362, 16.78519541783664 ], [ 74.413940209433946, 16.79341894941739 ], [ 74.424190204641803, 16.79341894941739 ] ] ] } },
{ "type": "Feature", "properties": { }, "geometry": { "type": "Polygon", "coordinates": [ [ [ 74.424190204641803, 16.79341894941739 ], [ 74.426184176736513, 16.801642616946665 ], [ 74.436434446562131, 16.801642616946665 ], [ 74.434440199849647, 16.79341894941739 ], [ 74.424190204641803, 16.79341894941739 ] ] ] } },
{ "type": "Feature", "properties": { }, "geometry": { "type": "Polygon", "coordinates": [ [ [ 74.655693528046697, 16.818090360148901 ], [ 74.657696930018659, 16.826314435970929 ], [ 74.678199119237263, 16.826314435970929 ], [ 74.67619516709928, 16.818090360148901 ], [ 74.655693528046697, 16.818090360148901 ] ] ] } },
{ "type": "Feature", "properties": { }, "geometry": { "type": "Polygon", "coordinates": [ [ [ 74.401419564786366, 16.826314435970929 ], [ 74.391168470177064, 16.826314435970929 ], [ 74.393165845896903, 16.834538648039651 ], [ 74.403417215744341, 16.834538648039651 ], [ 74.401419564786366, 16.826314435970929 ] ] ] } },
{ "type": "Feature", "properties": { }, "geometry": { "type": "Polygon", "coordinates": [ [ [ 74.589945607352107, 16.84276299642962 ], [ 74.587941872998286, 16.834538648039651 ], [ 74.567439133303395, 16.834538648039651 ], [ 74.569442316870564, 16.84276299642962 ], [ 74.589945607352107, 16.84276299642962 ] ] ] } },
{ "type": "Feature", "properties": { }, "geometry": { "type": "Polygon", "coordinates": [ [ [ 74.599981224713133, 16.883886785809342 ], [ 74.579475175640241, 16.883886785809342 ], [ 74.581485137373932, 16.892111953693661 ], [ 74.601991739097187, 16.892111953693661 ], [ 74.599981224713133, 16.883886785809342 ] ] ] } },
{ "type": "Feature", "properties": { }, "geometry": { "type": "Polygon", "coordinates": [ [ [ 74.643004942543669, 16.892111953693661 ], [ 74.632751641682049, 16.892111953693661 ], [ 74.634764116410537, 16.900337258421622 ], [ 74.645017693752777, 16.900337258421622 ], [ 74.643004942543669, 16.892111953693661 ] ] ] } },
{ "type": "Feature", "properties": { }, "geometry": { "type": "Polygon", "coordinates": [ [ [ 74.728904653870629, 16.949691964689276 ], [ 74.718649414378675, 16.949691964689276 ], [ 74.720671758883938, 16.95791822941468 ], [ 74.730927275945504, 16.95791822941468 ], [ 74.728904653870629, 16.949691964689276 ] ] ] } },
{ "type": "Feature", "properties": { }, "geometry": { "type": "Polygon", "coordinates": [ [ [ 74.33096211054432, 16.95791822941468 ], [ 74.32070659348274, 16.95791822941468 ], [ 74.322719241220156, 16.966144631581585 ], [ 74.332975036007056, 16.966144631581585 ], [ 74.33096211054432, 16.95791822941468 ] ] ] } },
{ "type": "Feature", "properties": { }, "geometry": { "type": "Polygon", "coordinates": [ [ [ 74.375848697107415, 17.015505935043823 ], [ 74.365591232696474, 17.015505935043823 ], [ 74.367612623230428, 17.023733301396177 ], [ 74.377870366457671, 17.023733301396177 ], [ 74.375848697107415, 17.015505935043823 ] ] ] } },
{ "type": "Feature", "properties": { }, "geometry": { "type": "Polygon", "coordinates": [ [ [ 74.585053610934779, 17.031960805788767 ], [ 74.574795588735213, 17.031960805788767 ], [ 74.576824824053858, 17.04018844829648 ], [ 74.587083125381781, 17.04018844829648 ], [ 74.585053610934779, 17.031960805788767 ] ] ] } },
{ "type": "Feature", "properties": { }, "geometry": { "type": "Polygon", "coordinates": [ [ [ 74.630005500820161, 17.130701652916372 ], [ 74.619744118771621, 17.130701652916372 ], [ 74.62178754871988, 17.138930958653205 ], [ 74.632049211771985, 17.138930958653205 ], [ 74.630005500820161, 17.130701652916372 ] ] ] } },
{ "type": "Feature", "properties": { }, "geometry": { "type": "Polygon", "coordinates": [ [ [ 74.700664747708799, 17.534102590645002 ], [ 74.690389411769146, 17.534102590645002 ], [ 74.692488052487391, 17.542338800375724 ], [ 74.702763677142087, 17.542338800375724 ], [ 74.700664747708799, 17.534102590645002 ] ] ] } },
{ "type": "Feature", "properties": { }, "geometry": { "type": "Polygon", "coordinates": [ [ [ 75.008007046231327, 17.888389482633603 ], [ 74.997719152137847, 17.888389482633603 ], [ 74.999873725028507, 17.896631900815773 ], [ 75.010161914677894, 17.896631900815773 ], [ 75.008007046231327, 17.888389482633603 ] ] ] } },
{ "type": "Feature", "properties": { }, "geometry": { "type": "Polygon", "coordinates": [ [ [ 74.665370903143469, 18.26769305287775 ], [ 74.655069247366868, 18.26769305287775 ], [ 74.657264715405518, 18.275942269113113 ], [ 74.667566674134832, 18.275942269113113 ], [ 74.665370903143469, 18.26769305287775 ] ] ] } },
{ "type": "Feature", "properties": { }, "geometry": { "type": "Polygon", "coordinates": [ [ [ 74.766886838188441, 18.300690815670613 ], [ 74.756583969630483, 18.300690815670613 ], [ 74.758786859751908, 18.30894063073071 ], [ 74.769090031909712, 18.30894063073071 ], [ 74.766886838188441, 18.300690815670613 ] ] ] } },
{ "type": "Feature", "properties": { }, "geometry": { "type": "Polygon", "coordinates": [ [ [ 75.067231294121044, 18.383195720995662 ], [ 75.056925382275182, 18.383195720995662 ], [ 75.059148272343691, 18.391447038521779 ], [ 75.06945448941002, 18.391447038521779 ], [ 75.067231294121044, 18.383195720995662 ] ] ] } },
{ "type": "Feature", "properties": { }, "geometry": { "type": "Polygon", "coordinates": [ [ [ 74.976736101167816, 18.994205213631318 ], [ 74.966407162058445, 18.994205213631318 ], [ 74.968710378644744, 19.002467890775772 ], [ 74.979039635093386, 19.002467890775772 ], [ 74.976736101167816, 18.994205213631318 ] ] ] } },
{ "type": "Feature", "properties": { }, "geometry": { "type": "Polygon", "coordinates": [ [ [ 75.272297560933779, 19.597796664232728 ], [ 75.261945018942981, 19.597796664232728 ], [ 75.264340598048477, 19.606070968681454 ], [ 75.274693469559494, 19.606070968681454 ], [ 75.272297560933779, 19.597796664232728 ] ] ] } },
{ "type": "Feature", "properties": { }, "geometry": { "type": "Polygon", "coordinates": [ [ [ 75.433350269333658, 19.688822948029323 ], [ 75.422994093346986, 19.688822948029323 ], [ 75.425407470725773, 19.697099041206009 ], [ 75.435763978088346, 19.697099041206009 ], [ 75.433350269333658, 19.688822948029323 ] ] ] } },
{ "type": "Feature", "properties": { }, "geometry": { "type": "Polygon", "coordinates": [ [ [ 75.446120485450891, 19.697099041206009 ], [ 75.448535756454845, 19.705375297473417 ], [ 75.458892595362229, 19.705375297473417 ], [ 75.456476992813435, 19.697099041206009 ], [ 75.446120485450891, 19.697099041206009 ] ] ] } },
{ "type": "Feature", "properties": { }, "geometry": { "type": "Polygon", "coordinates": [ [ [ 75.528972544351305, 19.697099041206009 ], [ 75.531390467713976, 19.705375297473417 ], [ 75.541747306621346, 19.705375297473417 ], [ 75.53932905171385, 19.697099041206009 ], [ 75.528972544351305, 19.697099041206009 ] ] ] } },
{ "type": "Feature", "properties": { }, "geometry": { "type": "Polygon", "coordinates": [ [ [ 75.521033628806578, 19.705375297473417 ], [ 75.510676789899193, 19.705375297473417 ], [ 75.513095282384583, 19.713651716911471 ], [ 75.523452453005831, 19.713651716911471 ], [ 75.521033628806578, 19.705375297473417 ] ] ] } },
{ "type": "Feature", "properties": { }, "geometry": { "type": "Polygon", "coordinates": [ [ [ 75.302836654048463, 19.738481955048986 ], [ 75.292478487271211, 19.738481955048986 ], [ 75.294894599276049, 19.746759027969187 ], [ 75.305253098443643, 19.746759027969187 ], [ 75.302836654048463, 19.738481955048986 ] ] ] } },
{ "type": "Feature", "properties": { }, "geometry": { "type": "Polygon", "coordinates": [ [ [ 75.286953109672652, 19.755036264459903 ], [ 75.276594277945506, 19.755036264459903 ], [ 75.279012185056033, 19.763313664601156 ], [ 75.289371349511995, 19.763313664601156 ], [ 75.286953109672652, 19.755036264459903 ] ] ] } },
{ "type": "Feature", "properties": { }, "geometry": { "type": "Polygon", "coordinates": [ [ [ 75.307670773126929, 19.755036264459903 ], [ 75.297311941399784, 19.755036264459903 ], [ 75.299730513967972, 19.763313664601156 ], [ 75.310089678423935, 19.763313664601156 ], [ 75.307670773126929, 19.755036264459903 ] ] ] } },
{ "type": "Feature", "properties": { }, "geometry": { "type": "Polygon", "coordinates": [ [ [ 75.241739656267129, 19.812981506593665 ], [ 75.231378491880903, 19.812981506593665 ], [ 75.23380301537486, 19.821260054530875 ], [ 75.244164513676097, 19.821260054530875 ], [ 75.241739656267129, 19.812981506593665 ] ] ] } },
{ "type": "Feature", "properties": { }, "geometry": { "type": "Polygon", "coordinates": [ [ [ 75.347779496688361, 19.821260054530875 ], [ 75.337417998387124, 19.821260054530875 ], [ 75.339847094427469, 19.829538766759459 ], [ 75.350208926813352, 19.829538766759459 ], [ 75.347779496688361, 19.821260054530875 ] ] ] } },
{ "type": "Feature", "properties": { }, "geometry": { "type": "Polygon", "coordinates": [ [ [ 75.194781441025285, 19.829538766759459 ], [ 75.184419608639416, 19.829538766759459 ], [ 75.186844924588826, 19.837817643359596 ], [ 75.197207091229018, 19.837817643359596 ], [ 75.194781441025285, 19.829538766759459 ] ] ] } },
{ "type": "Feature", "properties": { }, "geometry": { "type": "Polygon", "coordinates": [ [ [ 75.295327607913521, 19.854375889995321 ], [ 75.284964772255449, 19.854375889995321 ], [ 75.28739679657788, 19.862655260191364 ], [ 75.297759966999564, 19.862655260191364 ], [ 75.295327607913521, 19.854375889995321 ] ] ] } },
{ "type": "Feature", "properties": { }, "geometry": { "type": "Polygon", "coordinates": [ [ [ 75.310557065628274, 19.870934795079865 ], [ 75.300193560273073, 19.870934795079865 ], [ 75.302628388062587, 19.879214494741085 ], [ 75.312992228521168, 19.879214494741085 ], [ 75.310557065628274, 19.870934795079865 ] ] ] } },
{ "type": "Feature", "properties": { }, "geometry": { "type": "Polygon", "coordinates": [ [ [ 75.486736656666494, 19.870934795079865 ], [ 75.476373151311293, 19.870934795079865 ], [ 75.478813675858589, 19.879214494741085 ], [ 75.489177516317184, 19.879214494741085 ], [ 75.486736656666494, 19.870934795079865 ] ] ] } },
{ "type": "Feature", "properties": { }, "geometry": { "type": "Polygon", "coordinates": [ [ [ 75.395902952189886, 19.879214494741085 ], [ 75.385539111731305, 19.879214494741085 ], [ 75.387977856552368, 19.887494359255296 ], [ 75.39834203228429, 19.887494359255296 ], [ 75.395902952189886, 19.879214494741085 ] ] ] } },
{ "type": "Feature", "properties": { }, "geometry": { "type": "Polygon", "coordinates": [ [ [ 75.426994473565642, 19.879214494741085 ], [ 75.416630633107061, 19.879214494741085 ], [ 75.419070383748178, 19.887494359255296 ], [ 75.429434559480114, 19.887494359255296 ], [ 75.426994473565642, 19.879214494741085 ] ] ] } },
{ "type": "Feature", "properties": { }, "geometry": { "type": "Polygon", "coordinates": [ [ [ 75.315428626428798, 19.887494359255296 ], [ 75.305064450696847, 19.887494359255296 ], [ 75.307501748504833, 19.895774388702829 ], [ 75.317866259680116, 19.895774388702829 ], [ 75.315428626428798, 19.887494359255296 ] ] ] } },
{ "type": "Feature", "properties": { }, "geometry": { "type": "Polygon", "coordinates": [ [ [ 75.147187958996255, 20.019994677072379 ], [ 75.136818395740391, 20.019994677072379 ], [ 75.139268737861343, 20.02827735638833 ], [ 75.149638639286664, 20.02827735638833 ], [ 75.147187958996255, 20.019994677072379 ] ] ] } },
{ "type": "Feature", "properties": { }, "geometry": { "type": "Polygon", "coordinates": [ [ [ 75.222227949264038, 20.02827735638833 ], [ 75.211858047838703, 20.02827735638833 ], [ 75.214311995726334, 20.036560202005429 ], [ 75.224682235491912, 20.036560202005429 ], [ 75.222227949264038, 20.02827735638833 ] ] ] } },
{ "type": "Feature", "properties": { }, "geometry": { "type": "Polygon", "coordinates": [ [ [ 75.221681274196783, 20.061409737469845 ], [ 75.224140179732288, 20.06969324909787 ], [ 75.234511774567423, 20.06969324909787 ], [ 75.232052530008147, 20.061409737469845 ], [ 75.221681274196783, 20.061409737469845 ] ] ] } },
{ "type": "Feature", "properties": { }, "geometry": { "type": "Polygon", "coordinates": [ [ [ 75.416823290366167, 20.193965973275731 ], [ 75.41930720644406, 20.202252161869108 ], [ 75.429684248946913, 20.202252161869108 ], [ 75.427199991103706, 20.193965973275731 ], [ 75.416823290366167, 20.193965973275731 ] ] ] } },
{ "type": "Feature", "properties": { }, "geometry": { "type": "Polygon", "coordinates": [ [ [ 75.636072482238944, 20.301699551998674 ], [ 75.625691325143421, 20.301699551998674 ], [ 75.628197342056637, 20.309987930886624 ], [ 75.638578843153709, 20.309987930886624 ], [ 75.636072482238944, 20.301699551998674 ] ] ] } },
{ "type": "Feature", "properties": { }, "geometry": { "type": "Polygon", "coordinates": [ [ [ 75.677597110621022, 20.301699551998674 ], [ 75.667215953525485, 20.301699551998674 ], [ 75.669723346444925, 20.309987930886624 ], [ 75.680104847541983, 20.309987930886624 ], [ 75.677597110621022, 20.301699551998674 ] ] ] } },
{ "type": "Feature", "properties": { }, "geometry": { "type": "Polygon", "coordinates": [ [ [ 75.500749983536039, 20.334854082188251 ], [ 75.49036744940004, 20.334854082188251 ], [ 75.492873664780717, 20.343143137772199 ], [ 75.503256543607932, 20.343143137772199 ], [ 75.500749983536039, 20.334854082188251 ] ] ] } },
{ "type": "Feature", "properties": { }, "geometry": { "type": "Polygon", "coordinates": [ [ [ 75.570574840402401, 20.359721757152844 ], [ 75.560191271675109, 20.359721757152844 ], [ 75.562703322762701, 20.368011321112149 ], [ 75.573087236698967, 20.368011321112149 ], [ 75.570574840402401, 20.359721757152844 ] ] ] } },
{ "type": "Feature", "properties": { }, "geometry": { "type": "Polygon", "coordinates": [ [ [ 75.733884872851064, 20.384590957975401 ], [ 75.723500267978807, 20.384590957975401 ], [ 75.72602127561629, 20.392881031042069 ], [ 75.736406226215664, 20.392881031042069 ], [ 75.733884872851064, 20.384590957975401 ] ] ] } },
{ "type": "Feature", "properties": { }, "geometry": { "type": "Polygon", "coordinates": [ [ [ 75.439949967651586, 20.442625039461216 ], [ 75.429562939058656, 20.442625039461216 ], [ 75.4320823669145, 20.450916303294484 ], [ 75.442469742445269, 20.450916303294484 ], [ 75.439949967651586, 20.442625039461216 ] ] ] } },
{ "type": "Feature", "properties": { }, "geometry": { "type": "Polygon", "coordinates": [ [ [ 75.660604628591486, 20.450916303294484 ], [ 75.663132950268448, 20.459207737563162 ], [ 75.683908395551967, 20.459207737563162 ], [ 75.681379379653038, 20.450916303294484 ], [ 75.660604628591486, 20.450916303294484 ] ] ] } },
{ "type": "Feature", "properties": { }, "geometry": { "type": "Polygon", "coordinates": [ [ [ 75.543532369970592, 20.47579111773296 ], [ 75.546060305719109, 20.484083063797193 ], [ 75.556449070733166, 20.484083063797193 ], [ 75.55392078735396, 20.47579111773296 ], [ 75.543532369970592, 20.47579111773296 ] ] ] } },
{ "type": "Feature", "properties": { }, "geometry": { "type": "Polygon", "coordinates": [ [ [ 75.724544501395442, 20.591893931666856 ], [ 75.714151201391132, 20.591893931666856 ], [ 75.71670136638555, 20.600188275827232 ], [ 75.727095016451628, 20.600188275827232 ], [ 75.724544501395442, 20.591893931666856 ] ] ] } },
{ "type": "Feature", "properties": { }, "geometry": { "type": "Polygon", "coordinates": [ [ [ 75.586678940322741, 20.61677747994732 ], [ 75.576284589611049, 20.61677747994732 ], [ 75.578833650330367, 20.625072340070759 ], [ 75.589228351625991, 20.625072340070759 ], [ 75.586678940322741, 20.61677747994732 ] ] ] } },
{ "type": "Feature", "properties": { }, "geometry": { "type": "Polygon", "coordinates": [ [ [ 75.791843630524255, 20.641662576853943 ], [ 75.781448227538277, 20.641662576853943 ], [ 75.784007759016887, 20.649957953677536 ], [ 75.794403513109401, 20.649957953677536 ], [ 75.791843630524255, 20.641662576853943 ] ] ] } },
{ "type": "Feature", "properties": { }, "geometry": { "type": "Polygon", "coordinates": [ [ [ 75.349932135405538, 20.6582535028984 ], [ 75.339536030032207, 20.6582535028984 ], [ 75.342082990470388, 20.666549224598512 ], [ 75.35247944729889, 20.666549224598512 ], [ 75.349932135405538, 20.6582535028984 ] ] ] } },
{ "type": "Feature", "properties": { }, "geometry": { "type": "Polygon", "coordinates": [ [ [ 75.778286418633513, 20.799304295939837 ], [ 75.767884314772289, 20.799304295939837 ], [ 75.770465921218459, 20.807602962347037 ], [ 75.780868379506074, 20.807602962347037 ], [ 75.778286418633513, 20.799304295939837 ] ] ] } },
{ "type": "Feature", "properties": { }, "geometry": { "type": "Polygon", "coordinates": [ [ [ 75.762645991030709, 20.81590180271218 ], [ 75.773048803919949, 20.81590180271218 ], [ 75.770465921218459, 20.807602962347037 ], [ 75.76006346293083, 20.807602962347037 ], [ 75.762645991030709, 20.81590180271218 ] ] ] } },
{ "type": "Feature", "properties": { }, "geometry": { "type": "Polygon", "coordinates": [ [ [ 75.752243178141484, 20.81590180271218 ], [ 75.741840365252244, 20.81590180271218 ], [ 75.744423460234003, 20.824200817117596 ], [ 75.754826627900115, 20.824200817117596 ], [ 75.752243178141484, 20.81590180271218 ] ] ] } },
{ "type": "Feature", "properties": { }, "geometry": { "type": "Polygon", "coordinates": [ [ [ 75.554589733245962, 20.81590180271218 ], [ 75.557166442243883, 20.824200817117596 ], [ 75.567569609910009, 20.824200817117596 ], [ 75.564992546135201, 20.81590180271218 ], [ 75.554589733245962, 20.81590180271218 ] ] ] } },
{ "type": "Feature", "properties": { }, "geometry": { "type": "Polygon", "coordinates": [ [ [ 75.648078669222144, 20.882298798002555 ], [ 75.650668067720702, 20.890599207696177 ], [ 75.661074079917242, 20.890599207696177 ], [ 75.658484325237936, 20.882298798002555 ], [ 75.648078669222144, 20.882298798002555 ] ] ] } },
{ "type": "Feature", "properties": { }, "geometry": { "type": "Polygon", "coordinates": [ [ [ 75.590756372533519, 20.965310770037288 ], [ 75.580347146797479, 20.965310770037288 ], [ 75.582946113562258, 20.973612931266963 ], [ 75.593355697238323, 20.973612931266963 ], [ 75.590756372533519, 20.965310770037288 ] ] ] } },
{ "type": "Feature", "properties": { }, "geometry": { "type": "Polygon", "coordinates": [ [ [ 75.530898195181905, 20.973612931266963 ], [ 75.536096385106703, 20.990217780633202 ], [ 75.546506685191474, 20.990217780633202 ], [ 75.541307778857984, 20.973612931266963 ], [ 75.530898195181905, 20.973612931266963 ] ] ] } },
{ "type": "Feature", "properties": { }, "geometry": { "type": "Polygon", "coordinates": [ [ [ 75.575136417894569, 20.981915268104693 ], [ 75.572536529886179, 20.973612931266963 ], [ 75.551717362534049, 20.973612931266963 ], [ 75.554316534309976, 20.981915268104693 ], [ 75.575136417894569, 20.981915268104693 ] ] ] } },
{ "type": "Feature", "properties": { }, "geometry": { "type": "Polygon", "coordinates": [ [ [ 75.606366243271466, 20.981915268104693 ], [ 75.595956301479163, 20.981915268104693 ], [ 75.590750691452811, 20.998520468935187 ], [ 75.611572008559918, 20.998520468935187 ], [ 75.606366243271466, 20.981915268104693 ] ] ] } },
{ "type": "Feature", "properties": { }, "geometry": { "type": "Polygon", "coordinates": [ [ [ 75.63239332566701, 20.998520468935187 ], [ 75.634998846608028, 21.006823333093408 ], [ 75.655820881005369, 21.006823333093408 ], [ 75.653214642774103, 20.998520468935187 ], [ 75.63239332566701, 20.998520468935187 ] ] ] } },
{ "type": "Feature", "properties": { }, "geometry": { "type": "Polygon", "coordinates": [ [ [ 75.590750691452811, 20.998520468935187 ], [ 75.580340032899258, 20.998520468935187 ], [ 75.582943760614683, 21.006823333093408 ], [ 75.59335477781336, 21.006823333093408 ], [ 75.590750691452811, 20.998520468935187 ] ] ] } },
{ "type": "Feature", "properties": { }, "geometry": { "type": "Polygon", "coordinates": [ [ [ 75.793776289355677, 21.015126373190622 ], [ 75.78336491333549, 21.015126373190622 ], [ 75.785978023616067, 21.023429589309604 ], [ 75.79638975863422, 21.023429589309604 ], [ 75.793776289355677, 21.015126373190622 ] ] ] } },
{ "type": "Feature", "properties": { }, "geometry": { "type": "Polygon", "coordinates": [ [ [ 75.754742818561624, 21.023429589309604 ], [ 75.757356136014636, 21.031732981533153 ], [ 75.778180324399841, 21.031732981533153 ], [ 75.775566288597915, 21.023429589309604 ], [ 75.754742818561624, 21.023429589309604 ] ] ] } },
{ "type": "Feature", "properties": { }, "geometry": { "type": "Polygon", "coordinates": [ [ [ 75.52570082315151, 21.056644215659521 ], [ 75.515287650376052, 21.056644215659521 ], [ 75.517897470968535, 21.064948313129729 ], [ 75.528311003624921, 21.064948313129729 ], [ 75.52570082315151, 21.056644215659521 ] ] ] } },
{ "type": "Feature", "properties": { }, "geometry": { "type": "Polygon", "coordinates": [ [ [ 75.56216414415141, 21.073252587118795 ], [ 75.564777969511297, 21.081557037709615 ], [ 75.575192222459862, 21.081557037709615 ], [ 75.572578036865494, 21.073252587118795 ], [ 75.56216414415141, 21.073252587118795 ] ] ] } },
{ "type": "Feature", "properties": { }, "geometry": { "type": "Polygon", "coordinates": [ [ [ 75.622240452076085, 21.164611274969616 ], [ 75.624869498750755, 21.172917673657619 ], [ 75.635287725961319, 21.172917673657619 ], [ 75.632658317104131, 21.164611274969616 ], [ 75.622240452076085, 21.164611274969616 ] ] ] } },
{ "type": "Feature", "properties": { }, "geometry": { "type": "Polygon", "coordinates": [ [ [ 75.968670996699316, 21.172917673657619 ], [ 75.958252769488766, 21.172917673657619 ], [ 75.960894699374165, 21.181224249943849 ], [ 75.971313288944629, 21.181224249943849 ], [ 75.968670996699316, 21.172917673657619 ] ] ] } },
{ "type": "Feature", "properties": { }, "geometry": { "type": "Polygon", "coordinates": [ [ [ 75.518151903346464, 21.197837935643641 ], [ 75.507732588523766, 21.197837935643641 ], [ 75.510362433454461, 21.206145045223582 ], [ 75.520782111169538, 21.206145045223582 ], [ 75.518151903346464, 21.197837935643641 ] ] ] } },
{ "type": "Feature", "properties": { }, "geometry": { "type": "Polygon", "coordinates": [ [ [ 75.989667608348412, 21.206145045223582 ], [ 75.979247930633321, 21.206145045223582 ], [ 75.981895400737486, 21.21445233273451 ], [ 75.992315441522578, 21.21445233273451 ], [ 75.989667608348412, 21.206145045223582 ] ] ] } },
{ "type": "Feature", "properties": { }, "geometry": { "type": "Polygon", "coordinates": [ [ [ 75.935932272273945, 21.3640140291173 ], [ 75.938601119711876, 21.372324713154637 ], [ 75.959455065563034, 21.372324713154637 ], [ 75.956785485217225, 21.3640140291173 ], [ 75.935932272273945, 21.3640140291173 ] ] ] } },
{ "type": "Feature", "properties": { }, "geometry": { "type": "Polygon", "coordinates": [ [ [ 74.855915888909266, 17.007278706656795 ], [ 74.845658703158719, 17.007278706656795 ], [ 74.847692060009521, 17.015505935043823 ], [ 74.857949524420434, 17.015505935043823 ], [ 74.855915888909266, 17.007278706656795 ] ] ] } },
{ "type": "Feature", "properties": { }, "geometry": { "type": "Polygon", "coordinates": [ [ [ 74.94872580401281, 17.418810604602232 ], [ 74.938454493483121, 17.418810604602232 ], [ 74.940544788962356, 17.427044823270325 ], [ 74.950816385994798, 17.427044823270325 ], [ 74.94872580401281, 17.418810604602232 ] ] ] } },
{ "type": "Feature", "properties": { }, "geometry": { "type": "Polygon", "coordinates": [ [ [ 75.621198648792003, 17.51763059924042 ], [ 75.623321233278546, 17.525866523625158 ], [ 75.633596280661422, 17.525866523625158 ], [ 75.63147340777634, 17.51763059924042 ], [ 75.621198648792003, 17.51763059924042 ] ] ] } },
{ "type": "Feature", "properties": { }, "geometry": { "type": "Polygon", "coordinates": [ [ [ 75.58044220629796, 17.558811648272954 ], [ 75.582569170142918, 17.567048286591064 ], [ 75.592845661892653, 17.567048286591064 ], [ 75.590718408857654, 17.558811648272954 ], [ 75.58044220629796, 17.558811648272954 ] ] ] } },
{ "type": "Feature", "properties": { }, "geometry": { "type": "Polygon", "coordinates": [ [ [ 75.776298691261815, 17.797732500689882 ], [ 75.766014037738927, 17.797732500689882 ], [ 75.768178427262328, 17.805973317261461 ], [ 75.778463374584433, 17.805973317261461 ], [ 75.776298691261815, 17.797732500689882 ] ] ] } },
{ "type": "Feature", "properties": { }, "geometry": { "type": "Polygon", "coordinates": [ [ [ 75.596588724692637, 17.896631900815773 ], [ 75.586300535043264, 17.896631900815773 ], [ 75.588473129585452, 17.904874465057091 ], [ 75.598761614950661, 17.904874465057091 ], [ 75.596588724692637, 17.896631900815773 ] ] ] } },
{ "type": "Feature", "properties": { }, "geometry": { "type": "Polygon", "coordinates": [ [ [ 75.778025235678925, 17.921360032022918 ], [ 75.767736158402172, 17.921360032022918 ], [ 75.769917314866163, 17.929603034900328 ], [ 75.780206688338737, 17.929603034900328 ], [ 75.778025235678925, 17.921360032022918 ] ] ] } },
{ "type": "Feature", "properties": { }, "geometry": { "type": "Polygon", "coordinates": [ [ [ 75.823363950607288, 18.053265684717463 ], [ 75.813070114965925, 18.053265684717463 ], [ 75.815270465456422, 18.061511038621259 ], [ 75.825564599859533, 18.061511038621259 ], [ 75.823363950607288, 18.053265684717463 ] ] ] } },
{ "type": "Feature", "properties": { }, "geometry": { "type": "Polygon", "coordinates": [ [ [ 75.51083274509466, 18.078002189277328 ], [ 75.50053801268588, 18.078002189277328 ], [ 75.502732638107744, 18.086247986183075 ], [ 75.51302766976049, 18.086247986183075 ], [ 75.51083274509466, 18.078002189277328 ] ] ] } },
{ "type": "Feature", "properties": { }, "geometry": { "type": "Polygon", "coordinates": [ [ [ 75.52181916710677, 18.119232652782003 ], [ 75.51152293686954, 18.119232652782003 ], [ 75.513723462262334, 18.127479189559715 ], [ 75.52401999254802, 18.127479189559715 ], [ 75.52181916710677, 18.119232652782003 ] ] ] } },
{ "type": "Feature", "properties": { }, "geometry": { "type": "Polygon", "coordinates": [ [ [ 75.656022497504637, 18.350191956061312 ], [ 75.64571780491859, 18.350191956061312 ], [ 75.647953635559347, 18.358442671673973 ], [ 75.658258632717136, 18.358442671673973 ], [ 75.656022497504637, 18.350191956061312 ] ] ] } },
{ "type": "Feature", "properties": { }, "geometry": { "type": "Polygon", "coordinates": [ [ [ 75.735787725570106, 18.41620189543934 ], [ 75.738035226430654, 18.424453816116124 ], [ 75.748342666002031, 18.424453816116124 ], [ 75.746094859271651, 18.41620189543934 ], [ 75.735787725570106, 18.41620189543934 ] ] ] } },
{ "type": "Feature", "properties": { }, "geometry": { "type": "Polygon", "coordinates": [ [ [ 75.336931786362868, 18.46571568576482 ], [ 75.339174179467818, 18.473968513489563 ], [ 75.3494834576708, 18.473968513489563 ], [ 75.347240757720769, 18.46571568576482 ], [ 75.336931786362868, 18.46571568576482 ] ] ] } },
{ "type": "Feature", "properties": { }, "geometry": { "type": "Polygon", "coordinates": [ [ [ 75.988658706254796, 18.473968513489563 ], [ 75.978349428051843, 18.473968513489563 ], [ 75.980612044507069, 18.482221492660063 ], [ 75.990921629717789, 18.482221492660063 ], [ 75.988658706254796, 18.473968513489563 ] ] ] } },
{ "type": "Feature", "properties": { }, "geometry": { "type": "Polygon", "coordinates": [ [ [ 75.918754533242733, 18.482221492660063 ], [ 75.908444948032027, 18.482221492660063 ], [ 75.910706613546978, 18.490474623353808 ], [ 75.921016505928179, 18.490474623353808 ], [ 75.918754533242733, 18.482221492660063 ] ] ] } },
{ "type": "Feature", "properties": { }, "geometry": { "type": "Polygon", "coordinates": [ [ [ 75.977096583371008, 18.506981339621127 ], [ 75.966786076160517, 18.506981339621127 ], [ 75.969052876096143, 18.515234925349766 ], [ 75.979363690965513, 18.515234925349766 ], [ 75.977096583371008, 18.506981339621127 ] ] ] } },
{ "type": "Feature", "properties": { }, "geometry": { "type": "Polygon", "coordinates": [ [ [ 75.893366567219246, 18.539996593846389 ], [ 75.883054828395728, 18.539996593846389 ], [ 75.885323655799709, 18.54825078737413 ], [ 75.895635702933916, 18.54825078737413 ], [ 75.893366567219246, 18.539996593846389 ] ] ] } },
{ "type": "Feature", "properties": { }, "geometry": { "type": "Polygon", "coordinates": [ [ [ 76.005580041769591, 18.573014281130686 ], [ 75.995267068724928, 18.573014281130686 ], [ 75.997543786934102, 18.581269083699478 ], [ 76.007857068941846, 18.581269083699478 ], [ 76.005580041769591, 18.573014281130686 ] ] ] } },
{ "type": "Feature", "properties": { }, "geometry": { "type": "Polygon", "coordinates": [ [ [ 75.648901315952145, 18.738139387505619 ], [ 75.638582132589121, 18.738139387505619 ], [ 75.640870784316732, 18.74639725394438 ], [ 75.651190279914815, 18.74639725394438 ], [ 75.648901315952145, 18.738139387505619 ] ] ] } },
{ "type": "Feature", "properties": { }, "geometry": { "type": "Polygon", "coordinates": [ [ [ 75.412660255272272, 18.7794302605943 ], [ 75.402339509093281, 18.7794302605943 ], [ 75.404626662080872, 18.787688897870709 ], [ 75.414947721315471, 18.787688897870709 ], [ 75.412660255272272, 18.7794302605943 ] ] ] } },
{ "type": "Feature", "properties": { }, "geometry": { "type": "Polygon", "coordinates": [ [ [ 75.503511995746834, 18.994205213631318 ], [ 75.493183056637434, 18.994205213631318 ], [ 75.495502457525802, 19.002467890775772 ], [ 75.505831713974459, 19.002467890775772 ], [ 75.503511995746834, 18.994205213631318 ] ] ] } },
{ "type": "Feature", "properties": { }, "geometry": { "type": "Polygon", "coordinates": [ [ [ 75.764063125190674, 19.002467890775772 ], [ 75.753733868742017, 19.002467890775772 ], [ 75.756062415558588, 19.01073072435771 ], [ 75.766391989511817, 19.01073072435771 ], [ 75.764063125190674, 19.002467890775772 ] ] ] } },
{ "type": "Feature", "properties": { }, "geometry": { "type": "Polygon", "coordinates": [ [ [ 75.63047356623683, 19.151222906332265 ], [ 75.620138569370766, 19.151222906332265 ], [ 75.622483544993699, 19.159488569231204 ], [ 75.632818862347349, 19.159488569231204 ], [ 75.63047356623683, 19.151222906332265 ] ] ] } },
{ "type": "Feature", "properties": { }, "geometry": { "type": "Polygon", "coordinates": [ [ [ 75.705166083822959, 19.159488569231204 ], [ 75.694830766469309, 19.159488569231204 ], [ 75.697179202199024, 19.167754390062253 ], [ 75.7075148402064, 19.167754390062253 ], [ 75.705166083822959, 19.159488569231204 ] ] ] } },
{ "type": "Feature", "properties": { }, "geometry": { "type": "Polygon", "coordinates": [ [ [ 76.120940360501322, 19.167754390062253 ], [ 76.11060472249396, 19.167754390062253 ], [ 76.112967208025282, 19.176020368904233 ], [ 76.123303166852523, 19.176020368904233 ], [ 76.120940360501322, 19.167754390062253 ] ] ] } },
{ "type": "Feature", "properties": { }, "geometry": { "type": "Polygon", "coordinates": [ [ [ 75.478761203031311, 19.308297584251523 ], [ 75.468420088451978, 19.308297584251523 ], [ 75.470782063402211, 19.316566261356215 ], [ 75.481123501632865, 19.316566261356215 ], [ 75.478761203031311, 19.308297584251523 ] ] ] } },
{ "type": "Feature", "properties": { }, "geometry": { "type": "Polygon", "coordinates": [ [ [ 75.473145256682301, 19.324835097893597 ], [ 75.462803494633405, 19.324835097893597 ], [ 75.465167582573699, 19.333104093942801 ], [ 75.475509668607856, 19.333104093942801 ], [ 75.473145256682301, 19.324835097893597 ] ] ] } },
{ "type": "Feature", "properties": { }, "geometry": { "type": "Polygon", "coordinates": [ [ [ 75.792081100405781, 19.390991539269844 ], [ 75.781736741795669, 19.390991539269844 ], [ 75.784120023306656, 19.399261814264808 ], [ 75.794464707239456, 19.399261814264808 ], [ 75.792081100405781, 19.390991539269844 ] ] ] } },
{ "type": "Feature", "properties": { }, "geometry": { "type": "Polygon", "coordinates": [ [ [ 75.703744455616516, 19.407532249484643 ], [ 75.706127584550202, 19.41580284500866 ], [ 75.716472919630576, 19.41580284500866 ], [ 75.714089465039393, 19.407532249484643 ], [ 75.703744455616516, 19.407532249484643 ] ] ] } },
{ "type": "Feature", "properties": { }, "geometry": { "type": "Polygon", "coordinates": [ [ [ 75.555707715710753, 19.432344517286548 ], [ 75.558089629642268, 19.440615594199137 ], [ 75.568435942700049, 19.440615594199137 ], [ 75.566053702608528, 19.432344517286548 ], [ 75.555707715710753, 19.432344517286548 ] ] ] } },
{ "type": "Feature", "properties": { }, "geometry": { "type": "Polygon", "coordinates": [ [ [ 76.022924780264447, 19.473701508859421 ], [ 76.012577160890274, 19.473701508859421 ], [ 76.014979258566285, 19.481973389674089 ], [ 76.025327204938876, 19.481973389674089 ], [ 76.022924780264447, 19.473701508859421 ] ] ] } },
{ "type": "Feature", "properties": { }, "geometry": { "type": "Polygon", "coordinates": [ [ [ 75.62742158698552, 19.5729747233657 ], [ 75.617070032545016, 19.5729747233657 ], [ 75.619473454749254, 19.581248541654549 ], [ 75.629825338204824, 19.581248541654549 ], [ 75.62742158698552, 19.5729747233657 ] ] ] } },
{ "type": "Feature", "properties": { }, "geometry": { "type": "Polygon", "coordinates": [ [ [ 75.7954554734943, 19.581248541654549 ], [ 75.785103590038702, 19.581248541654549 ], [ 75.787513508891095, 19.589522521916994 ], [ 75.797865721530101, 19.589522521916994 ], [ 75.7954554734943, 19.581248541654549 ] ] ] } },
{ "type": "Feature", "properties": { }, "geometry": { "type": "Polygon", "coordinates": [ [ [ 76.133981804975107, 19.606070968681454 ], [ 76.123628933464076, 19.606070968681454 ], [ 76.126053101517797, 19.614345435342894 ], [ 76.136406302717532, 19.614345435342894 ], [ 76.133981804975107, 19.606070968681454 ] ] ] } },
{ "type": "Feature", "properties": { }, "geometry": { "type": "Polygon", "coordinates": [ [ [ 76.266146164334245, 19.738481955048986 ], [ 76.255787997556965, 19.738481955048986 ], [ 76.25823502186168, 19.746759027969187 ], [ 76.268593521029274, 19.746759027969187 ], [ 76.266146164334245, 19.738481955048986 ] ] ] } },
{ "type": "Feature", "properties": { }, "geometry": { "type": "Polygon", "coordinates": [ [ [ 76.211336986092931, 19.763313664601156 ], [ 76.200977821636968, 19.763313664601156 ], [ 76.203426587114151, 19.771591228472989 ], [ 76.213786084468268, 19.771591228472989 ], [ 76.211336986092931, 19.763313664601156 ] ] ] } },
{ "type": "Feature", "properties": { }, "geometry": { "type": "Polygon", "coordinates": [ [ [ 76.355306668242804, 19.829538766759459 ], [ 76.344944835856936, 19.829538766759459 ], [ 76.34740758829065, 19.837817643359596 ], [ 76.357769754930843, 19.837817643359596 ], [ 76.355306668242804, 19.829538766759459 ] ] ] } },
{ "type": "Feature", "properties": { }, "geometry": { "type": "Polygon", "coordinates": [ [ [ 75.878662378492749, 19.829538766759459 ], [ 75.881110089481879, 19.837817643359596 ], [ 75.891472256122071, 19.837817643359596 ], [ 75.889024210878617, 19.829538766759459 ], [ 75.878662378492749, 19.829538766759459 ] ] ] } },
{ "type": "Feature", "properties": { }, "geometry": { "type": "Polygon", "coordinates": [ [ [ 76.337045421650444, 19.837817643359596 ], [ 76.339509090175198, 19.846096684411478 ], [ 76.349871591239449, 19.846096684411478 ], [ 76.34740758829065, 19.837817643359596 ], [ 76.337045421650444, 19.837817643359596 ] ] ] } },
{ "type": "Feature", "properties": { }, "geometry": { "type": "Polygon", "coordinates": [ [ [ 75.870747922841687, 19.837817643359596 ], [ 75.860385756201495, 19.837817643359596 ], [ 75.862834041220012, 19.846096684411478 ], [ 75.873196542284248, 19.846096684411478 ], [ 75.870747922841687, 19.837817643359596 ] ] ] } },
{ "type": "Feature", "properties": { }, "geometry": { "type": "Polygon", "coordinates": [ [ [ 75.862834041220012, 19.846096684411478 ], [ 75.842109039091525, 19.846096684411478 ], [ 75.844557897790807, 19.854375889995321 ], [ 75.865283569106936, 19.854375889995321 ], [ 75.862834041220012, 19.846096684411478 ] ] ] } },
{ "type": "Feature", "properties": { }, "geometry": { "type": "Polygon", "coordinates": [ [ [ 75.925009047605471, 19.846096684411478 ], [ 75.914646546541221, 19.846096684411478 ], [ 75.917097747397236, 19.854375889995321 ], [ 75.927460583055307, 19.854375889995321 ], [ 75.925009047605471, 19.846096684411478 ] ] ] } },
{ "type": "Feature", "properties": { }, "geometry": { "type": "Polygon", "coordinates": [ [ [ 75.883559043348498, 19.846096684411478 ], [ 75.873196542284248, 19.846096684411478 ], [ 75.875646404765007, 19.854375889995321 ], [ 75.886009240423078, 19.854375889995321 ], [ 75.883559043348498, 19.846096684411478 ] ] ] } },
{ "type": "Feature", "properties": { }, "geometry": { "type": "Polygon", "coordinates": [ [ [ 75.844557897790807, 19.854375889995321 ], [ 75.83419506213275, 19.854375889995321 ], [ 75.83664482892776, 19.862655260191364 ], [ 75.847007999349458, 19.862655260191364 ], [ 75.844557897790807, 19.854375889995321 ] ] ] } },
{ "type": "Feature", "properties": { }, "geometry": { "type": "Polygon", "coordinates": [ [ [ 75.722649954289096, 19.862655260191364 ], [ 75.712286783867398, 19.862655260191364 ], [ 75.714733774480663, 19.870934795079865 ], [ 75.725097279835865, 19.870934795079865 ], [ 75.722649954289096, 19.862655260191364 ] ] ] } },
{ "type": "Feature", "properties": { }, "geometry": { "type": "Polygon", "coordinates": [ [ [ 76.268448760633532, 19.920615467448556 ], [ 76.270921925818726, 19.9288961574327 ], [ 76.281287780468247, 19.9288961574327 ], [ 76.278814279159263, 19.920615467448556 ], [ 76.268448760633532, 19.920615467448556 ] ] ] } },
{ "type": "Feature", "properties": { }, "geometry": { "type": "Polygon", "coordinates": [ [ [ 75.87650628168339, 19.962020571524292 ], [ 75.878972570589312, 19.970302088988124 ], [ 75.889340108412028, 19.970302088988124 ], [ 75.886873482530746, 19.962020571524292 ], [ 75.87650628168339, 19.962020571524292 ] ] ] } },
{ "type": "Feature", "properties": { }, "geometry": { "type": "Polygon", "coordinates": [ [ [ 75.81873815764348, 20.011712163976949 ], [ 75.808368932386358, 20.011712163976949 ], [ 75.810840007372221, 20.019994677072379 ], [ 75.821209570628085, 20.019994677072379 ], [ 75.81873815764348, 20.011712163976949 ] ] ] } },
{ "type": "Feature", "properties": { }, "geometry": { "type": "Polygon", "coordinates": [ [ [ 76.316460969985954, 20.011712163976949 ], [ 76.306091744728818, 20.011712163976949 ], [ 76.308579043654191, 20.019994677072379 ], [ 76.31894860691007, 20.019994677072379 ], [ 76.316460969985954, 20.011712163976949 ] ] ] } },
{ "type": "Feature", "properties": { }, "geometry": { "type": "Polygon", "coordinates": [ [ [ 75.724925518081363, 20.044843214004288 ], [ 75.714554939804728, 20.044843214004288 ], [ 75.717027622582407, 20.053126392465536 ], [ 75.727398539540957, 20.053126392465536 ], [ 75.724925518081363, 20.044843214004288 ] ] ] } },
{ "type": "Feature", "properties": { }, "geometry": { "type": "Polygon", "coordinates": [ [ [ 75.975447582261481, 20.119397822484 ], [ 75.965073949691103, 20.119397822484 ], [ 75.967565359472744, 20.127682502738367 ], [ 75.977939332264853, 20.127682502738367 ], [ 75.975447582261481, 20.119397822484 ] ] ] } },
{ "type": "Feature", "properties": { }, "geometry": { "type": "Polygon", "coordinates": [ [ [ 76.320280434405078, 20.127682502738367 ], [ 76.322784672127412, 20.135967350262465 ], [ 76.343533298497789, 20.135967350262465 ], [ 76.341028379989325, 20.127682502738367 ], [ 76.320280434405078, 20.127682502738367 ] ] ] } },
{ "type": "Feature", "properties": { }, "geometry": { "type": "Polygon", "coordinates": [ [ [ 76.008295232405942, 20.193965973275731 ], [ 75.99791853166839, 20.193965973275731 ], [ 76.000421586603508, 20.202252161869108 ], [ 76.010798629106361, 20.202252161869108 ], [ 76.008295232405942, 20.193965973275731 ] ] ] } },
{ "type": "Feature", "properties": { }, "geometry": { "type": "Polygon", "coordinates": [ [ [ 75.886274119072198, 20.202252161869108 ], [ 75.875897076569345, 20.202252161869108 ], [ 75.8783972860614, 20.210538518460339 ], [ 75.888774670501292, 20.210538518460339 ], [ 75.886274119072198, 20.202252161869108 ] ] ] } },
{ "type": "Feature", "properties": { }, "geometry": { "type": "Polygon", "coordinates": [ [ [ 76.150719641900835, 20.218825043130419 ], [ 76.14034191535211, 20.218825043130419 ], [ 76.142853194361876, 20.227111735960342 ], [ 76.153231263191259, 20.227111735960342 ], [ 76.150719641900835, 20.218825043130419 ] ] ] } },
{ "type": "Feature", "properties": { }, "geometry": { "type": "Polygon", "coordinates": [ [ [ 75.755988924397556, 20.251972824219646 ], [ 75.758492216888698, 20.260260190499451 ], [ 75.779251096231306, 20.260260190499451 ], [ 75.776747117803239, 20.251972824219646 ], [ 75.755988924397556, 20.251972824219646 ] ] ] } },
{ "type": "Feature", "properties": { }, "geometry": { "type": "Polygon", "coordinates": [ [ [ 76.03559658006121, 20.318276478826718 ], [ 76.025214734790254, 20.318276478826718 ], [ 76.030259224471735, 20.334854082188251 ], [ 76.040641758607734, 20.334854082188251 ], [ 76.03559658006121, 20.318276478826718 ] ] ] } },
{ "type": "Feature", "properties": { }, "geometry": { "type": "Polygon", "coordinates": [ [ [ 76.287291088682721, 20.326565195900184 ], [ 76.276908899065461, 20.326565195900184 ], [ 76.27944004373559, 20.334854082188251 ], [ 76.28982257787159, 20.334854082188251 ], [ 76.287291088682721, 20.326565195900184 ] ] ] } },
{ "type": "Feature", "properties": { }, "geometry": { "type": "Polygon", "coordinates": [ [ [ 75.737035038967818, 20.326565195900184 ], [ 75.726652849350543, 20.326565195900184 ], [ 75.729165734527896, 20.334854082188251 ], [ 75.739548268663896, 20.334854082188251 ], [ 75.737035038967818, 20.326565195900184 ] ] ] } },
{ "type": "Feature", "properties": { }, "geometry": { "type": "Polygon", "coordinates": [ [ [ 76.25867497546362, 20.334854082188251 ], [ 76.248292441327621, 20.334854082188251 ], [ 76.250823819167252, 20.343143137772199 ], [ 76.261206697994467, 20.343143137772199 ], [ 76.25867497546362, 20.334854082188251 ] ] ] } },
{ "type": "Feature", "properties": { }, "geometry": { "type": "Polygon", "coordinates": [ [ [ 75.742062756633828, 20.343143137772199 ], [ 75.744578503220339, 20.351432362733291 ], [ 75.754961726911318, 20.351432362733291 ], [ 75.752445635461044, 20.343143137772199 ], [ 75.742062756633828, 20.343143137772199 ] ] ] } },
{ "type": "Feature", "properties": { }, "geometry": { "type": "Polygon", "coordinates": [ [ [ 76.263739687768606, 20.351432362733291 ], [ 76.266273945131374, 20.359721757152844 ], [ 76.276657513858666, 20.359721757152844 ], [ 76.274122911459571, 20.351432362733291 ], [ 76.263739687768606, 20.351432362733291 ] ] ] } },
{ "type": "Feature", "properties": { }, "geometry": { "type": "Polygon", "coordinates": [ [ [ 76.344036079230506, 20.376301054692547 ], [ 76.333651819912617, 20.376301054692547 ], [ 76.33619195544172, 20.384590957975401 ], [ 76.346576560313977, 20.384590957975401 ], [ 76.344036079230506, 20.376301054692547 ] ] ] } },
{ "type": "Feature", "properties": { }, "geometry": { "type": "Polygon", "coordinates": [ [ [ 75.936249473399741, 20.40117127397394 ], [ 75.925864176900433, 20.40117127397394 ], [ 75.92839428058447, 20.409461686852428 ], [ 75.938779923156588, 20.409461686852428 ], [ 75.936249473399741, 20.40117127397394 ] ] ] } },
{ "type": "Feature", "properties": { }, "geometry": { "type": "Polygon", "coordinates": [ [ [ 76.434743705367239, 20.40117127397394 ], [ 76.424358408867917, 20.40117127397394 ], [ 76.426905124046684, 20.409461686852428 ], [ 76.43729076661883, 20.409461686852428 ], [ 76.434743705367239, 20.40117127397394 ] ] ] } },
{ "type": "Feature", "properties": { }, "geometry": { "type": "Polygon", "coordinates": [ [ [ 75.92839428058447, 20.409461686852428 ], [ 75.918008638012338, 20.409461686852428 ], [ 75.920539659584165, 20.417752269758946 ], [ 75.93092564840201, 20.417752269758946 ], [ 75.92839428058447, 20.409461686852428 ] ] ] } },
{ "type": "Feature", "properties": { }, "geometry": { "type": "Polygon", "coordinates": [ [ [ 76.486486314714995, 20.434333945981873 ], [ 76.476099632886786, 20.434333945981873 ], [ 76.478652826945421, 20.442625039461216 ], [ 76.489039855538365, 20.442625039461216 ], [ 76.486486314714995, 20.434333945981873 ] ] ] } },
{ "type": "Feature", "properties": { }, "geometry": { "type": "Polygon", "coordinates": [ [ [ 76.250138197900768, 20.442625039461216 ], [ 76.252685033845495, 20.450916303294484 ], [ 76.273459784907047, 20.450916303294484 ], [ 76.270912255086657, 20.442625039461216 ], [ 76.250138197900768, 20.442625039461216 ] ] ] } },
{ "type": "Feature", "properties": { }, "geometry": { "type": "Polygon", "coordinates": [ [ [ 75.883582704495026, 20.500667468292267 ], [ 75.87319324369949, 20.500667468292267 ], [ 75.875735754638441, 20.508959926886345 ], [ 75.886125563584841, 20.508959926886345 ], [ 75.883582704495026, 20.500667468292267 ] ] ] } },
{ "type": "Feature", "properties": { }, "geometry": { "type": "Polygon", "coordinates": [ [ [ 75.930230318839165, 20.517252556486959 ], [ 75.919840161568416, 20.517252556486959 ], [ 75.922386600662975, 20.525545357175773 ], [ 75.932777106431587, 20.525545357175773 ], [ 75.930230318839165, 20.517252556486959 ] ] ] } },
{ "type": "Feature", "properties": { }, "geometry": { "type": "Polygon", "coordinates": [ [ [ 76.075692520629531, 20.517252556486959 ], [ 76.065302363358782, 20.517252556486959 ], [ 76.067853681423529, 20.525545357175773 ], [ 76.078244187192141, 20.525545357175773 ], [ 76.075692520629531, 20.517252556486959 ] ] ] } },
{ "type": "Feature", "properties": { }, "geometry": { "type": "Polygon", "coordinates": [ [ [ 76.213320762184097, 20.525545357175773 ], [ 76.202930256415485, 20.525545357175773 ], [ 76.205487377937686, 20.533838329034474 ], [ 76.215878232377747, 20.533838329034474 ], [ 76.213320762184097, 20.525545357175773 ] ] ] } },
{ "type": "Feature", "properties": { }, "geometry": { "type": "Polygon", "coordinates": [ [ [ 76.140587221803813, 20.525545357175773 ], [ 76.145698553084216, 20.542131472144742 ], [ 76.156089756369354, 20.542131472144742 ], [ 76.150977727572425, 20.525545357175773 ], [ 76.140587221803813, 20.525545357175773 ] ] ] } },
{ "type": "Feature", "properties": { }, "geometry": { "type": "Polygon", "coordinates": [ [ [ 76.623438655044069, 20.674845118859864 ], [ 76.613041846586, 20.674845118859864 ], [ 76.615634255050054, 20.683141185764459 ], [ 76.626031415312099, 20.683141185764459 ], [ 76.623438655044069, 20.674845118859864 ] ] ] } },
{ "type": "Feature", "properties": { }, "geometry": { "type": "Polygon", "coordinates": [ [ [ 76.09311014377711, 20.708030423158107 ], [ 76.082711927055968, 20.708030423158107 ], [ 76.0852911506677, 20.716327181456172 ], [ 76.095689719891084, 20.716327181456172 ], [ 76.09311014377711, 20.708030423158107 ] ] ] } },
{ "type": "Feature", "properties": { }, "geometry": { "type": "Polygon", "coordinates": [ [ [ 76.428443935039766, 20.716327181456172 ], [ 76.431036075113866, 20.724624112807799 ], [ 76.441434997014184, 20.724624112807799 ], [ 76.438842504263164, 20.716327181456172 ], [ 76.428443935039766, 20.716327181456172 ] ] ] } },
{ "type": "Feature", "properties": { }, "geometry": { "type": "Polygon", "coordinates": [ [ [ 75.996692374495993, 20.832500005645631 ], [ 75.999286545776542, 20.840799368378647 ], [ 76.0096904235224, 20.840799368378647 ], [ 76.007095897114297, 20.832500005645631 ], [ 75.996692374495993, 20.832500005645631 ] ] ] } },
{ "type": "Feature", "properties": { }, "geometry": { "type": "Polygon", "coordinates": [ [ [ 76.477864922086383, 20.840799368378647 ], [ 76.467461044340524, 20.840799368378647 ], [ 76.470072485617294, 20.849098905399035 ], [ 76.480476718666139, 20.849098905399035 ], [ 76.477864922086383, 20.840799368378647 ] ] ] } },
{ "type": "Feature", "properties": { }, "geometry": { "type": "Polygon", "coordinates": [ [ [ 75.957649548049304, 20.873998563008499 ], [ 75.960248349695959, 20.882298798002555 ], [ 75.981059661727556, 20.882298798002555 ], [ 75.978460148070695, 20.873998563008499 ], [ 75.957649548049304, 20.873998563008499 ] ] ] } },
{ "type": "Feature", "properties": { }, "geometry": { "type": "Polygon", "coordinates": [ [ [ 76.095541364134576, 20.915501485799489 ], [ 76.085134282341315, 20.915501485799489 ], [ 76.087743424671416, 20.923802595116516 ], [ 76.098150863348536, 20.923802595116516 ], [ 76.095541364134576, 20.915501485799489 ] ] ] } },
{ "type": "Feature", "properties": { }, "geometry": { "type": "Polygon", "coordinates": [ [ [ 76.673459181021741, 20.998520468935187 ], [ 76.663048522468216, 20.998520468935187 ], [ 76.665689549276237, 21.006823333093408 ], [ 76.676100566474886, 21.006823333093408 ], [ 76.673459181021741, 20.998520468935187 ] ] ] } },
{ "type": "Feature", "properties": { }, "geometry": { "type": "Polygon", "coordinates": [ [ [ 76.519935308494865, 21.006823333093408 ], [ 76.509524291296202, 21.006823333093408 ], [ 76.512161234748547, 21.015126373190622 ], [ 76.522572610768734, 21.015126373190622 ], [ 76.519935308494865, 21.006823333093408 ] ] ] } },
{ "type": "Feature", "properties": { }, "geometry": { "type": "Polygon", "coordinates": [ [ [ 76.220642706183327, 21.015126373190622 ], [ 76.21023133016314, 21.015126373190622 ], [ 76.212859159360235, 21.023429589309604 ], [ 76.223270894378402, 21.023429589309604 ], [ 76.220642706183327, 21.015126373190622 ] ] ] } },
{ "type": "Feature", "properties": { }, "geometry": { "type": "Polygon", "coordinates": [ [ [ 76.517439012075187, 21.031732981533153 ], [ 76.507026917882584, 21.031732981533153 ], [ 76.509667393135743, 21.040036549944102 ], [ 76.520079846679366, 21.040036549944102 ], [ 76.517439012075187, 21.031732981533153 ] ] ] } },
{ "type": "Feature", "properties": { }, "geometry": { "type": "Polygon", "coordinates": [ [ [ 76.061931890760263, 21.040036549944102 ], [ 76.051519437216641, 21.040036549944102 ], [ 76.054145390859674, 21.048340294625266 ], [ 76.064558203930886, 21.048340294625266 ], [ 76.061931890760263, 21.040036549944102 ] ] ] } },
{ "type": "Feature", "properties": { }, "geometry": { "type": "Polygon", "coordinates": [ [ [ 76.543547605206854, 21.048340294625266 ], [ 76.533134792135627, 21.048340294625266 ], [ 76.535778582371378, 21.056644215659521 ], [ 76.546191755146836, 21.056644215659521 ], [ 76.543547605206854, 21.048340294625266 ] ] ] } },
{ "type": "Feature", "properties": { }, "geometry": { "type": "Polygon", "coordinates": [ [ [ 76.626850109776569, 21.048340294625266 ], [ 76.616437296705371, 21.048340294625266 ], [ 76.619083964575083, 21.056644215659521 ], [ 76.629497137350526, 21.056644215659521 ], [ 76.626850109776569, 21.048340294625266 ] ] ] } },
{ "type": "Feature", "properties": { }, "geometry": { "type": "Polygon", "coordinates": [ [ [ 76.619269027384789, 21.089861664985143 ], [ 76.60885441402489, 21.089861664985143 ], [ 76.611506864897834, 21.098166469028314 ], [ 76.62192183884595, 21.098166469028314 ], [ 76.619269027384789, 21.089861664985143 ] ] ] } },
{ "type": "Feature", "properties": { }, "geometry": { "type": "Polygon", "coordinates": [ [ [ 76.567195960585337, 21.089861664985143 ], [ 76.556781347225439, 21.089861664985143 ], [ 76.559431995157283, 21.098166469028314 ], [ 76.569846969105384, 21.098166469028314 ], [ 76.567195960585337, 21.089861664985143 ] ] ] } },
{ "type": "Feature", "properties": { }, "geometry": { "type": "Polygon", "coordinates": [ [ [ 76.04673031666799, 21.156305053796686 ], [ 76.036312813645139, 21.156305053796686 ], [ 76.038955053197895, 21.164611274969616 ], [ 76.049372918225927, 21.164611274969616 ], [ 76.04673031666799, 21.156305053796686 ] ] ] } },
{ "type": "Feature", "properties": { }, "geometry": { "type": "Polygon", "coordinates": [ [ [ 76.158847901213178, 21.181224249943849 ], [ 76.148429311642701, 21.181224249943849 ], [ 76.151079060937263, 21.189531003911455 ], [ 76.161498013045104, 21.189531003911455 ], [ 76.158847901213178, 21.181224249943849 ] ] ] } },
{ "type": "Feature", "properties": { }, "geometry": { "type": "Polygon", "coordinates": [ [ [ 76.02869832965807, 21.197837935643641 ], [ 76.031346319208751, 21.206145045223582 ], [ 76.041765996923843, 21.206145045223582 ], [ 76.039117644480768, 21.197837935643641 ], [ 76.02869832965807, 21.197837935643641 ] ] ] } },
{ "type": "Feature", "properties": { }, "geometry": { "type": "Polygon", "coordinates": [ [ [ 76.076082488504284, 21.280917048330334 ], [ 76.078744183013839, 21.289225940968262 ], [ 76.089167499429038, 21.289225940968262 ], [ 76.086505440248857, 21.280917048330334 ], [ 76.076082488504284, 21.280917048330334 ] ] ] } },
{ "type": "Feature", "properties": { }, "geometry": { "type": "Polygon", "coordinates": [ [ [ 76.810671502866825, 21.488693185699312 ], [ 76.800239380808563, 21.488693185699312 ], [ 76.802956941473127, 21.49700657251859 ], [ 76.813389432669894, 21.49700657251859 ], [ 76.810671502866825, 21.488693185699312 ] ] ] } },
{ "type": "Feature", "properties": { }, "geometry": { "type": "Polygon", "coordinates": [ [ [ 76.866010241512129, 21.53026192919457 ], [ 76.855576271967067, 21.53026192919457 ], [ 76.85830191950447, 21.538576221133042 ], [ 76.868736259085438, 21.538576221133042 ], [ 76.866010241512129, 21.53026192919457 ] ] ] } },
{ "type": "Feature", "properties": { }, "geometry": { "type": "Polygon", "coordinates": [ [ [ 75.651869085475653, 16.99082466347928 ], [ 75.641612456578088, 16.99082466347928 ], [ 75.643665249294628, 16.999051616160241 ], [ 75.65392215654073, 16.999051616160241 ], [ 75.651869085475653, 16.99082466347928 ] ] ] } },
{ "type": "Feature", "properties": { }, "geometry": { "type": "Polygon", "coordinates": [ [ [ 75.725413792467435, 17.443513685863138 ], [ 75.715141621956107, 17.443513685863138 ], [ 75.717256894875845, 17.451748329939079 ], [ 75.727529352363376, 17.451748329939079 ], [ 75.725413792467435, 17.443513685863138 ] ] ] } },
{ "type": "Feature", "properties": { }, "geometry": { "type": "Polygon", "coordinates": [ [ [ 76.111866145076633, 17.46821804402812 ], [ 76.101593113162977, 17.46821804402812 ], [ 76.103722513920758, 17.476453114192523 ], [ 76.113995833284392, 17.476453114192523 ], [ 76.111866145076633, 17.46821804402812 ] ] ] } },
{ "type": "Feature", "properties": { }, "geometry": { "type": "Polygon", "coordinates": [ [ [ 76.083175875193461, 17.476453114192523 ], [ 76.087437037601788, 17.492923681139409 ], [ 76.097710932339439, 17.492923681139409 ], [ 76.093449194557095, 17.476453114192523 ], [ 76.083175875193461, 17.476453114192523 ] ] ] } },
{ "type": "Feature", "properties": { }, "geometry": { "type": "Polygon", "coordinates": [ [ [ 76.179902090240702, 17.492923681139409 ], [ 76.182037018657951, 17.501159178073284 ], [ 76.192311201319725, 17.501159178073284 ], [ 76.190175984978353, 17.492923681139409 ], [ 76.179902090240702, 17.492923681139409 ] ] ] } },
{ "type": "Feature", "properties": { }, "geometry": { "type": "Polygon", "coordinates": [ [ [ 76.009904775449215, 17.55057515289311 ], [ 76.01204271380513, 17.558811648272954 ], [ 76.022318916364839, 17.558811648272954 ], [ 76.020180688977248, 17.55057515289311 ], [ 76.009904775449215, 17.55057515289311 ] ] ] } },
{ "type": "Feature", "properties": { }, "geometry": { "type": "Polygon", "coordinates": [ [ [ 75.885289129597837, 17.624708763460674 ], [ 75.875010609080206, 17.624708763460674 ], [ 75.87715474376472, 17.632946548015916 ], [ 75.88743355474071, 17.632946548015916 ], [ 75.885289129597837, 17.624708763460674 ] ] ] } },
{ "type": "Feature", "properties": { }, "geometry": { "type": "Polygon", "coordinates": [ [ [ 75.938827609620745, 17.632946548015916 ], [ 75.928548798644727, 17.632946548015916 ], [ 75.930695557999442, 17.641184476192389 ], [ 75.940974659592513, 17.641184476192389 ], [ 75.938827609620745, 17.632946548015916 ] ] ] } },
{ "type": "Feature", "properties": { }, "geometry": { "type": "Polygon", "coordinates": [ [ [ 75.897712365716714, 17.632946548015916 ], [ 75.88743355474071, 17.632946548015916 ], [ 75.889579151627061, 17.641184476192389 ], [ 75.899858253220145, 17.641184476192389 ], [ 75.897712365716714, 17.632946548015916 ] ] ] } },
{ "type": "Feature", "properties": { }, "geometry": { "type": "Polygon", "coordinates": [ [ [ 75.951253761185598, 17.641184476192389 ], [ 75.940974659592513, 17.641184476192389 ], [ 75.943122882379114, 17.649422548066049 ], [ 75.953402274748029, 17.649422548066049 ], [ 75.951253761185598, 17.641184476192389 ] ] ] } },
{ "type": "Feature", "properties": { }, "geometry": { "type": "Polygon", "coordinates": [ [ [ 75.910137354813244, 17.641184476192389 ], [ 75.899858253220145, 17.641184476192389 ], [ 75.902005312903398, 17.649422548066049 ], [ 75.912284705272342, 17.649422548066049 ], [ 75.910137354813244, 17.641184476192389 ] ] ] } },
{ "type": "Feature", "properties": { }, "geometry": { "type": "Polygon", "coordinates": [ [ [ 75.873314495133698, 17.657660763712872 ], [ 75.877612730863646, 17.674137626629953 ], [ 75.887892996512946, 17.674137626629953 ], [ 75.883594178437249, 17.657660763712872 ], [ 75.873314495133698, 17.657660763712872 ] ] ] } },
{ "type": "Feature", "properties": { }, "geometry": { "type": "Polygon", "coordinates": [ [ [ 75.920885836054921, 17.682376274052235 ], [ 75.92303905237894, 17.6906150655517 ], [ 75.902477355117668, 17.6906150655517 ], [ 75.904631161992199, 17.698854001204406 ], [ 75.935474583071453, 17.698854001204406 ], [ 75.933319901009583, 17.6906150655517 ], [ 75.943600749640225, 17.6906150655517 ], [ 75.94144695017593, 17.682376274052235 ], [ 75.920885836054921, 17.682376274052235 ] ] ] } },
{ "type": "Feature", "properties": { }, "geometry": { "type": "Polygon", "coordinates": [ [ [ 75.879763607812947, 17.682376274052235 ], [ 75.88191565785641, 17.6906150655517 ], [ 75.892196506487039, 17.6906150655517 ], [ 75.890044164873444, 17.682376274052235 ], [ 75.879763607812947, 17.682376274052235 ] ] ] } },
{ "type": "Feature", "properties": { }, "geometry": { "type": "Polygon", "coordinates": [ [ [ 75.787715429535425, 17.723571673842631 ], [ 75.789870425580048, 17.731811186869038 ], [ 75.810435043313461, 17.731811186869038 ], [ 75.808279462538067, 17.723571673842631 ], [ 75.787715429535425, 17.723571673842631 ] ] ] } },
{ "type": "Feature", "properties": { }, "geometry": { "type": "Polygon", "coordinates": [ [ [ 75.897547501477135, 17.789491829261465 ], [ 75.887263141594005, 17.789491829261465 ], [ 75.889429880013552, 17.797732500689882 ], [ 75.899714533536439, 17.797732500689882 ], [ 75.897547501477135, 17.789491829261465 ] ] ] } },
{ "type": "Feature", "properties": { }, "geometry": { "type": "Polygon", "coordinates": [ [ [ 76.231001056757322, 17.805973317261461 ], [ 76.22071610943523, 17.805973317261461 ], [ 76.222894608204626, 17.814214279052447 ], [ 76.233179849485467, 17.814214279052447 ], [ 76.231001056757322, 17.805973317261461 ] ] ] } },
{ "type": "Feature", "properties": { }, "geometry": { "type": "Polygon", "coordinates": [ [ [ 75.846679455066663, 17.830696638597736 ], [ 75.83639362538969, 17.830696638597736 ], [ 75.838564483472382, 17.838938036504612 ], [ 75.848850607586854, 17.838938036504612 ], [ 75.846679455066663, 17.830696638597736 ] ] ] } },
{ "type": "Feature", "properties": { }, "geometry": { "type": "Polygon", "coordinates": [ [ [ 75.923027868393063, 17.84717957993605 ], [ 75.912741449681462, 17.84717957993605 ], [ 75.914916725634512, 17.855421268968385 ], [ 75.925203439102944, 17.855421268968385 ], [ 75.923027868393063, 17.84717957993605 ] ] ] } },
{ "type": "Feature", "properties": { }, "geometry": { "type": "Polygon", "coordinates": [ [ [ 75.826685083154402, 17.871905084141076 ], [ 75.816397779693077, 17.871905084141076 ], [ 75.818573640616094, 17.880147210434171 ], [ 75.828861239313568, 17.880147210434171 ], [ 75.826685083154402, 17.871905084141076 ] ] ] } },
{ "type": "Feature", "properties": { }, "geometry": { "type": "Polygon", "coordinates": [ [ [ 76.067486057931632, 18.003796656401924 ], [ 76.057194011488306, 18.003796656401924 ], [ 76.059394711688867, 18.012041126372711 ], [ 76.069687055930558, 18.012041126372711 ], [ 76.067486057931632, 18.003796656401924 ] ] ] } },
{ "type": "Feature", "properties": { }, "geometry": { "type": "Polygon", "coordinates": [ [ [ 76.191074132527135, 18.119232652782003 ], [ 76.180777902289918, 18.119232652782003 ], [ 76.182997930832542, 18.127479189559715 ], [ 76.193294461118214, 18.127479189559715 ], [ 76.191074132527135, 18.119232652782003 ] ] ] } },
{ "type": "Feature", "properties": { }, "geometry": { "type": "Polygon", "coordinates": [ [ [ 76.060241520891481, 18.168714098058093 ], [ 76.049943487947502, 18.168714098058093 ], [ 76.052166454558034, 18.176961525217902 ], [ 76.062464788517147, 18.176961525217902 ], [ 76.060241520891481, 18.168714098058093 ] ] ] } },
{ "type": "Feature", "properties": { }, "geometry": { "type": "Polygon", "coordinates": [ [ [ 76.046317024015863, 18.193456825612966 ], [ 76.056615960489012, 18.193456825612966 ], [ 76.052166454558034, 18.176961525217902 ], [ 76.041868120598934, 18.176961525217902 ], [ 76.046317024015863, 18.193456825612966 ] ] ] } },
{ "type": "Feature", "properties": { }, "geometry": { "type": "Polygon", "coordinates": [ [ [ 76.009057656964217, 18.284191634938956 ], [ 76.011295198451847, 18.292441150432417 ], [ 76.021597763571805, 18.292441150432417 ], [ 76.019359918807979, 18.284191634938956 ], [ 76.009057656964217, 18.284191634938956 ] ] ] } },
{ "type": "Feature", "properties": { }, "geometry": { "type": "Polygon", "coordinates": [ [ [ 76.380889599455259, 18.32544071062533 ], [ 76.370585819612074, 18.32544071062533 ], [ 76.372839671748736, 18.333690975614228 ], [ 76.383143755677509, 18.333690975614228 ], [ 76.380889599455259, 18.32544071062533 ] ] ] } },
{ "type": "Feature", "properties": { }, "geometry": { "type": "Polygon", "coordinates": [ [ [ 76.099795666847129, 18.46571568576482 ], [ 76.089486695489242, 18.46571568576482 ], [ 76.091751488284487, 18.473968513489563 ], [ 76.10206076648744, 18.473968513489563 ], [ 76.099795666847129, 18.46571568576482 ] ] ] } },
{ "type": "Feature", "properties": { }, "geometry": { "type": "Polygon", "coordinates": [ [ [ 76.467394276213312, 18.639056974757736 ], [ 76.457078826891689, 18.639056974757736 ], [ 76.459378516503435, 18.647312999138553 ], [ 76.46969427609497, 18.647312999138553 ], [ 76.467394276213312, 18.639056974757736 ] ] ] } },
{ "type": "Feature", "properties": { }, "geometry": { "type": "Polygon", "coordinates": [ [ [ 76.433032390495612, 18.663825507207484 ], [ 76.422716009873596, 18.663825507207484 ], [ 76.425018093684315, 18.672081991051261 ], [ 76.435334785066985, 18.672081991051261 ], [ 76.433032390495612, 18.663825507207484 ] ] ] } },
{ "type": "Feature", "properties": { }, "geometry": { "type": "Polygon", "coordinates": [ [ [ 76.384955466104813, 18.713366711478162 ], [ 76.374637218463192, 18.713366711478162 ], [ 76.376944710573923, 18.721624116350487 ], [ 76.387263269958765, 18.721624116350487 ], [ 76.384955466104813, 18.713366711478162 ] ] ] } },
{ "type": "Feature", "properties": { }, "geometry": { "type": "Polygon", "coordinates": [ [ [ 76.420528901061218, 18.729881675000314 ], [ 76.410210029769289, 18.729881675000314 ], [ 76.412520884815521, 18.738139387505619 ], [ 76.42284006817853, 18.738139387505619 ], [ 76.420528901061218, 18.729881675000314 ] ] ] } },
{ "type": "Feature", "properties": { }, "geometry": { "type": "Polygon", "coordinates": [ [ [ 76.532982063202013, 18.762913448934306 ], [ 76.522661942641719, 18.762913448934306 ], [ 76.524980784035279, 18.77117177764152 ], [ 76.535301217322854, 18.77117177764152 ], [ 76.532982063202013, 18.762913448934306 ] ] ] } },
{ "type": "Feature", "properties": { }, "geometry": { "type": "Polygon", "coordinates": [ [ [ 76.165001276822949, 18.812465736422606 ], [ 76.134035278661912, 18.812465736422606 ], [ 76.136349192906067, 18.820724991774519 ], [ 76.167316132205514, 18.820724991774519 ], [ 76.165001276822949, 18.812465736422606 ] ] ] } },
{ "type": "Feature", "properties": { }, "geometry": { "type": "Polygon", "coordinates": [ [ [ 76.115704566706441, 18.820724991774519 ], [ 76.120334777479528, 18.837243966699077 ], [ 76.140980659516842, 18.837243966699077 ], [ 76.138664319755662, 18.828984401840614 ], [ 76.115704566706441, 18.820724991774519 ] ] ] } },
{ "type": "Feature", "properties": { }, "geometry": { "type": "Polygon", "coordinates": [ [ [ 76.514935400588342, 18.845503686428078 ], [ 76.504612145363552, 18.845503686428078 ], [ 76.506941914840297, 18.853763561105808 ], [ 76.517265484435725, 18.853763561105808 ], [ 76.514935400588342, 18.845503686428078 ] ] ] } },
{ "type": "Feature", "properties": { }, "geometry": { "type": "Polygon", "coordinates": [ [ [ 76.609272108313746, 19.06857494627835 ], [ 76.598940307195946, 19.06857494627835 ], [ 76.60130407102379, 19.076839034188158 ], [ 76.611636190970245, 19.076839034188158 ], [ 76.609272108313746, 19.06857494627835 ] ] ] } },
{ "type": "Feature", "properties": { }, "geometry": { "type": "Polygon", "coordinates": [ [ [ 76.208683513058503, 19.076839034188158 ], [ 76.211036383592472, 19.085103279242684 ], [ 76.221368822533279, 19.085103279242684 ], [ 76.219015633004943, 19.076839034188158 ], [ 76.208683513058503, 19.076839034188158 ] ] ] } },
{ "type": "Feature", "properties": { }, "geometry": { "type": "Polygon", "coordinates": [ [ [ 76.554371493965135, 19.093367681520611 ], [ 76.556737347582697, 19.101632241100603 ], [ 76.567070425009518, 19.101632241100603 ], [ 76.564704252066065, 19.093367681520611 ], [ 76.554371493965135, 19.093367681520611 ] ] ] } },
{ "type": "Feature", "properties": { }, "geometry": { "type": "Polygon", "coordinates": [ [ [ 76.25472150903822, 19.093367681520611 ], [ 76.24438875093729, 19.093367681520611 ], [ 76.246745024778036, 19.101632241100603 ], [ 76.257078102204858, 19.101632241100603 ], [ 76.25472150903822, 19.093367681520611 ] ] ] } },
{ "type": "Feature", "properties": { }, "geometry": { "type": "Polygon", "coordinates": [ [ [ 76.215745792497572, 19.101632241100603 ], [ 76.20541271507075, 19.101632241100603 ], [ 76.207768934576251, 19.109896958061373 ], [ 76.218102331494805, 19.109896958061373 ], [ 76.215745792497572, 19.101632241100603 ] ] ] } },
{ "type": "Feature", "properties": { }, "geometry": { "type": "Polygon", "coordinates": [ [ [ 76.369717317154866, 19.349642564893333 ], [ 76.367322575526984, 19.341373249582986 ], [ 76.346637755154148, 19.341373249582986 ], [ 76.349031848143341, 19.349642564893333 ], [ 76.369717317154866, 19.349642564893333 ] ] ] } },
{ "type": "Feature", "properties": { }, "geometry": { "type": "Polygon", "coordinates": [ [ [ 76.609285430604359, 19.390991539269844 ], [ 76.598941071994261, 19.390991539269844 ], [ 76.601350053997947, 19.399261814264808 ], [ 76.611694737930733, 19.399261814264808 ], [ 76.609285430604359, 19.390991539269844 ] ] ] } },
{ "type": "Feature", "properties": { }, "geometry": { "type": "Polygon", "coordinates": [ [ [ 76.419243836484426, 19.448886831733315 ], [ 76.408897197099037, 19.448886831733315 ], [ 76.411308331807433, 19.457158229968478 ], [ 76.421655297688062, 19.457158229968478 ], [ 76.419243836484426, 19.448886831733315 ] ] ] } },
{ "type": "Feature", "properties": { }, "geometry": { "type": "Polygon", "coordinates": [ [ [ 76.432002263568677, 19.457158229968478 ], [ 76.421655297688062, 19.457158229968478 ], [ 76.424067997371566, 19.465429788984036 ], [ 76.434415289915108, 19.465429788984036 ], [ 76.432002263568677, 19.457158229968478 ] ] ] } },
{ "type": "Feature", "properties": { }, "geometry": { "type": "Polygon", "coordinates": [ [ [ 76.576859785897383, 19.457158229968478 ], [ 76.566512820016754, 19.457158229968478 ], [ 76.568930092981191, 19.465429788984036 ], [ 76.579277385524733, 19.465429788984036 ], [ 76.576859785897383, 19.457158229968478 ] ] ] } },
{ "type": "Feature", "properties": { }, "geometry": { "type": "Polygon", "coordinates": [ [ [ 76.302310503367693, 19.473701508859421 ], [ 76.291962883993506, 19.473701508859421 ], [ 76.29437381062678, 19.481973389674089 ], [ 76.304721756999399, 19.481973389674089 ], [ 76.302310503367693, 19.473701508859421 ] ] ] } },
{ "type": "Feature", "properties": { }, "geometry": { "type": "Polygon", "coordinates": [ [ [ 76.653477580175945, 19.50678999854841 ], [ 76.643128651801021, 19.50678999854841 ], [ 76.6455553425548, 19.515062523914949 ], [ 76.655904598599648, 19.515062523914949 ], [ 76.653477580175945, 19.50678999854841 ] ] ] } },
{ "type": "Feature", "properties": { }, "geometry": { "type": "Polygon", "coordinates": [ [ [ 76.398935041543723, 19.556427572390181 ], [ 76.388584144628496, 19.556427572390181 ], [ 76.391009759262431, 19.564701066970791 ], [ 76.401360984856183, 19.564701066970791 ], [ 76.398935041543723, 19.556427572390181 ] ] ] } },
{ "type": "Feature", "properties": { }, "geometry": { "type": "Polygon", "coordinates": [ [ [ 76.755741021002066, 19.5729747233657 ], [ 76.745389466561548, 19.5729747233657 ], [ 76.747828751408704, 19.581248541654549 ], [ 76.758180634864289, 19.581248541654549 ], [ 76.755741021002066, 19.5729747233657 ] ] ] } },
{ "type": "Feature", "properties": { }, "geometry": { "type": "Polygon", "coordinates": [ [ [ 76.68268399505979, 19.606070968681454 ], [ 76.672331123548759, 19.606070968681454 ], [ 76.674772765103654, 19.614345435342894 ], [ 76.685125966303389, 19.614345435342894 ], [ 76.68268399505979, 19.606070968681454 ] ] ] } },
{ "type": "Feature", "properties": { }, "geometry": { "type": "Polygon", "coordinates": [ [ [ 76.666862123627951, 19.622620064296768 ], [ 76.6772156546849, 19.622620064296768 ], [ 76.674772765103654, 19.614345435342894 ], [ 76.664419563903934, 19.614345435342894 ], [ 76.666862123627951, 19.622620064296768 ] ] ] } },
{ "type": "Feature", "properties": { }, "geometry": { "type": "Polygon", "coordinates": [ [ [ 76.381833632202714, 19.639169809400851 ], [ 76.371479440925597, 19.639169809400851 ], [ 76.373916165664511, 19.647444925710619 ], [ 76.38427068730465, 19.647444925710619 ], [ 76.381833632202714, 19.639169809400851 ] ] ] } },
{ "type": "Feature", "properties": { }, "geometry": { "type": "Polygon", "coordinates": [ [ [ 76.319100724418973, 19.672271250628501 ], [ 76.32154044201414, 19.680547017863447 ], [ 76.33189628679385, 19.680547017863447 ], [ 76.329456238160589, 19.672271250628501 ], [ 76.319100724418973, 19.672271250628501 ] ] ] } },
{ "type": "Feature", "properties": { }, "geometry": { "type": "Polygon", "coordinates": [ [ [ 76.640121650409412, 19.672271250628501 ], [ 76.642571630185273, 19.680547017863447 ], [ 76.652927474964997, 19.680547017863447 ], [ 76.650477164151042, 19.672271250628501 ], [ 76.640121650409412, 19.672271250628501 ] ] ] } },
{ "type": "Feature", "properties": { }, "geometry": { "type": "Polygon", "coordinates": [ [ [ 76.785553149813424, 19.812981506593665 ], [ 76.775191985427199, 19.812981506593665 ], [ 76.777666262257611, 19.821260054530875 ], [ 76.788027760558847, 19.821260054530875 ], [ 76.785553149813424, 19.812981506593665 ] ] ] } },
{ "type": "Feature", "properties": { }, "geometry": { "type": "Polygon", "coordinates": [ [ [ 76.812050974632697, 19.970302088988124 ], [ 76.801683436809981, 19.970302088988124 ], [ 76.804180979201973, 19.978583772189253 ], [ 76.814548854170482, 19.978583772189253 ], [ 76.812050974632697, 19.970302088988124 ] ] ] } },
{ "type": "Feature", "properties": { }, "geometry": { "type": "Polygon", "coordinates": [ [ [ 76.671893024909096, 19.986865621208175 ], [ 76.661524812624279, 19.986865621208175 ], [ 76.664020156573827, 19.995147636125413 ], [ 76.674388706345482, 19.995147636125413 ], [ 76.671893024909096, 19.986865621208175 ] ] ] } },
{ "type": "Feature", "properties": { }, "geometry": { "type": "Polygon", "coordinates": [ [ [ 76.595031168081334, 20.144252365137124 ], [ 76.600063671315894, 20.160822897261557 ], [ 76.610439006708674, 20.160822897261557 ], [ 76.605405821830971, 20.144252365137124 ], [ 76.595031168081334, 20.144252365137124 ] ] ] } },
{ "type": "Feature", "properties": { }, "geometry": { "type": "Polygon", "coordinates": [ [ [ 76.59220614562328, 20.169108414673076 ], [ 76.581830469151683, 20.169108414673076 ], [ 76.584349203993611, 20.177394099758658 ], [ 76.594725221715564, 20.177394099758658 ], [ 76.59220614562328, 20.169108414673076 ] ] ] } },
{ "type": "Feature", "properties": { }, "geometry": { "type": "Polygon", "coordinates": [ [ [ 76.903224284351239, 20.202252161869108 ], [ 76.892847241848386, 20.202252161869108 ], [ 76.895380961171014, 20.210538518460339 ], [ 76.90575834561092, 20.210538518460339 ], [ 76.903224284351239, 20.202252161869108 ] ] ] } },
{ "type": "Feature", "properties": { }, "geometry": { "type": "Polygon", "coordinates": [ [ [ 76.71111687553207, 20.218825043130419 ], [ 76.713646979978407, 20.227111735960342 ], [ 76.724025048807803, 20.227111735960342 ], [ 76.721494602080796, 20.218825043130419 ], [ 76.71111687553207, 20.218825043130419 ] ] ] } },
{ "type": "Feature", "properties": { }, "geometry": { "type": "Polygon", "coordinates": [ [ [ 76.536950192236574, 20.260260190499451 ], [ 76.539480476154807, 20.26854772534443 ], [ 76.549860258966632, 20.26854772534443 ], [ 76.547329631907886, 20.260260190499451 ], [ 76.536950192236574, 20.260260190499451 ] ] ] } },
{ "type": "Feature", "properties": { }, "geometry": { "type": "Polygon", "coordinates": [ [ [ 76.580757777931126, 20.301699551998674 ], [ 76.570376620835631, 20.301699551998674 ], [ 76.57291394189015, 20.309987930886624 ], [ 76.583295442987207, 20.309987930886624 ], [ 76.580757777931126, 20.301699551998674 ] ] ] } },
{ "type": "Feature", "properties": { }, "geometry": { "type": "Polygon", "coordinates": [ [ [ 76.967242458244925, 20.343143137772199 ], [ 76.95685957941771, 20.343143137772199 ], [ 76.959415675063255, 20.351432362733291 ], [ 76.96979889875422, 20.351432362733291 ], [ 76.967242458244925, 20.343143137772199 ] ] ] } },
{ "type": "Feature", "properties": { }, "geometry": { "type": "Polygon", "coordinates": [ [ [ 76.87582222751837, 20.484083063797193 ], [ 76.865433462504328, 20.484083063797193 ], [ 76.868006829858658, 20.492375180623096 ], [ 76.878395942676747, 20.492375180623096 ], [ 76.87582222751837, 20.484083063797193 ] ] ] } },
{ "type": "Feature", "properties": { }, "geometry": { "type": "Polygon", "coordinates": [ [ [ 76.685894827069532, 20.60848279189344 ], [ 76.67550082676766, 20.60848279189344 ], [ 76.678085765049957, 20.61677747994732 ], [ 76.688480115761649, 20.61677747994732 ], [ 76.685894827069532, 20.60848279189344 ] ] ] } },
{ "type": "Feature", "properties": { }, "geometry": { "type": "Polygon", "coordinates": [ [ [ 76.802817973590223, 20.61677747994732 ], [ 76.792423622878545, 20.61677747994732 ], [ 76.795013701918037, 20.625072340070759 ], [ 76.805408403213647, 20.625072340070759 ], [ 76.802817973590223, 20.61677747994732 ] ] ] } },
{ "type": "Feature", "properties": { }, "geometry": { "type": "Polygon", "coordinates": [ [ [ 77.005516083030685, 20.666549224598512 ], [ 76.995119626202182, 20.666549224598512 ], [ 76.997723759534153, 20.674845118859864 ], [ 77.008120567992208, 20.674845118859864 ], [ 77.005516083030685, 20.666549224598512 ] ] ] } },
{ "type": "Feature", "properties": { }, "geometry": { "type": "Polygon", "coordinates": [ [ [ 77.031560949996745, 20.716327181456172 ], [ 77.041959519220143, 20.716327181456172 ], [ 77.0367375054212, 20.699733837831523 ], [ 77.026339641027633, 20.699733837831523 ], [ 77.031560949996745, 20.716327181456172 ] ] ] } },
{ "type": "Feature", "properties": { }, "geometry": { "type": "Polygon", "coordinates": [ [ [ 77.023774623431734, 20.724624112807799 ], [ 76.992577857730794, 20.724624112807799 ], [ 76.995190336038576, 20.732921217295146 ], [ 77.026388160294459, 20.732921217295146 ], [ 77.023774623431734, 20.724624112807799 ] ] ] } },
{ "type": "Feature", "properties": { }, "geometry": { "type": "Polygon", "coordinates": [ [ [ 76.896646040619459, 20.849098905399035 ], [ 76.886241807570613, 20.849098905399035 ], [ 76.888868757600491, 20.85739861678919 ], [ 76.899273346127757, 20.85739861678919 ], [ 76.896646040619459, 20.849098905399035 ] ] ] } },
{ "type": "Feature", "properties": { }, "geometry": { "type": "Polygon", "coordinates": [ [ [ 77.125681823464916, 20.882298798002555 ], [ 77.115276167449125, 20.882298798002555 ], [ 77.117915787434669, 20.890599207696177 ], [ 77.128321799631209, 20.890599207696177 ], [ 77.125681823464916, 20.882298798002555 ] ] ] } },
{ "type": "Feature", "properties": { }, "geometry": { "type": "Polygon", "coordinates": [ [ [ 76.939027651576183, 21.015126373190622 ], [ 76.928616275555996, 21.015126373190622 ], [ 76.931268875612631, 21.023429589309604 ], [ 76.941680610630783, 21.023429589309604 ], [ 76.939027651576183, 21.015126373190622 ] ] ] } },
{ "type": "Feature", "properties": { }, "geometry": { "type": "Polygon", "coordinates": [ [ [ 76.806328055394815, 21.023429589309604 ], [ 76.795916320376676, 21.023429589309604 ], [ 76.798565555275687, 21.031732981533153 ], [ 76.808977649468275, 21.031732981533153 ], [ 76.806328055394815, 21.023429589309604 ] ] ] } },
{ "type": "Feature", "properties": { }, "geometry": { "type": "Polygon", "coordinates": [ [ [ 77.035386225794142, 21.023429589309604 ], [ 77.024974490775989, 21.023429589309604 ], [ 77.027631627513117, 21.031732981533153 ], [ 77.038043721705719, 21.031732981533153 ], [ 77.035386225794142, 21.023429589309604 ] ] ] } },
{ "type": "Feature", "properties": { }, "geometry": { "type": "Polygon", "coordinates": [ [ [ 76.798565555275687, 21.031732981533153 ], [ 76.78815346108307, 21.031732981533153 ], [ 76.790803638813372, 21.040036549944102 ], [ 76.801216092357009, 21.040036549944102 ], [ 76.798565555275687, 21.031732981533153 ] ] ] } },
{ "type": "Feature", "properties": { }, "geometry": { "type": "Polygon", "coordinates": [ [ [ 76.754455210656076, 21.056644215659521 ], [ 76.744042037880618, 21.056644215659521 ], [ 76.746694324424084, 21.064948313129729 ], [ 76.75710785708047, 21.064948313129729 ], [ 76.754455210656076, 21.056644215659521 ] ] ] } },
{ "type": "Feature", "properties": { }, "geometry": { "type": "Polygon", "coordinates": [ [ [ 76.85129088546185, 21.131387454537212 ], [ 76.840874467390918, 21.131387454537212 ], [ 76.843541020801979, 21.139693143663578 ], [ 76.85395780034635, 21.139693143663578 ], [ 76.85129088546185, 21.131387454537212 ] ] ] } },
{ "type": "Feature", "properties": { }, "geometry": { "type": "Polygon", "coordinates": [ [ [ 77.145930671492863, 21.172917673657619 ], [ 77.135512444282298, 21.172917673657619 ], [ 77.138195320837809, 21.181224249943849 ], [ 77.148613910408272, 21.181224249943849 ], [ 77.145930671492863, 21.172917673657619 ] ] ] } },
{ "type": "Feature", "properties": { }, "geometry": { "type": "Polygon", "coordinates": [ [ [ 76.963757325348212, 21.189531003911455 ], [ 76.953338373240371, 21.189531003911455 ], [ 76.95601734887714, 21.197837935643641 ], [ 76.966436663699838, 21.197837935643641 ], [ 76.963757325348212, 21.189531003911455 ] ] ] } },
{ "type": "Feature", "properties": { }, "geometry": { "type": "Polygon", "coordinates": [ [ [ 77.264298987386226, 21.280917048330334 ], [ 77.253876035641653, 21.280917048330334 ], [ 77.256578937933142, 21.289225940968262 ], [ 77.26700225434837, 21.289225940968262 ], [ 77.264298987386226, 21.280917048330334 ] ] ] } },
{ "type": "Feature", "properties": { }, "geometry": { "type": "Polygon", "coordinates": [ [ [ 76.914992723449572, 21.488693185699312 ], [ 76.904560601391296, 21.488693185699312 ], [ 76.907281853440793, 21.49700657251859 ], [ 76.91771434463756, 21.49700657251859 ], [ 76.914992723449572, 21.488693185699312 ] ] ] } },
{ "type": "Feature", "properties": { }, "geometry": { "type": "Polygon", "coordinates": [ [ [ 77.2592527513726, 21.488693185699312 ], [ 77.248820629314352, 21.488693185699312 ], [ 77.25155406293409, 21.49700657251859 ], [ 77.261986554130829, 21.49700657251859 ], [ 77.2592527513726, 21.488693185699312 ] ] ] } },
{ "type": "Feature", "properties": { }, "geometry": { "type": "Polygon", "coordinates": [ [ [ 76.942268496181683, 21.571835202484962 ], [ 76.945003360108771, 21.580150401642697 ], [ 76.95543955256494, 21.580150401642697 ], [ 76.952704317703223, 21.571835202484962 ], [ 76.942268496181683, 21.571835202484962 ] ] ] } },
{ "type": "Feature", "properties": { }, "geometry": { "type": "Polygon", "coordinates": [ [ [ 76.304919775018433, 17.459983115968857 ], [ 76.307053751436072, 17.46821804402812 ], [ 76.317326783349728, 17.46821804402812 ], [ 76.315192519640064, 17.459983115968857 ], [ 76.304919775018433, 17.459983115968857 ] ] ] } },
{ "type": "Feature", "properties": { }, "geometry": { "type": "Polygon", "coordinates": [ [ [ 76.219273981485728, 17.525866523625158 ], [ 76.217134669883308, 17.51763059924042 ], [ 76.196585151914647, 17.51763059924042 ], [ 76.198723886719975, 17.525866523625158 ], [ 76.219273981485728, 17.525866523625158 ] ] ] } },
{ "type": "Feature", "properties": { }, "geometry": { "type": "Polygon", "coordinates": [ [ [ 76.404636419614278, 17.723571673842631 ], [ 76.394354403112956, 17.723571673842631 ], [ 76.396526648715522, 17.731811186869038 ], [ 76.406808957582228, 17.731811186869038 ], [ 76.404636419614278, 17.723571673842631 ] ] ] } },
{ "type": "Feature", "properties": { }, "geometry": { "type": "Polygon", "coordinates": [ [ [ 76.294284116988507, 17.773010921529178 ], [ 76.284000343906655, 17.773010921529178 ], [ 76.286176169296894, 17.781251302899967 ], [ 76.296460235699712, 17.781251302899967 ], [ 76.294284116988507, 17.773010921529178 ] ] ] } },
{ "type": "Feature", "properties": { }, "geometry": { "type": "Polygon", "coordinates": [ [ [ 76.479392032461931, 17.773010921529178 ], [ 76.469108259380079, 17.773010921529178 ], [ 76.471289364547218, 17.781251302899967 ], [ 76.481573430950021, 17.781251302899967 ], [ 76.479392032461931, 17.773010921529178 ] ] ] } },
{ "type": "Feature", "properties": { }, "geometry": { "type": "Polygon", "coordinates": [ [ [ 76.438256940134508, 17.773010921529178 ], [ 76.427973167052642, 17.773010921529178 ], [ 76.430153098936046, 17.781251302899967 ], [ 76.440437165338849, 17.781251302899967 ], [ 76.438256940134508, 17.773010921529178 ] ] ] } },
{ "type": "Feature", "properties": { }, "geometry": { "type": "Polygon", "coordinates": [ [ [ 76.471289364547218, 17.781251302899967 ], [ 76.461005298144443, 17.781251302899967 ], [ 76.463187295049039, 17.789491829261465 ], [ 76.473471654932155, 17.789491829261465 ], [ 76.471289364547218, 17.781251302899967 ] ] ] } },
{ "type": "Feature", "properties": { }, "geometry": { "type": "Polygon", "coordinates": [ [ [ 76.590974213031245, 17.805973317261461 ], [ 76.580689265709125, 17.805973317261461 ], [ 76.582878053034165, 17.814214279052447 ], [ 76.593163294315019, 17.814214279052447 ], [ 76.590974213031245, 17.805973317261461 ] ] ] } },
{ "type": "Feature", "properties": { }, "geometry": { "type": "Polygon", "coordinates": [ [ [ 76.286787501731581, 17.822455386139112 ], [ 76.276501966332447, 17.822455386139112 ], [ 76.278684301499737, 17.830696638597736 ], [ 76.288970131176725, 17.830696638597736 ], [ 76.286787501731581, 17.822455386139112 ] ] ] } },
{ "type": "Feature", "properties": { }, "geometry": { "type": "Polygon", "coordinates": [ [ [ 76.687923382297242, 17.822455386139112 ], [ 76.677637846898122, 17.822455386139112 ], [ 76.682026660857787, 17.838938036504612 ], [ 76.692312784972245, 17.838938036504612 ], [ 76.687923382297242, 17.822455386139112 ] ] ] } },
{ "type": "Feature", "properties": { }, "geometry": { "type": "Polygon", "coordinates": [ [ [ 76.638688340193966, 17.830696638597736 ], [ 76.607830851163015, 17.830696638597736 ], [ 76.61002379205658, 17.838938036504612 ], [ 76.640882164399969, 17.838938036504612 ], [ 76.638688340193966, 17.830696638597736 ] ] ] } },
{ "type": "Feature", "properties": { }, "geometry": { "type": "Polygon", "coordinates": [ [ [ 76.424873557996378, 17.838938036504612 ], [ 76.414587433881934, 17.838938036504612 ], [ 76.416775966549494, 17.84717957993605 ], [ 76.427062385261081, 17.84717957993605 ], [ 76.424873557996378, 17.838938036504612 ] ] ] } },
{ "type": "Feature", "properties": { }, "geometry": { "type": "Polygon", "coordinates": [ [ [ 76.676133522298002, 17.855421268968385 ], [ 76.665846808829571, 17.855421268968385 ], [ 76.66804479251978, 17.86366310367794 ], [ 76.678331800904786, 17.86366310367794 ], [ 76.676133522298002, 17.855421268968385 ] ] ] } },
{ "type": "Feature", "properties": { }, "geometry": { "type": "Polygon", "coordinates": [ [ [ 76.474785201218523, 17.871905084141076 ], [ 76.47697995725531, 17.880147210434171 ], [ 76.487267555952812, 17.880147210434171 ], [ 76.485072504679863, 17.871905084141076 ], [ 76.474785201218523, 17.871905084141076 ] ] ] } },
{ "type": "Feature", "properties": { }, "geometry": { "type": "Polygon", "coordinates": [ [ [ 76.663641879453678, 17.962576510824505 ], [ 76.665854474557932, 17.970820246291741 ], [ 76.676145331411647, 17.970820246291741 ], [ 76.673932439310789, 17.962576510824505 ], [ 76.663641879453678, 17.962576510824505 ] ] ] } },
{ "type": "Feature", "properties": { }, "geometry": { "type": "Polygon", "coordinates": [ [ [ 76.375506203454705, 17.962576510824505 ], [ 76.365215643597594, 17.962576510824505 ], [ 76.367419625799926, 17.970820246291741 ], [ 76.377710482653654, 17.970820246291741 ], [ 76.375506203454705, 17.962576510824505 ] ] ] } },
{ "type": "Feature", "properties": { }, "geometry": { "type": "Polygon", "coordinates": [ [ [ 76.408583053214812, 17.970820246291741 ], [ 76.398292196361098, 17.970820246291741 ], [ 76.400498259409119, 17.979064128506529 ], [ 76.410789413419735, 17.979064128506529 ], [ 76.408583053214812, 17.970820246291741 ] ] ] } },
{ "type": "Feature", "properties": { }, "geometry": { "type": "Polygon", "coordinates": [ [ [ 76.359333643366668, 17.979064128506529 ], [ 76.361539707288927, 17.987308157545439 ], [ 76.38212260994456, 17.987308157545439 ], [ 76.3799159513879, 17.979064128506529 ], [ 76.359333643366668, 17.979064128506529 ] ] ] } },
{ "type": "Feature", "properties": { }, "geometry": { "type": "Polygon", "coordinates": [ [ [ 76.752896732907971, 18.102740023533769 ], [ 76.742601102284766, 18.102740023533769 ], [ 76.744835234014843, 18.110986264132293 ], [ 76.755131164364585, 18.110986264132293 ], [ 76.752896732907971, 18.102740023533769 ] ] ] } },
{ "type": "Feature", "properties": { }, "geometry": { "type": "Polygon", "coordinates": [ [ [ 76.736774335100691, 18.119232652782003 ], [ 76.747070565337921, 18.119232652782003 ], [ 76.744835234014843, 18.110986264132293 ], [ 76.734539303665088, 18.110986264132293 ], [ 76.736774335100691, 18.119232652782003 ] ] ] } },
{ "type": "Feature", "properties": { }, "geometry": { "type": "Polygon", "coordinates": [ [ [ 76.736774335100691, 18.119232652782003 ], [ 76.726478104863446, 18.119232652782003 ], [ 76.728714035974406, 18.127479189559715 ], [ 76.739010566260092, 18.127479189559715 ], [ 76.736774335100691, 18.119232652782003 ] ] ] } },
{ "type": "Feature", "properties": { }, "geometry": { "type": "Polygon", "coordinates": [ [ [ 76.503950436168779, 18.209952721288317 ], [ 76.493650896536295, 18.209952721288317 ], [ 76.495892496601385, 18.218200892548545 ], [ 76.506192338055641, 18.218200892548545 ], [ 76.503950436168779, 18.209952721288317 ] ] ] } },
{ "type": "Feature", "properties": { }, "geometry": { "type": "Polygon", "coordinates": [ [ [ 76.515171940575087, 18.251195068870032 ], [ 76.504870890218911, 18.251195068870032 ], [ 76.50711848843055, 18.259443986155755 ], [ 76.5174198414161, 18.259443986155755 ], [ 76.515171940575087, 18.251195068870032 ] ] ] } },
{ "type": "Feature", "properties": { }, "geometry": { "type": "Polygon", "coordinates": [ [ [ 76.530670776234373, 18.383195720995662 ], [ 76.532937312828267, 18.391447038521779 ], [ 76.555818099402032, 18.399698506719531 ], [ 76.551282599926111, 18.383195720995662 ], [ 76.530670776234373, 18.383195720995662 ] ] ] } },
{ "type": "Feature", "properties": { }, "geometry": { "type": "Polygon", "coordinates": [ [ [ 76.592506247309586, 18.383195720995662 ], [ 76.58220033546371, 18.383195720995662 ], [ 76.584468398159899, 18.391447038521779 ], [ 76.594774615226228, 18.391447038521779 ], [ 76.592506247309586, 18.383195720995662 ] ] ] } },
{ "type": "Feature", "properties": { }, "geometry": { "type": "Polygon", "coordinates": [ [ [ 76.576431144300145, 18.399698506719531 ], [ 76.566124621851102, 18.399698506719531 ], [ 76.568394485541106, 18.407950125666261 ], [ 76.578701313535205, 18.407950125666261 ], [ 76.576431144300145, 18.399698506719531 ] ] ] } },
{ "type": "Feature", "properties": { }, "geometry": { "type": "Polygon", "coordinates": [ [ [ 76.589008141529348, 18.407950125666261 ], [ 76.578701313535205, 18.407950125666261 ], [ 76.580972689096654, 18.41620189543934 ], [ 76.591279822798214, 18.41620189543934 ], [ 76.589008141529348, 18.407950125666261 ] ] ] } },
{ "type": "Feature", "properties": { }, "geometry": { "type": "Polygon", "coordinates": [ [ [ 76.572937831711215, 18.424453816116124 ], [ 76.575211314787595, 18.432705887774002 ], [ 76.585519060391206, 18.432705887774002 ], [ 76.583245271282564, 18.424453816116124 ], [ 76.572937831711215, 18.424453816116124 ] ] ] } },
{ "type": "Feature", "properties": { }, "geometry": { "type": "Polygon", "coordinates": [ [ [ 76.659950419309709, 18.440958110490389 ], [ 76.662228767660366, 18.449210484342693 ], [ 76.672537125815992, 18.449210484342693 ], [ 76.67025847110807, 18.440958110490389 ], [ 76.659950419309709, 18.440958110490389 ] ] ] } },
{ "type": "Feature", "properties": { }, "geometry": { "type": "Polygon", "coordinates": [ [ [ 76.664455931903419, 18.531742552384816 ], [ 76.67476736257926, 18.531742552384816 ], [ 76.67018828721389, 18.515234925349766 ], [ 76.659877472344519, 18.515234925349766 ], [ 76.664455931903419, 18.531742552384816 ] ] ] } },
{ "type": "Feature", "properties": { }, "geometry": { "type": "Polygon", "coordinates": [ [ [ 76.81912739204121, 18.531742552384816 ], [ 76.788193100013657, 18.531742552384816 ], [ 76.790487844865439, 18.539996593846389 ], [ 76.821423061335992, 18.539996593846389 ], [ 76.81912739204121, 18.531742552384816 ] ] ] } },
{ "type": "Feature", "properties": { }, "geometry": { "type": "Polygon", "coordinates": [ [ [ 76.799798583024128, 18.647312999138553 ], [ 76.789482823432593, 18.647312999138553 ], [ 76.791793659025359, 18.655569176595865 ], [ 76.802109729050343, 18.655569176595865 ], [ 76.799798583024128, 18.647312999138553 ] ] ] } },
{ "type": "Feature", "properties": { }, "geometry": { "type": "Polygon", "coordinates": [ [ [ 76.912220498289429, 18.680338628205071 ], [ 76.901903495982452, 18.680338628205071 ], [ 76.904222314878112, 18.688595418746758 ], [ 76.914539628273104, 18.688595418746758 ], [ 76.912220498289429, 18.680338628205071 ] ] ] } },
{ "type": "Feature", "properties": { }, "geometry": { "type": "Polygon", "coordinates": [ [ [ 76.91918155055653, 18.705109460305398 ], [ 76.929499486618781, 18.705109460305398 ], [ 76.927177603573497, 18.696852362754228 ], [ 76.906542354280035, 18.696852362754228 ], [ 76.911186095827119, 18.713366711478162 ], [ 76.92150434346874, 18.713366711478162 ], [ 76.91918155055653, 18.705109460305398 ] ] ] } },
{ "type": "Feature", "properties": { }, "geometry": { "type": "Polygon", "coordinates": [ [ [ 76.561623550104954, 18.754655274394601 ], [ 76.551303742107791, 18.754655274394601 ], [ 76.553622304322644, 18.762913448934306 ], [ 76.563942424882939, 18.762913448934306 ], [ 76.561623550104954, 18.754655274394601 ] ] ] } },
{ "type": "Feature", "properties": { }, "geometry": { "type": "Polygon", "coordinates": [ [ [ 76.868266850680669, 18.853763561105808 ], [ 76.857943281085227, 18.853763561105808 ], [ 76.860284964350825, 18.862023590810491 ], [ 76.870608848481481, 18.862023590810491 ], [ 76.868266850680669, 18.853763561105808 ] ] ] } },
{ "type": "Feature", "properties": { }, "geometry": { "type": "Polygon", "coordinates": [ [ [ 76.95931980240303, 18.919848146070628 ], [ 76.948993711914454, 18.919848146070628 ], [ 76.951347418820347, 18.928109418808337 ], [ 76.96167382516218, 18.928109418808337 ], [ 76.95931980240303, 18.919848146070628 ] ] ] } },
{ "type": "Feature", "properties": { }, "geometry": { "type": "Polygon", "coordinates": [ [ [ 76.999725335180656, 18.95289417172431 ], [ 76.989397980289212, 18.95289417172431 ], [ 76.991757555160561, 18.961156067858543 ], [ 77.002085226565299, 18.961156067858543 ], [ 76.999725335180656, 18.95289417172431 ] ] ] } },
{ "type": "Feature", "properties": { }, "geometry": { "type": "Polygon", "coordinates": [ [ [ 76.99324464257981, 19.002467890775772 ], [ 76.982915386131168, 19.002467890775772 ], [ 76.985281715992386, 19.01073072435771 ], [ 76.9956112899456, 19.01073072435771 ], [ 76.99324464257981, 19.002467890775772 ] ] ] } },
{ "type": "Feature", "properties": { }, "geometry": { "type": "Polygon", "coordinates": [ [ [ 76.716712793208529, 19.01073072435771 ], [ 76.706383219255315, 19.01073072435771 ], [ 76.70874220446224, 19.018993714455657 ], [ 76.719072096085398, 19.018993714455657 ], [ 76.716712793208529, 19.01073072435771 ] ] ] } },
{ "type": "Feature", "properties": { }, "geometry": { "type": "Polygon", "coordinates": [ [ [ 76.816769134629709, 19.035520164513692 ], [ 76.819134987286986, 19.043783624630908 ], [ 76.829465832912561, 19.043783624630908 ], [ 76.827099662089012, 19.035520164513692 ], [ 76.816769134629709, 19.035520164513692 ] ] ] } },
{ "type": "Feature", "properties": { }, "geometry": { "type": "Polygon", "coordinates": [ [ [ 76.951773512711497, 19.109896958061373 ], [ 76.954153970845411, 19.118161832481615 ], [ 76.964487687421538, 19.118161832481615 ], [ 76.962106909630023, 19.109896958061373 ], [ 76.951773512711497, 19.109896958061373 ] ] ] } },
{ "type": "Feature", "properties": { }, "geometry": { "type": "Polygon", "coordinates": [ [ [ 76.941440115792943, 19.109896958061373 ], [ 76.931106718874403, 19.109896958061373 ], [ 76.933486537693142, 19.118161832481615 ], [ 76.943820254269284, 19.118161832481615 ], [ 76.941440115792943, 19.109896958061373 ] ] ] } },
{ "type": "Feature", "properties": { }, "geometry": { "type": "Polygon", "coordinates": [ [ [ 76.816617288136641, 19.14295740128663 ], [ 76.806282611592067, 19.14295740128663 ], [ 76.808663208969165, 19.151222906332265 ], [ 76.818998205835243, 19.151222906332265 ], [ 76.816617288136641, 19.14295740128663 ] ] ] } },
{ "type": "Feature", "properties": { }, "geometry": { "type": "Polygon", "coordinates": [ [ [ 77.032867543650994, 19.176020368904233 ], [ 77.022531584823753, 19.176020368904233 ], [ 77.024923541099028, 19.184286505835999 ], [ 77.035259820912373, 19.184286505835999 ], [ 77.032867543650994, 19.176020368904233 ] ] ] } },
{ "type": "Feature", "properties": { }, "geometry": { "type": "Polygon", "coordinates": [ [ [ 76.864320414157319, 19.200819254284337 ], [ 76.853983491872995, 19.200819254284337 ], [ 76.85637370059851, 19.209085865958688 ], [ 76.866710944367838, 19.209085865958688 ], [ 76.864320414157319, 19.200819254284337 ] ] ] } },
{ "type": "Feature", "properties": { }, "geometry": { "type": "Polygon", "coordinates": [ [ [ 77.005888250830921, 19.22561956460229 ], [ 76.995550363592415, 19.22561956460229 ], [ 76.997948470193364, 19.233886651729414 ], [ 77.00828667941613, 19.233886651729414 ], [ 77.005888250830921, 19.22561956460229 ] ] ] } },
{ "type": "Feature", "properties": { }, "geometry": { "type": "Polygon", "coordinates": [ [ [ 76.788027532580884, 19.258688865279687 ], [ 76.792821357543104, 19.27522446857725 ], [ 76.803161179185722, 19.27522446857725 ], [ 76.79836670875568, 19.258688865279687 ], [ 76.788027532580884, 19.258688865279687 ] ] ] } },
{ "type": "Feature", "properties": { }, "geometry": { "type": "Polygon", "coordinates": [ [ [ 76.718047334312899, 19.266956587449382 ], [ 76.720442606044784, 19.27522446857725 ], [ 76.741122249330019, 19.27522446857725 ], [ 76.738726331963619, 19.266956587449382 ], [ 76.718047334312899, 19.266956587449382 ] ] ] } },
{ "type": "Feature", "properties": { }, "geometry": { "type": "Polygon", "coordinates": [ [ [ 76.782481535900487, 19.27522446857725 ], [ 76.77214171425787, 19.27522446857725 ], [ 76.774539838005495, 19.283492508742331 ], [ 76.784879982632091, 19.283492508742331 ], [ 76.782481535900487, 19.27522446857725 ] ] ] } },
{ "type": "Feature", "properties": { }, "geometry": { "type": "Polygon", "coordinates": [ [ [ 76.774795168366111, 19.390991539269844 ], [ 76.764450809755999, 19.390991539269844 ], [ 76.766864996922749, 19.399261814264808 ], [ 76.777209680855549, 19.399261814264808 ], [ 76.774795168366111, 19.390991539269844 ] ] ] } },
{ "type": "Feature", "properties": { }, "geometry": { "type": "Polygon", "coordinates": [ [ [ 76.804493035271094, 19.457158229968478 ], [ 76.794146069390465, 19.457158229968478 ], [ 76.796570528939199, 19.465429788984036 ], [ 76.806917821482742, 19.465429788984036 ], [ 76.804493035271094, 19.457158229968478 ] ] ] } },
{ "type": "Feature", "properties": { }, "geometry": { "type": "Polygon", "coordinates": [ [ [ 76.809343852703208, 19.473701508859421 ], [ 76.798996233329007, 19.473701508859421 ], [ 76.801423182884747, 19.481973389674089 ], [ 76.811771129257366, 19.481973389674089 ], [ 76.809343852703208, 19.473701508859421 ] ] ] } },
{ "type": "Feature", "properties": { }, "geometry": { "type": "Polygon", "coordinates": [ [ [ 77.054059020365571, 19.531608058737852 ], [ 77.043709108476847, 19.531608058737852 ], [ 77.046152003137934, 19.539881068353314 ], [ 77.056502243200683, 19.539881068353314 ], [ 77.054059020365571, 19.531608058737852 ] ] ] } },
{ "type": "Feature", "properties": { }, "geometry": { "type": "Polygon", "coordinates": [ [ [ 77.126508403586641, 19.531608058737852 ], [ 77.116158491697931, 19.531608058737852 ], [ 77.11860368357722, 19.539881068353314 ], [ 77.128953923639969, 19.539881068353314 ], [ 77.126508403586641, 19.531608058737852 ] ] ] } },
{ "type": "Feature", "properties": { }, "geometry": { "type": "Polygon", "coordinates": [ [ [ 76.95788347496557, 19.556427572390181 ], [ 76.978585268795996, 19.556427572390181 ], [ 76.976142170436219, 19.548154239544221 ], [ 76.955441033626414, 19.548154239544221 ], [ 76.95788347496557, 19.556427572390181 ] ] ] } },
{ "type": "Feature", "properties": { }, "geometry": { "type": "Polygon", "coordinates": [ [ [ 76.930605769890178, 19.639169809400851 ], [ 76.920251578613076, 19.639169809400851 ], [ 76.922705812593037, 19.647444925710619 ], [ 76.93306033423319, 19.647444925710619 ], [ 76.930605769890178, 19.639169809400851 ] ] ] } },
{ "type": "Feature", "properties": { }, "geometry": { "type": "Polygon", "coordinates": [ [ [ 77.181568853597057, 19.647444925710619 ], [ 77.171214331956904, 19.647444925710619 ], [ 77.17367775191876, 19.655720204631937 ], [ 77.184032604090646, 19.655720204631937 ], [ 77.181568853597057, 19.647444925710619 ] ] ] } },
{ "type": "Feature", "properties": { }, "geometry": { "type": "Polygon", "coordinates": [ [ [ 77.01538204225497, 19.680547017863447 ], [ 77.00502619747526, 19.680547017863447 ], [ 77.007489019308096, 19.688822948029323 ], [ 77.017845195294768, 19.688822948029323 ], [ 77.01538204225497, 19.680547017863447 ] ] ] } },
{ "type": "Feature", "properties": { }, "geometry": { "type": "Polygon", "coordinates": [ [ [ 77.136700498359616, 19.705375297473417 ], [ 77.126343659452232, 19.705375297473417 ], [ 77.128813899297725, 19.713651716911471 ], [ 77.139171069918945, 19.713651716911471 ], [ 77.136700498359616, 19.705375297473417 ] ] ] } },
{ "type": "Feature", "properties": { }, "geometry": { "type": "Polygon", "coordinates": [ [ [ 77.01687800810484, 19.755036264459903 ], [ 77.006519176377708, 19.755036264459903 ], [ 77.008992649202284, 19.763313664601156 ], [ 77.019351813658247, 19.763313664601156 ], [ 77.01687800810484, 19.755036264459903 ] ] ] } },
{ "type": "Feature", "properties": { }, "geometry": { "type": "Polygon", "coordinates": [ [ [ 77.164380116041755, 19.763313664601156 ], [ 77.154020951585792, 19.763313664601156 ], [ 77.156500343692471, 19.771591228472989 ], [ 77.166859841046588, 19.771591228472989 ], [ 77.164380116041755, 19.763313664601156 ] ] ] } },
{ "type": "Feature", "properties": { }, "geometry": { "type": "Polygon", "coordinates": [ [ [ 76.879265575827901, 19.779868956155479 ], [ 76.881738493697142, 19.788146847728683 ], [ 76.912818984672768, 19.788146847728683 ], [ 76.910345067092763, 19.779868956155479 ], [ 76.879265575827901, 19.779868956155479 ] ] ] } },
{ "type": "Feature", "properties": { }, "geometry": { "type": "Polygon", "coordinates": [ [ [ 76.897048932928158, 19.804703122867654 ], [ 76.886688102287366, 19.804703122867654 ], [ 76.889164793675576, 19.812981506593665 ], [ 76.899525958061801, 19.812981506593665 ], [ 76.897048932928158, 19.804703122867654 ] ] ] } },
{ "type": "Feature", "properties": { }, "geometry": { "type": "Polygon", "coordinates": [ [ [ 77.13783273894478, 19.812981506593665 ], [ 77.12747157455857, 19.812981506593665 ], [ 77.129957204499306, 19.821260054530875 ], [ 77.140318702800542, 19.821260054530875 ], [ 77.13783273894478, 19.812981506593665 ] ] ] } },
{ "type": "Feature", "properties": { }, "geometry": { "type": "Polygon", "coordinates": [ [ [ 76.935140893627505, 19.862655260191364 ], [ 76.924777723205821, 19.862655260191364 ], [ 76.927263901037875, 19.870934795079865 ], [ 76.937627406393048, 19.870934795079865 ], [ 76.935140893627505, 19.862655260191364 ] ] ] } },
{ "type": "Feature", "properties": { }, "geometry": { "type": "Polygon", "coordinates": [ [ [ 77.03050484873539, 19.90405458316399 ], [ 77.020140001946714, 19.90405458316399 ], [ 77.022635175363192, 19.912334942719113 ], [ 77.033000357935336, 19.912334942719113 ], [ 77.03050484873539, 19.90405458316399 ] ] ] } },
{ "type": "Feature", "properties": { }, "geometry": { "type": "Polygon", "coordinates": [ [ [ 76.973304020384674, 19.920615467448556 ], [ 76.962938501858915, 19.920615467448556 ], [ 76.965434187337607, 19.9288961574327 ], [ 76.975800041987142, 19.9288961574327 ], [ 76.973304020384674, 19.920615467448556 ] ] ] } },
{ "type": "Feature", "properties": { }, "geometry": { "type": "Polygon", "coordinates": [ [ [ 77.119339892881399, 20.094544784531244 ], [ 77.108967279948757, 20.094544784531244 ], [ 77.111492635621914, 20.102828963461224 ], [ 77.121865588262622, 20.102828963461224 ], [ 77.119339892881399, 20.094544784531244 ] ] ] } },
{ "type": "Feature", "properties": { }, "geometry": { "type": "Polygon", "coordinates": [ [ [ 77.114019263859447, 20.111113309418545 ], [ 77.116547165004121, 20.119397822484 ], [ 77.137294430144877, 20.119397822484 ], [ 77.134765848899292, 20.111113309418545 ], [ 77.114019263859447, 20.111113309418545 ] ] ] } },
{ "type": "Feature", "properties": { }, "geometry": { "type": "Polygon", "coordinates": [ [ [ 77.025211904684866, 20.193965973275731 ], [ 77.027748794385403, 20.202252161869108 ], [ 77.038125836888241, 20.202252161869108 ], [ 77.03558860542239, 20.193965973275731 ], [ 77.025211904684866, 20.193965973275731 ] ] ] } },
{ "type": "Feature", "properties": { }, "geometry": { "type": "Polygon", "coordinates": [ [ [ 77.364601950878551, 20.285123301054391 ], [ 77.354221481269306, 20.285123301054391 ], [ 77.356782378878592, 20.293411342081654 ], [ 77.367163192144844, 20.293411342081654 ], [ 77.364601950878551, 20.285123301054391 ] ] ] } },
{ "type": "Feature", "properties": { }, "geometry": { "type": "Polygon", "coordinates": [ [ [ 77.226814428925238, 20.343143137772199 ], [ 77.216431550098022, 20.343143137772199 ], [ 77.218996267337374, 20.351432362733291 ], [ 77.22937949102834, 20.351432362733291 ], [ 77.226814428925238, 20.343143137772199 ] ] ] } },
{ "type": "Feature", "properties": { }, "geometry": { "type": "Polygon", "coordinates": [ [ [ 77.291330721371494, 20.583599759330447 ], [ 77.280937771254997, 20.583599759330447 ], [ 77.283539502041791, 20.591893931666856 ], [ 77.293932802046101, 20.591893931666856 ], [ 77.291330721371494, 20.583599759330447 ] ] ] } },
{ "type": "Feature", "properties": { }, "geometry": { "type": "Polygon", "coordinates": [ [ [ 77.436832023002452, 20.583599759330447 ], [ 77.426439072885955, 20.583599759330447 ], [ 77.42904570210213, 20.591893931666856 ], [ 77.43943900210644, 20.591893931666856 ], [ 77.436832023002452, 20.583599759330447 ] ] ] } },
{ "type": "Feature", "properties": { }, "geometry": { "type": "Polygon", "coordinates": [ [ [ 77.216056737153394, 20.674845118859864 ], [ 77.205659928695326, 20.674845118859864 ], [ 77.208272389987116, 20.683141185764459 ], [ 77.218669550249174, 20.683141185764459 ], [ 77.216056737153394, 20.674845118859864 ] ] ] } },
{ "type": "Feature", "properties": { }, "geometry": { "type": "Polygon", "coordinates": [ [ [ 77.473684149061739, 20.766111368244591 ], [ 77.463283461154916, 20.766111368244591 ], [ 77.465917977198558, 20.774409339642911 ], [ 77.47631901883139, 20.774409339642911 ], [ 77.473684149061739, 20.766111368244591 ] ] ] } },
{ "type": "Feature", "properties": { }, "geometry": { "type": "Polygon", "coordinates": [ [ [ 77.330704435971711, 20.774409339642911 ], [ 77.320303394338865, 20.774409339642911 ], [ 77.32293425930672, 20.782707484670052 ], [ 77.333335654840596, 20.782707484670052 ], [ 77.330704435971711, 20.774409339642911 ] ] ] } },
{ "type": "Feature", "properties": { }, "geometry": { "type": "Polygon", "coordinates": [ [ [ 77.473992586296077, 20.832500005645631 ], [ 77.463589063677773, 20.832500005645631 ], [ 77.466233307943654, 20.840799368378647 ], [ 77.476637185689526, 20.840799368378647 ], [ 77.473992586296077, 20.832500005645631 ] ] ] } },
{ "type": "Feature", "properties": { }, "geometry": { "type": "Polygon", "coordinates": [ [ [ 77.235634742913319, 20.998520468935187 ], [ 77.225224084359766, 20.998520468935187 ], [ 77.227884478004327, 21.006823333093408 ], [ 77.238295495203005, 21.006823333093408 ], [ 77.235634742913319, 20.998520468935187 ] ] ] } },
{ "type": "Feature", "properties": { }, "geometry": { "type": "Polygon", "coordinates": [ [ [ 77.615542030360018, 21.239375263685716 ], [ 77.605120899298882, 21.239375263685716 ], [ 77.60782993918086, 21.247683263753188 ], [ 77.618251434022881, 21.247683263753188 ], [ 77.615542030360018, 21.239375263685716 ] ] ] } },
{ "type": "Feature", "properties": { }, "geometry": { "type": "Polygon", "coordinates": [ [ [ 77.493193495918419, 21.247683263753188 ], [ 77.482772001076384, 21.247683263753188 ], [ 77.48547799787606, 21.255991442168042 ], [ 77.495899856676829, 21.255991442168042 ], [ 77.493193495918419, 21.247683263753188 ] ] ] } },
{ "type": "Feature", "properties": { }, "geometry": { "type": "Polygon", "coordinates": [ [ [ 77.632270942385304, 21.322463299996983 ], [ 77.621846165506, 21.322463299996983 ], [ 77.624568101031926, 21.330773087290719 ], [ 77.634993243472877, 21.330773087290719 ], [ 77.632270942385304, 21.322463299996983 ] ] ] } },
{ "type": "Feature", "properties": { }, "geometry": { "type": "Polygon", "coordinates": [ [ [ 77.382966196351546, 21.388946620111362 ], [ 77.37253848998219, 21.388946620111362 ], [ 77.375261518577929, 21.397257843198012 ], [ 77.385689591937208, 21.397257843198012 ], [ 77.382966196351546, 21.388946620111362 ] ] ] } },
{ "type": "Feature", "properties": { }, "geometry": { "type": "Polygon", "coordinates": [ [ [ 76.726085359844291, 17.888389482633603 ], [ 76.715797465750796, 17.888389482633603 ], [ 76.718001396475273, 17.896631900815773 ], [ 76.728289586124646, 17.896631900815773 ], [ 76.726085359844291, 17.888389482633603 ] ] ] } },
{ "type": "Feature", "properties": { }, "geometry": { "type": "Polygon", "coordinates": [ [ [ 76.74818132938772, 17.970820246291741 ], [ 76.750397495770073, 17.979064128506529 ], [ 76.760688649780676, 17.979064128506529 ], [ 76.75847218624142, 17.970820246291741 ], [ 76.74818132938772, 17.970820246291741 ] ] ] } },
{ "type": "Feature", "properties": { }, "geometry": { "type": "Polygon", "coordinates": [ [ [ 76.732031955090434, 17.987308157545439 ], [ 76.734249917993679, 17.995552333485037 ], [ 76.744541666799051, 17.995552333485037 ], [ 76.742323406418265, 17.987308157545439 ], [ 76.732031955090434, 17.987308157545439 ] ] ] } },
{ "type": "Feature", "properties": { }, "geometry": { "type": "Polygon", "coordinates": [ [ [ 76.924804364231548, 18.053265684717463 ], [ 76.914510528590199, 18.053265684717463 ], [ 76.916742846589074, 18.061511038621259 ], [ 76.927036980992185, 18.061511038621259 ], [ 76.924804364231548, 18.053265684717463 ] ] ] } },
{ "type": "Feature", "properties": { }, "geometry": { "type": "Polygon", "coordinates": [ [ [ 76.893458520545536, 18.127479189559715 ], [ 76.883161990259836, 18.127479189559715 ], [ 76.885403624367527, 18.135725874542263 ], [ 76.895700454862705, 18.135725874542263 ], [ 76.893458520545536, 18.127479189559715 ] ] ] } },
{ "type": "Feature", "properties": { }, "geometry": { "type": "Polygon", "coordinates": [ [ [ 76.853190057577407, 18.168714098058093 ], [ 76.842892024633443, 18.168714098058093 ], [ 76.845138169408756, 18.176961525217902 ], [ 76.855436503367855, 18.176961525217902 ], [ 76.853190057577407, 18.168714098058093 ] ] ] } },
{ "type": "Feature", "properties": { }, "geometry": { "type": "Polygon", "coordinates": [ [ [ 76.901128751286464, 18.193456825612966 ], [ 76.890829814813316, 18.193456825612966 ], [ 76.89308077613353, 18.201704699002121 ], [ 76.90338001410565, 18.201704699002121 ], [ 76.901128751286464, 18.193456825612966 ] ] ] } },
{ "type": "Feature", "properties": { }, "geometry": { "type": "Polygon", "coordinates": [ [ [ 76.882781538161396, 18.201704699002121 ], [ 76.872482300189276, 18.201704699002121 ], [ 76.874733862938413, 18.209952721288317 ], [ 76.885033402570883, 18.209952721288317 ], [ 76.882781538161396, 18.201704699002121 ] ] ] } },
{ "type": "Feature", "properties": { }, "geometry": { "type": "Polygon", "coordinates": [ [ [ 77.075958354865421, 18.26769305287775 ], [ 77.065656699088834, 18.26769305287775 ], [ 77.067923058063059, 18.275942269113113 ], [ 77.078225016792373, 18.275942269113113 ], [ 77.075958354865421, 18.26769305287775 ] ] ] } },
{ "type": "Feature", "properties": { }, "geometry": { "type": "Polygon", "coordinates": [ [ [ 76.850154043456286, 18.383195720995662 ], [ 76.839848131610424, 18.383195720995662 ], [ 76.84212382481806, 18.391447038521779 ], [ 76.852430041884375, 18.391447038521779 ], [ 76.850154043456286, 18.383195720995662 ] ] ] } },
{ "type": "Feature", "properties": { }, "geometry": { "type": "Polygon", "coordinates": [ [ [ 76.950877531809894, 18.523488662911802 ], [ 76.953175990827319, 18.531742552384816 ], [ 76.963487421503174, 18.531742552384816 ], [ 76.961188654501044, 18.523488662911802 ], [ 76.950877531809894, 18.523488662911802 ] ] ] } },
{ "type": "Feature", "properties": { }, "geometry": { "type": "Polygon", "coordinates": [ [ [ 77.221273188399493, 18.531742552384816 ], [ 77.223580875453223, 18.539996593846389 ], [ 77.233892614276741, 18.539996593846389 ], [ 77.231584619075363, 18.531742552384816 ], [ 77.221273188399493, 18.531742552384816 ] ] ] } },
{ "type": "Feature", "properties": { }, "geometry": { "type": "Polygon", "coordinates": [ [ [ 77.019648840560762, 18.54825078737413 ], [ 77.00933679342657, 18.54825078737413 ], [ 77.011640444311183, 18.556505133045665 ], [ 77.021952799919106, 18.556505133045665 ], [ 77.019648840560762, 18.54825078737413 ] ] ] } },
{ "type": "Feature", "properties": { }, "geometry": { "type": "Polygon", "coordinates": [ [ [ 77.093062368027574, 18.589524038722722 ], [ 77.08274877689351, 18.589524038722722 ], [ 77.085060376153379, 18.5977791462781 ], [ 77.09537427657699, 18.5977791462781 ], [ 77.093062368027574, 18.589524038722722 ] ] ] } },
{ "type": "Feature", "properties": { }, "geometry": { "type": "Polygon", "coordinates": [ [ [ 77.094318980429264, 18.630801103375589 ], [ 77.08400384121407, 18.630801103375589 ], [ 77.086321235510326, 18.639056974757736 ], [ 77.096636684831935, 18.639056974757736 ], [ 77.094318980429264, 18.630801103375589 ] ] ] } },
{ "type": "Feature", "properties": { }, "geometry": { "type": "Polygon", "coordinates": [ [ [ 77.160850168727876, 18.647312999138553 ], [ 77.150534409136341, 18.647312999138553 ], [ 77.152856109900014, 18.655569176595865 ], [ 77.163172179924999, 18.655569176595865 ], [ 77.160850168727876, 18.647312999138553 ] ] ] } },
{ "type": "Feature", "properties": { }, "geometry": { "type": "Polygon", "coordinates": [ [ [ 77.213741716727654, 18.688595418746758 ], [ 77.203424403332676, 18.688595418746758 ], [ 77.205753469035272, 18.696852362754228 ], [ 77.216071093682004, 18.696852362754228 ], [ 77.213741716727654, 18.688595418746758 ] ] ] } },
{ "type": "Feature", "properties": { }, "geometry": { "type": "Polygon", "coordinates": [ [ [ 76.950135358743324, 18.705109460305398 ], [ 76.93981742268106, 18.705109460305398 ], [ 76.942140838751968, 18.713366711478162 ], [ 76.952459086393588, 18.713366711478162 ], [ 76.950135358743324, 18.705109460305398 ] ] ] } },
{ "type": "Feature", "properties": { }, "geometry": { "type": "Polygon", "coordinates": [ [ [ 77.161155223821012, 18.721624116350487 ], [ 77.15083666443617, 18.721624116350487 ], [ 77.153168762789761, 18.729881675000314 ], [ 77.163487634081704, 18.729881675000314 ], [ 77.161155223821012, 18.721624116350487 ] ] ] } },
{ "type": "Feature", "properties": { }, "geometry": { "type": "Polygon", "coordinates": [ [ [ 77.133886348002164, 18.77117177764152 ], [ 77.136224867163833, 18.7794302605943 ], [ 77.146545613342838, 18.7794302605943 ], [ 77.144206781289753, 18.77117177764152 ], [ 77.133886348002164, 18.77117177764152 ] ] ] } },
{ "type": "Feature", "properties": { }, "geometry": { "type": "Polygon", "coordinates": [ [ [ 77.311677552206703, 18.7794302605943 ], [ 77.314022620482291, 18.787688897870709 ], [ 77.324343679716904, 18.787688897870709 ], [ 77.32199829838568, 18.7794302605943 ], [ 77.311677552206703, 18.7794302605943 ] ] ] } },
{ "type": "Feature", "properties": { }, "geometry": { "type": "Polygon", "coordinates": [ [ [ 76.995917280653046, 18.903326067476481 ], [ 76.985591821376303, 18.903326067476481 ], [ 76.987944333035614, 18.911587028986123 ], [ 76.99827010783585, 18.911587028986123 ], [ 76.995917280653046, 18.903326067476481 ] ] ] } },
{ "type": "Feature", "properties": { }, "geometry": { "type": "Polygon", "coordinates": [ [ [ 77.155515521686212, 18.919848146070628 ], [ 77.145189431197622, 18.919848146070628 ], [ 77.147549139315458, 18.928109418808337 ], [ 77.157875545657305, 18.928109418808337 ], [ 77.155515521686212, 18.919848146070628 ] ] ] } },
{ "type": "Feature", "properties": { }, "geometry": { "type": "Polygon", "coordinates": [ [ [ 77.067296300824822, 18.936370847277605 ], [ 77.056969578464773, 18.936370847277605 ], [ 77.059328905790707, 18.944632431556798 ], [ 77.069655944333945, 18.944632431556798 ], [ 77.067296300824822, 18.936370847277605 ] ] ] } },
{ "type": "Feature", "properties": { }, "geometry": { "type": "Polygon", "coordinates": [ [ [ 77.118929912625077, 18.936370847277605 ], [ 77.108603190265029, 18.936370847277605 ], [ 77.110964098506898, 18.944632431556798 ], [ 77.121291137050136, 18.944632431556798 ], [ 77.118929912625077, 18.936370847277605 ] ] ] } },
{ "type": "Feature", "properties": { }, "geometry": { "type": "Polygon", "coordinates": [ [ [ 77.446147998854869, 19.06857494627835 ], [ 77.435816197737068, 19.06857494627835 ], [ 77.438205786686652, 19.076839034188158 ], [ 77.448537906633106, 19.076839034188158 ], [ 77.446147998854869, 19.06857494627835 ] ] ] } },
{ "type": "Feature", "properties": { }, "geometry": { "type": "Polygon", "coordinates": [ [ [ 77.430264178609207, 19.085103279242684 ], [ 77.440596617550014, 19.085103279242684 ], [ 77.438205786686652, 19.076839034188158 ], [ 77.427873666740211, 19.076839034188158 ], [ 77.430264178609207, 19.085103279242684 ] ] ] } },
{ "type": "Feature", "properties": { }, "geometry": { "type": "Polygon", "coordinates": [ [ [ 77.417541546793757, 19.076839034188158 ], [ 77.407209426847302, 19.076839034188158 ], [ 77.409599300727564, 19.085103279242684 ], [ 77.419931739668385, 19.085103279242684 ], [ 77.417541546793757, 19.076839034188158 ] ] ] } },
{ "type": "Feature", "properties": { }, "geometry": { "type": "Polygon", "coordinates": [ [ [ 77.091674915213375, 19.093367681520611 ], [ 77.096441069571114, 19.109896958061373 ], [ 77.106774466489654, 19.109896958061373 ], [ 77.102007673314318, 19.093367681520611 ], [ 77.091674915213375, 19.093367681520611 ] ] ] } },
{ "type": "Feature", "properties": { }, "geometry": { "type": "Polygon", "coordinates": [ [ [ 77.489110152475817, 19.109896958061373 ], [ 77.478776755557277, 19.109896958061373 ], [ 77.48117351622848, 19.118161832481615 ], [ 77.491507232804622, 19.118161832481615 ], [ 77.489110152475817, 19.109896958061373 ] ] ] } },
{ "type": "Feature", "properties": { }, "geometry": { "type": "Polygon", "coordinates": [ [ [ 77.462903448102963, 19.12642686444007 ], [ 77.460506083076197, 19.118161832481615 ], [ 77.439838649923928, 19.118161832481615 ], [ 77.442235375303682, 19.12642686444007 ], [ 77.462903448102963, 19.12642686444007 ] ] ] } },
{ "type": "Feature", "properties": { }, "geometry": { "type": "Polygon", "coordinates": [ [ [ 77.219669673374867, 19.14295740128663 ], [ 77.209334996830293, 19.14295740128663 ], [ 77.211728086746021, 19.151222906332265 ], [ 77.222063083612099, 19.151222906332265 ], [ 77.219669673374867, 19.14295740128663 ] ] ] } },
{ "type": "Feature", "properties": { }, "geometry": { "type": "Polygon", "coordinates": [ [ [ 77.498705940078281, 19.14295740128663 ], [ 77.488371263533708, 19.14295740128663 ], [ 77.490773002129998, 19.151222906332265 ], [ 77.501107998996076, 19.151222906332265 ], [ 77.498705940078281, 19.14295740128663 ] ] ] } },
{ "type": "Feature", "properties": { }, "geometry": { "type": "Polygon", "coordinates": [ [ [ 77.459768011531779, 19.151222906332265 ], [ 77.462170033945142, 19.159488569231204 ], [ 77.482840668652457, 19.159488569231204 ], [ 77.48043800526392, 19.151222906332265 ], [ 77.459768011531779, 19.151222906332265 ] ] ] } },
{ "type": "Feature", "properties": { }, "geometry": { "type": "Polygon", "coordinates": [ [ [ 77.317475590993922, 19.159488569231204 ], [ 77.319874369356597, 19.167754390062253 ], [ 77.330210007363959, 19.167754390062253 ], [ 77.327810908347573, 19.159488569231204 ], [ 77.317475590993922, 19.159488569231204 ] ] ] } },
{ "type": "Feature", "properties": { }, "geometry": { "type": "Polygon", "coordinates": [ [ [ 77.454237663452446, 19.167754390062253 ], [ 77.44390202544507, 19.167754390062253 ], [ 77.446305896741222, 19.176020368904233 ], [ 77.456641855568478, 19.176020368904233 ], [ 77.454237663452446, 19.167754390062253 ] ] ] } },
{ "type": "Feature", "properties": { }, "geometry": { "type": "Polygon", "coordinates": [ [ [ 77.288867455334469, 19.167754390062253 ], [ 77.278531817327092, 19.167754390062253 ], [ 77.280930555505122, 19.176020368904233 ], [ 77.291266514332378, 19.176020368904233 ], [ 77.288867455334469, 19.167754390062253 ] ] ] } },
{ "type": "Feature", "properties": { }, "geometry": { "type": "Polygon", "coordinates": [ [ [ 77.301602473159633, 19.176020368904233 ], [ 77.291266514332378, 19.176020368904233 ], [ 77.293666816246116, 19.184286505835999 ], [ 77.304003096059461, 19.184286505835999 ], [ 77.301602473159633, 19.176020368904233 ] ] ] } },
{ "type": "Feature", "properties": { }, "geometry": { "type": "Polygon", "coordinates": [ [ [ 77.477313773222974, 19.176020368904233 ], [ 77.466977814395719, 19.176020368904233 ], [ 77.469383573073046, 19.184286505835999 ], [ 77.479719852886404, 19.184286505835999 ], [ 77.477313773222974, 19.176020368904233 ] ] ] } },
{ "type": "Feature", "properties": { }, "geometry": { "type": "Polygon", "coordinates": [ [ [ 77.430444173949368, 19.192552800936411 ], [ 77.420107572983682, 19.192552800936411 ], [ 77.422514217511932, 19.200819254284337 ], [ 77.43285113979627, 19.200819254284337 ], [ 77.430444173949368, 19.192552800936411 ] ] ] } },
{ "type": "Feature", "properties": { }, "geometry": { "type": "Polygon", "coordinates": [ [ [ 77.285731760429599, 19.192552800936411 ], [ 77.275395159463898, 19.192552800936411 ], [ 77.277797305531124, 19.200819254284337 ], [ 77.288134227815448, 19.200819254284337 ], [ 77.285731760429599, 19.192552800936411 ] ] ] } },
{ "type": "Feature", "properties": { }, "geometry": { "type": "Polygon", "coordinates": [ [ [ 77.391503450658902, 19.200819254284337 ], [ 77.381166528374564, 19.200819254284337 ], [ 77.383573132834385, 19.209085865958688 ], [ 77.393910376603728, 19.209085865958688 ], [ 77.391503450658902, 19.200819254284337 ] ] ] } },
{ "type": "Feature", "properties": { }, "geometry": { "type": "Polygon", "coordinates": [ [ [ 77.510031767869407, 19.217352636038363 ], [ 77.499694202448708, 19.217352636038363 ], [ 77.502106838278721, 19.22561956460229 ], [ 77.512444725517213, 19.22561956460229 ], [ 77.510031767869407, 19.217352636038363 ] ] ] } },
{ "type": "Feature", "properties": { }, "geometry": { "type": "Polygon", "coordinates": [ [ [ 77.527612917007261, 19.242153897498699 ], [ 77.525197140554127, 19.233886651729414 ], [ 77.504520722108609, 19.233886651729414 ], [ 77.506935854260178, 19.242153897498699 ], [ 77.527612917007261, 19.242153897498699 ] ] ] } },
{ "type": "Feature", "properties": { }, "geometry": { "type": "Polygon", "coordinates": [ [ [ 77.413889071898367, 19.242153897498699 ], [ 77.403550540524819, 19.242153897498699 ], [ 77.405963698146749, 19.250421301989128 ], [ 77.416302551837617, 19.250421301989128 ], [ 77.413889071898367, 19.242153897498699 ] ] ] } },
{ "type": "Feature", "properties": { }, "geometry": { "type": "Polygon", "coordinates": [ [ [ 77.488674527673666, 19.250421301989128 ], [ 77.478335673982812, 19.250421301989128 ], [ 77.480752336292113, 19.258688865279687 ], [ 77.491091512466895, 19.258688865279687 ], [ 77.488674527673666, 19.250421301989128 ] ] ] } },
{ "type": "Feature", "properties": { }, "geometry": { "type": "Polygon", "coordinates": [ [ [ 77.524528242691233, 19.266956587449382 ], [ 77.514188743865873, 19.266956587449382 ], [ 77.516608872526206, 19.27522446857725 ], [ 77.526948694168823, 19.27522446857725 ], [ 77.524528242691233, 19.266956587449382 ] ] ] } },
{ "type": "Feature", "properties": { }, "geometry": { "type": "Polygon", "coordinates": [ [ [ 77.268453153103422, 19.27522446857725 ], [ 77.258113331460805, 19.27522446857725 ], [ 77.260526635455463, 19.283492508742331 ], [ 77.270866780082059, 19.283492508742331 ], [ 77.268453153103422, 19.27522446857725 ] ] ] } },
{ "type": "Feature", "properties": { }, "geometry": { "type": "Polygon", "coordinates": [ [ [ 77.459410073307296, 19.291760708023677 ], [ 77.449069605529957, 19.291760708023677 ], [ 77.451491221738237, 19.300029066500379 ], [ 77.461832012833156, 19.300029066500379 ], [ 77.459410073307296, 19.291760708023677 ] ] ] } },
{ "type": "Feature", "properties": { }, "geometry": { "type": "Polygon", "coordinates": [ [ [ 77.154021764881861, 19.308297584251523 ], [ 77.143680650302528, 19.308297584251523 ], [ 77.146095056766214, 19.316566261356215 ], [ 77.156436494996854, 19.316566261356215 ], [ 77.154021764881861, 19.308297584251523 ] ] ] } },
{ "type": "Feature", "properties": { }, "geometry": { "type": "Polygon", "coordinates": [ [ [ 77.155765139593385, 19.349642564893333 ], [ 77.15818577615785, 19.357912039953035 ], [ 77.168528835150084, 19.357912039953035 ], [ 77.166107874099154, 19.349642564893333 ], [ 77.155765139593385, 19.349642564893333 ] ] ] } },
{ "type": "Feature", "properties": { }, "geometry": { "type": "Polygon", "coordinates": [ [ [ 77.439879018150066, 19.3661816748413 ], [ 77.442310919179818, 19.374451469637357 ], [ 77.452654627646496, 19.374451469637357 ], [ 77.450222401795926, 19.3661816748413 ], [ 77.439879018150066, 19.3661816748413 ] ] ] } },
{ "type": "Feature", "properties": { }, "geometry": { "type": "Polygon", "coordinates": [ [ [ 77.566435420779953, 19.374451469637357 ], [ 77.556091712313275, 19.374451469637357 ], [ 77.55852844036464, 19.382721424420453 ], [ 77.568872473819397, 19.382721424420453 ], [ 77.566435420779953, 19.374451469637357 ] ] ] } },
{ "type": "Feature", "properties": { }, "geometry": { "type": "Polygon", "coordinates": [ [ [ 77.545748003846597, 19.374451469637357 ], [ 77.535404295379919, 19.374451469637357 ], [ 77.53784037345514, 19.382721424420453 ], [ 77.548184406909897, 19.382721424420453 ], [ 77.545748003846597, 19.374451469637357 ] ] ] } },
{ "type": "Feature", "properties": { }, "geometry": { "type": "Polygon", "coordinates": [ [ [ 77.452051048081458, 19.407532249484643 ], [ 77.441706038658594, 19.407532249484643 ], [ 77.444143878050326, 19.41580284500866 ], [ 77.454489213130685, 19.41580284500866 ], [ 77.452051048081458, 19.407532249484643 ] ] ] } },
{ "type": "Feature", "properties": { }, "geometry": { "type": "Polygon", "coordinates": [ [ [ 77.446582971056117, 19.424073600916181 ], [ 77.436237310150801, 19.424073600916181 ], [ 77.438677331104543, 19.432344517286548 ], [ 77.449023318002318, 19.432344517286548 ], [ 77.446582971056117, 19.424073600916181 ] ] ] } },
{ "type": "Feature", "properties": { }, "geometry": { "type": "Polygon", "coordinates": [ [ [ 77.21778231948521, 19.490245431507478 ], [ 77.207434045946357, 19.490245431507478 ], [ 77.209876252838924, 19.498517634439089 ], [ 77.220224853711855, 19.498517634439089 ], [ 77.21778231948521, 19.490245431507478 ] ] ] } },
{ "type": "Feature", "properties": { }, "geometry": { "type": "Polygon", "coordinates": [ [ [ 77.499105231580742, 19.531608058737852 ], [ 77.488755319692004, 19.531608058737852 ], [ 77.491212325836372, 19.539881068353314 ], [ 77.501562565899135, 19.539881068353314 ], [ 77.499105231580742, 19.531608058737852 ] ] ] } },
{ "type": "Feature", "properties": { }, "geometry": { "type": "Polygon", "coordinates": [ [ [ 77.325076515230606, 19.5729747233657 ], [ 77.33542806967111, 19.5729747233657 ], [ 77.330515763913453, 19.556427572390181 ], [ 77.320164866998255, 19.556427572390181 ], [ 77.325076515230606, 19.5729747233657 ] ] ] } },
{ "type": "Feature", "properties": { }, "geometry": { "type": "Polygon", "coordinates": [ [ [ 77.386190186083567, 19.639169809400851 ], [ 77.375835994806437, 19.639169809400851 ], [ 77.378304764760117, 19.647444925710619 ], [ 77.388659286400284, 19.647444925710619 ], [ 77.386190186083567, 19.639169809400851 ] ] ] } },
{ "type": "Feature", "properties": { }, "geometry": { "type": "Polygon", "coordinates": [ [ [ 77.566965184717006, 19.895774388702829 ], [ 77.556600673541709, 19.895774388702829 ], [ 77.559112034957693, 19.90405458316399 ], [ 77.569476881746368, 19.90405458316399 ], [ 77.566965184717006, 19.895774388702829 ] ] ] } },
{ "type": "Feature", "properties": { }, "geometry": { "type": "Polygon", "coordinates": [ [ [ 77.706186101462052, 19.978583772189253 ], [ 77.695818226493557, 19.978583772189253 ], [ 77.698346041104855, 19.986865621208175 ], [ 77.708714253389644, 19.986865621208175 ], [ 77.706186101462052, 19.978583772189253 ] ] ] } },
{ "type": "Feature", "properties": { }, "geometry": { "type": "Polygon", "coordinates": [ [ [ 77.522086432263151, 19.986865621208175 ], [ 77.511718219978363, 19.986865621208175 ], [ 77.514241237848822, 19.995147636125413 ], [ 77.524609787620449, 19.995147636125413 ], [ 77.522086432263151, 19.986865621208175 ] ] ] } },
{ "type": "Feature", "properties": { }, "geometry": { "type": "Polygon", "coordinates": [ [ [ 77.614296246334504, 20.152537547443195 ], [ 77.616846539807824, 20.160822897261557 ], [ 77.63759721059337, 20.160822897261557 ], [ 77.635046235305438, 20.152537547443195 ], [ 77.614296246334504, 20.152537547443195 ] ] ] } },
{ "type": "Feature", "properties": { }, "geometry": { "type": "Polygon", "coordinates": [ [ [ 77.723154881026474, 20.169108414673076 ], [ 77.712779204554892, 20.169108414673076 ], [ 77.715335135686928, 20.177394099758658 ], [ 77.725711153408895, 20.177394099758658 ], [ 77.723154881026474, 20.169108414673076 ] ] ] } },
{ "type": "Feature", "properties": { }, "geometry": { "type": "Polygon", "coordinates": [ [ [ 77.570070887579533, 20.177394099758658 ], [ 77.572623324071216, 20.18567995259923 ], [ 77.582999683215121, 20.18567995259923 ], [ 77.580446905301486, 20.177394099758658 ], [ 77.570070887579533, 20.177394099758658 ] ] ] } },
{ "type": "Feature", "properties": { }, "geometry": { "type": "Polygon", "coordinates": [ [ [ 77.403708758571725, 20.243685626423908 ], [ 77.40626530014994, 20.251972824219646 ], [ 77.416644396852789, 20.251972824219646 ], [ 77.414087512478119, 20.243685626423908 ], [ 77.403708758571725, 20.243685626423908 ] ] ] } },
{ "type": "Feature", "properties": { }, "geometry": { "type": "Polygon", "coordinates": [ [ [ 77.522996961010563, 20.260260190499451 ], [ 77.512617521339251, 20.260260190499451 ], [ 77.515180060466847, 20.26854772534443 ], [ 77.525559843278671, 20.26854772534443 ], [ 77.522996961010563, 20.260260190499451 ] ] ] } },
{ "type": "Feature", "properties": { }, "geometry": { "type": "Polygon", "coordinates": [ [ [ 77.660398115865078, 20.301699551998674 ], [ 77.650016958769555, 20.301699551998674 ], [ 77.652590055985584, 20.309987930886624 ], [ 77.662971557082656, 20.309987930886624 ], [ 77.660398115865078, 20.301699551998674 ] ] ] } },
{ "type": "Feature", "properties": { }, "geometry": { "type": "Polygon", "coordinates": [ [ [ 77.774590843915774, 20.301699551998674 ], [ 77.764209686820266, 20.301699551998674 ], [ 77.766786568053377, 20.309987930886624 ], [ 77.777168069150449, 20.309987930886624 ], [ 77.774590843915774, 20.301699551998674 ] ] ] } },
{ "type": "Feature", "properties": { }, "geometry": { "type": "Polygon", "coordinates": [ [ [ 77.488883096261745, 20.384590957975401 ], [ 77.478498491389502, 20.384590957975401 ], [ 77.481077926911425, 20.392881031042069 ], [ 77.491462877510813, 20.392881031042069 ], [ 77.488883096261745, 20.384590957975401 ] ] ] } },
{ "type": "Feature", "properties": { }, "geometry": { "type": "Polygon", "coordinates": [ [ [ 77.802998623272842, 20.426043022774937 ], [ 77.792612288036324, 20.426043022774937 ], [ 77.795208225068748, 20.434333945981873 ], [ 77.805594906896971, 20.434333945981873 ], [ 77.802998623272842, 20.426043022774937 ] ] ] } },
{ "type": "Feature", "properties": { }, "geometry": { "type": "Polygon", "coordinates": [ [ [ 77.48098441257531, 20.459207737563162 ], [ 77.48616642065673, 20.47579111773296 ], [ 77.496554838040083, 20.47579111773296 ], [ 77.491372135217063, 20.459207737563162 ], [ 77.48098441257531, 20.459207737563162 ] ] ] } },
{ "type": "Feature", "properties": { }, "geometry": { "type": "Polygon", "coordinates": [ [ [ 77.867933357776749, 20.467499342348805 ], [ 77.857545287850826, 20.467499342348805 ], [ 77.860149446457271, 20.47579111773296 ], [ 77.870537863840624, 20.47579111773296 ], [ 77.867933357776749, 20.467499342348805 ] ] ] } },
{ "type": "Feature", "properties": { }, "geometry": { "type": "Polygon", "coordinates": [ [ [ 77.462798630665489, 20.467499342348805 ], [ 77.465389585890037, 20.47579111773296 ], [ 77.475778003273405, 20.47579111773296 ], [ 77.473186700591427, 20.467499342348805 ], [ 77.462798630665489, 20.467499342348805 ] ] ] } },
{ "type": "Feature", "properties": { }, "geometry": { "type": "Polygon", "coordinates": [ [ [ 77.506943255423437, 20.47579111773296 ], [ 77.496554838040083, 20.47579111773296 ], [ 77.499148128361782, 20.484083063797193 ], [ 77.509536893375838, 20.484083063797193 ], [ 77.506943255423437, 20.47579111773296 ] ] ] } },
{ "type": "Feature", "properties": { }, "geometry": { "type": "Polygon", "coordinates": [ [ [ 77.488759363347711, 20.484083063797193 ], [ 77.478370598333683, 20.484083063797193 ], [ 77.480964486126695, 20.492375180623096 ], [ 77.491353598944784, 20.492375180623096 ], [ 77.488759363347711, 20.484083063797193 ] ] ] } },
{ "type": "Feature", "properties": { }, "geometry": { "type": "Polygon", "coordinates": [ [ [ 77.738227576380837, 20.583599759330447 ], [ 77.748620526497348, 20.583599759330447 ], [ 77.743389477675748, 20.567011929802273 ], [ 77.732997226813183, 20.567011929802273 ], [ 77.738227576380837, 20.583599759330447 ] ] ] } },
{ "type": "Feature", "properties": { }, "geometry": { "type": "Polygon", "coordinates": [ [ [ 77.816218679733709, 20.600188275827232 ], [ 77.805825029667616, 20.600188275827232 ], [ 77.80844685967007, 20.60848279189344 ], [ 77.818840859971942, 20.60848279189344 ], [ 77.816218679733709, 20.600188275827232 ] ] ] } },
{ "type": "Feature", "properties": { }, "geometry": { "type": "Polygon", "coordinates": [ [ [ 77.631829959043756, 20.641662576853943 ], [ 77.621434556057778, 20.641662576853943 ], [ 77.624056233391855, 20.649957953677536 ], [ 77.634451987484368, 20.649957953677536 ], [ 77.631829959043756, 20.641662576853943 ] ] ] } },
{ "type": "Feature", "properties": { }, "geometry": { "type": "Polygon", "coordinates": [ [ [ 77.652842651951119, 20.708030423158107 ], [ 77.642444435229962, 20.708030423158107 ], [ 77.645076534177122, 20.716327181456172 ], [ 77.655475103400519, 20.716327181456172 ], [ 77.652842651951119, 20.708030423158107 ] ] ] } },
{ "type": "Feature", "properties": { }, "geometry": { "type": "Polygon", "coordinates": [ [ [ 77.75433739293166, 20.732921217295146 ], [ 77.756976936207607, 20.741218495000325 ], [ 77.767376563985991, 20.741218495000325 ], [ 77.764736667683621, 20.732921217295146 ], [ 77.75433739293166, 20.732921217295146 ] ] ] } },
{ "type": "Feature", "properties": { }, "geometry": { "type": "Polygon", "coordinates": [ [ [ 77.673779913980539, 20.741218495000325 ], [ 77.676417938807248, 20.749515946005506 ], [ 77.68681791978689, 20.749515946005506 ], [ 77.684179541758922, 20.741218495000325 ], [ 77.673779913980539, 20.741218495000325 ] ] ] } },
{ "type": "Feature", "properties": { }, "geometry": { "type": "Polygon", "coordinates": [ [ [ 77.864014194656775, 20.81590180271218 ], [ 77.853611381767536, 20.81590180271218 ], [ 77.856266496455817, 20.824200817117596 ], [ 77.866669664121943, 20.824200817117596 ], [ 77.864014194656775, 20.81590180271218 ] ] ] } },
{ "type": "Feature", "properties": { }, "geometry": { "type": "Polygon", "coordinates": [ [ [ 77.786564296949805, 20.898899792171868 ], [ 77.776157928396785, 20.898899792171868 ], [ 77.778822614549284, 20.907200551512116 ], [ 77.789229339634545, 20.907200551512116 ], [ 77.786564296949805, 20.898899792171868 ] ] ] } },
{ "type": "Feature", "properties": { }, "geometry": { "type": "Polygon", "coordinates": [ [ [ 77.638451787564634, 20.923802595116516 ], [ 77.628044348887485, 20.923802595116516 ], [ 77.630707622069409, 20.932103879545785 ], [ 77.641115417806333, 20.932103879545785 ], [ 77.638451787564634, 20.923802595116516 ] ] ] } },
{ "type": "Feature", "properties": { }, "geometry": { "type": "Polygon", "coordinates": [ [ [ 78.049698326562762, 20.940405339169878 ], [ 78.039290173590103, 20.940405339169878 ], [ 78.041970011008672, 20.948706974071399 ], [ 78.052378521393052, 20.948706974071399 ], [ 78.049698326562762, 20.940405339169878 ] ] ] } },
{ "type": "Feature", "properties": { }, "geometry": { "type": "Polygon", "coordinates": [ [ [ 78.112110193778861, 21.164611274969616 ], [ 78.101692328750815, 21.164611274969616 ], [ 78.104407574864595, 21.172917673657619 ], [ 78.114825802075146, 21.172917673657619 ], [ 78.112110193778861, 21.164611274969616 ] ] ] } },
{ "type": "Feature", "properties": { }, "geometry": { "type": "Polygon", "coordinates": [ [ [ 78.120726992933299, 21.222759798259666 ], [ 78.110306588900571, 21.222759798259666 ], [ 78.113030788908176, 21.231067441882306 ], [ 78.123451556366248, 21.231067441882306 ], [ 78.120726992933299, 21.222759798259666 ] ] ] } },
{ "type": "Feature", "properties": { }, "geometry": { "type": "Polygon", "coordinates": [ [ [ 77.803122389460768, 21.239375263685716 ], [ 77.792701258399617, 21.239375263685716 ], [ 77.795416846337545, 21.247683263753188 ], [ 77.805838341179594, 21.247683263753188 ], [ 77.803122389460768, 21.239375263685716 ] ] ] } },
{ "type": "Feature", "properties": { }, "geometry": { "type": "Polygon", "coordinates": [ [ [ 77.943320463119008, 21.380635576791448 ], [ 77.932893123560874, 21.380635576791448 ], [ 77.935634633927393, 21.388946620111362 ], [ 77.946062340296763, 21.388946620111362 ], [ 77.943320463119008, 21.380635576791448 ] ] ] } },
{ "type": "Feature", "properties": { }, "geometry": { "type": "Polygon", "coordinates": [ [ [ 78.092050229467731, 21.388946620111362 ], [ 78.081622523098375, 21.388946620111362 ], [ 78.084370507009496, 21.397257843198012 ], [ 78.094798580368774, 21.397257843198012 ], [ 78.092050229467731, 21.388946620111362 ] ] ] } },
{ "type": "Feature", "properties": { }, "geometry": { "type": "Polygon", "coordinates": [ [ [ 78.202429622708934, 21.438816658061501 ], [ 78.191999711717486, 21.438816658061501 ], [ 78.194759045376898, 21.44712896150633 ], [ 78.205189324431615, 21.44712896150633 ], [ 78.202429622708934, 21.438816658061501 ] ] ] } },
{ "type": "Feature", "properties": { }, "geometry": { "type": "Polygon", "coordinates": [ [ [ 77.400963803929358, 18.32544071062533 ], [ 77.390660024086202, 18.32544071062533 ], [ 77.392943980698291, 18.333690975614228 ], [ 77.40324806462705, 18.333690975614228 ], [ 77.400963803929358, 18.32544071062533 ] ] ] } },
{ "type": "Feature", "properties": { }, "geometry": { "type": "Polygon", "coordinates": [ [ [ 77.599216922590585, 18.482221492660063 ], [ 77.588907337379851, 18.482221492660063 ], [ 77.591219071682787, 18.490474623353808 ], [ 77.601528964063988, 18.490474623353808 ], [ 77.599216922590585, 18.482221492660063 ] ] ] } },
{ "type": "Feature", "properties": { }, "geometry": { "type": "Polygon", "coordinates": [ [ [ 77.725519146001758, 18.564759630938632 ], [ 77.715206481757036, 18.564759630938632 ], [ 77.717533567181547, 18.573014281130686 ], [ 77.727846540226196, 18.573014281130686 ], [ 77.725519146001758, 18.564759630938632 ] ] ] } },
{ "type": "Feature", "properties": { }, "geometry": { "type": "Polygon", "coordinates": [ [ [ 77.63868844909301, 18.622545384914325 ], [ 77.628373619820778, 18.622545384914325 ], [ 77.630706219619299, 18.630801103375589 ], [ 77.641021358834493, 18.630801103375589 ], [ 77.63868844909301, 18.622545384914325 ] ] ] } },
{ "type": "Feature", "properties": { }, "geometry": { "type": "Polygon", "coordinates": [ [ [ 77.635375109938522, 18.647312999138553 ], [ 77.625059350346973, 18.647312999138553 ], [ 77.627395331049556, 18.655569176595865 ], [ 77.637711401074554, 18.655569176595865 ], [ 77.635375109938522, 18.647312999138553 ] ] ] } },
{ "type": "Feature", "properties": { }, "geometry": { "type": "Polygon", "coordinates": [ [ [ 77.555182840874636, 18.655569176595865 ], [ 77.557517878295954, 18.663825507207484 ], [ 77.567834258917983, 18.663825507207484 ], [ 77.56549891089962, 18.655569176595865 ], [ 77.555182840874636, 18.655569176595865 ] ] ] } },
{ "type": "Feature", "properties": { }, "geometry": { "type": "Polygon", "coordinates": [ [ [ 77.609099781406073, 18.663825507207484 ], [ 77.611437602691424, 18.672081991051261 ], [ 77.62175429407408, 18.672081991051261 ], [ 77.619416162028088, 18.663825507207484 ], [ 77.609099781406073, 18.663825507207484 ] ] ] } },
{ "type": "Feature", "properties": { }, "geometry": { "type": "Polygon", "coordinates": [ [ [ 77.633975456754968, 18.787688897870709 ], [ 77.623654397520369, 18.787688897870709 ], [ 77.626010092661105, 18.795947689548829 ], [ 77.636331465115546, 18.795947689548829 ], [ 77.633975456754968, 18.787688897870709 ] ] ] } },
{ "type": "Feature", "properties": { }, "geometry": { "type": "Polygon", "coordinates": [ [ [ 77.486217198360492, 18.812465736422606 ], [ 77.475895198973475, 18.812465736422606 ], [ 77.478249895881675, 18.820724991774519 ], [ 77.488572208981495, 18.820724991774519 ], [ 77.486217198360492, 18.812465736422606 ] ] ] } },
{ "type": "Feature", "properties": { }, "geometry": { "type": "Polygon", "coordinates": [ [ [ 77.84189777096293, 18.828984401840614 ], [ 77.831575143985916, 18.828984401840614 ], [ 77.833942986576702, 18.837243966699077 ], [ 77.844265927595345, 18.837243966699077 ], [ 77.84189777096293, 18.828984401840614 ] ] ] } },
{ "type": "Feature", "properties": { }, "geometry": { "type": "Polygon", "coordinates": [ [ [ 77.446386748025262, 18.853763561105808 ], [ 77.436063178429819, 18.853763561105808 ], [ 77.438422475667778, 18.862023590810491 ], [ 77.448746359798434, 18.862023590810491 ], [ 77.446386748025262, 18.853763561105808 ] ] ] } },
{ "type": "Feature", "properties": { }, "geometry": { "type": "Polygon", "coordinates": [ [ [ 77.624252390019649, 18.862023590810491 ], [ 77.613928505888993, 18.862023590810491 ], [ 77.616294387738662, 18.870283775620333 ], [ 77.626618586569151, 18.870283775620333 ], [ 77.624252390019649, 18.862023590810491 ] ] ] } },
{ "type": "Feature", "properties": { }, "geometry": { "type": "Polygon", "coordinates": [ [ [ 77.644049749334371, 18.895065261463383 ], [ 77.633724605416319, 18.895065261463383 ], [ 77.636095755810331, 18.903326067476481 ], [ 77.646421215087074, 18.903326067476481 ], [ 77.644049749334371, 18.895065261463383 ] ] ] } },
{ "type": "Feature", "properties": { }, "geometry": { "type": "Polygon", "coordinates": [ [ [ 77.448549836572667, 18.969418120037918 ], [ 77.438221848489533, 18.969418120037918 ], [ 77.440597509712617, 18.977680328340867 ], [ 77.450925814639291, 18.977680328340867 ], [ 77.448549836572667, 18.969418120037918 ] ] ] } },
{ "type": "Feature", "properties": { }, "geometry": { "type": "Polygon", "coordinates": [ [ [ 77.520036721460883, 19.002467890775772 ], [ 77.509707465012227, 19.002467890775772 ], [ 77.512089987606871, 19.01073072435771 ], [ 77.522419561560099, 19.01073072435771 ], [ 77.520036721460883, 19.002467890775772 ] ] ] } },
{ "type": "Feature", "properties": { }, "geometry": { "type": "Polygon", "coordinates": [ [ [ 77.698022318764941, 19.01073072435771 ], [ 77.687692744811713, 19.01073072435771 ], [ 77.690081908662918, 19.018993714455657 ], [ 77.700411800286091, 19.018993714455657 ], [ 77.698022318764941, 19.01073072435771 ] ] ] } },
{ "type": "Feature", "properties": { }, "geometry": { "type": "Polygon", "coordinates": [ [ [ 77.473154184576458, 19.018993714455657 ], [ 77.4628242929533, 19.018993714455657 ], [ 77.465207708422838, 19.027256861148128 ], [ 77.475537917881354, 19.027256861148128 ], [ 77.473154184576458, 19.018993714455657 ] ] ] } },
{ "type": "Feature", "properties": { }, "geometry": { "type": "Polygon", "coordinates": [ [ [ 77.467592364565803, 19.035520164513692 ], [ 77.4572618371065, 19.035520164513692 ], [ 77.459647416073253, 19.043783624630908 ], [ 77.469978261698841, 19.043783624630908 ], [ 77.467592364565803, 19.035520164513692 ] ] ] } },
{ "type": "Feature", "properties": { }, "geometry": { "type": "Polygon", "coordinates": [ [ [ 77.55262502670351, 19.043783624630908 ], [ 77.542294181077921, 19.043783624630908 ], [ 77.54468354784062, 19.052047241578347 ], [ 77.555014711798023, 19.052047241578347 ], [ 77.55262502670351, 19.043783624630908 ] ] ] } },
{ "type": "Feature", "properties": { }, "geometry": { "type": "Polygon", "coordinates": [ [ [ 77.493027728053633, 19.052047241578347 ], [ 77.495416745112436, 19.060311015434628 ], [ 77.505748227567224, 19.060311015434628 ], [ 77.503358892011036, 19.052047241578347 ], [ 77.493027728053633, 19.052047241578347 ] ] ] } },
{ "type": "Feature", "properties": { }, "geometry": { "type": "Polygon", "coordinates": [ [ [ 77.518470606679415, 19.06857494627835 ], [ 77.516079710022012, 19.060311015434628 ], [ 77.505748227567224, 19.060311015434628 ], [ 77.508138805561615, 19.06857494627835 ], [ 77.518470606679415, 19.06857494627835 ] ] ] } },
{ "type": "Feature", "properties": { }, "geometry": { "type": "Polygon", "coordinates": [ [ [ 77.554253445899036, 19.085103279242684 ], [ 77.543921006958215, 19.085103279242684 ], [ 77.54631627165422, 19.093367681520611 ], [ 77.556649029755135, 19.093367681520611 ], [ 77.554253445899036, 19.085103279242684 ] ] ] } },
{ "type": "Feature", "properties": { }, "geometry": { "type": "Polygon", "coordinates": [ [ [ 77.492258812254121, 19.085103279242684 ], [ 77.494652481149572, 19.093367681520611 ], [ 77.504985239250502, 19.093367681520611 ], [ 77.502591251194929, 19.085103279242684 ], [ 77.492258812254121, 19.085103279242684 ] ] ] } },
{ "type": "Feature", "properties": { }, "geometry": { "type": "Polygon", "coordinates": [ [ [ 77.53598351355329, 19.093367681520611 ], [ 77.538379703130801, 19.101632241100603 ], [ 77.548712780557622, 19.101632241100603 ], [ 77.54631627165422, 19.093367681520611 ], [ 77.53598351355329, 19.093367681520611 ] ] ] } },
{ "type": "Feature", "properties": { }, "geometry": { "type": "Polygon", "coordinates": [ [ [ 77.484319723048657, 19.093367681520611 ], [ 77.489110152475817, 19.109896958061373 ], [ 77.499443549394371, 19.109896958061373 ], [ 77.494652481149572, 19.093367681520611 ], [ 77.484319723048657, 19.093367681520611 ] ] ] } },
{ "type": "Feature", "properties": { }, "geometry": { "type": "Polygon", "coordinates": [ [ [ 77.515317997351417, 19.093367681520611 ], [ 77.504985239250502, 19.093367681520611 ], [ 77.507380470850336, 19.101632241100603 ], [ 77.517713548277143, 19.101632241100603 ], [ 77.515317997351417, 19.093367681520611 ] ] ] } },
{ "type": "Feature", "properties": { }, "geometry": { "type": "Polygon", "coordinates": [ [ [ 77.555909775699789, 19.12642686444007 ], [ 77.545575739300133, 19.12642686444007 ], [ 77.547976908232258, 19.134692054015492 ], [ 77.558311264621366, 19.134692054015492 ], [ 77.555909775699789, 19.12642686444007 ] ] ] } },
{ "type": "Feature", "properties": { }, "geometry": { "type": "Polygon", "coordinates": [ [ [ 77.511442995862154, 19.151222906332265 ], [ 77.521777992728218, 19.151222906332265 ], [ 77.516973839064917, 19.134692054015492 ], [ 77.506639482675837, 19.134692054015492 ], [ 77.511442995862154, 19.151222906332265 ] ] ] } },
{ "type": "Feature", "properties": { }, "geometry": { "type": "Polygon", "coordinates": [ [ [ 77.531401251953156, 19.184286505835999 ], [ 77.541737531766501, 19.184286505835999 ], [ 77.539329526186506, 19.176020368904233 ], [ 77.528993567359251, 19.176020368904233 ], [ 77.531401251953156, 19.184286505835999 ] ] ] } },
{ "type": "Feature", "properties": { }, "geometry": { "type": "Polygon", "coordinates": [ [ [ 77.531401251953156, 19.184286505835999 ], [ 77.521064972139811, 19.184286505835999 ], [ 77.523473582640662, 19.192552800936411 ], [ 77.533810183606349, 19.192552800936411 ], [ 77.531401251953156, 19.184286505835999 ] ] ] } },
{ "type": "Feature", "properties": { }, "geometry": { "type": "Polygon", "coordinates": [ [ [ 77.536220362639725, 19.200819254284337 ], [ 77.525883440355386, 19.200819254284337 ], [ 77.528294545605036, 19.209085865958688 ], [ 77.53863178937435, 19.209085865958688 ], [ 77.536220362639725, 19.200819254284337 ] ] ] } },
{ "type": "Feature", "properties": { }, "geometry": { "type": "Polygon", "coordinates": [ [ [ 77.68577038002131, 19.217352636038363 ], [ 77.675432814600612, 19.217352636038363 ], [ 77.677850921333146, 19.22561956460229 ], [ 77.688188808571638, 19.22561956460229 ], [ 77.68577038002131, 19.217352636038363 ] ] ] } },
{ "type": "Feature", "properties": { }, "geometry": { "type": "Polygon", "coordinates": [ [ [ 78.116318527797915, 19.27522446857725 ], [ 78.105978706155298, 19.27522446857725 ], [ 78.108418494836243, 19.283492508742331 ], [ 78.118758639462854, 19.283492508742331 ], [ 78.116318527797915, 19.27522446857725 ] ] ] } },
{ "type": "Feature", "properties": { }, "geometry": { "type": "Polygon", "coordinates": [ [ [ 78.036037482450098, 19.283492508742331 ], [ 78.025697337823502, 19.283492508742331 ], [ 78.028135801061225, 19.291760708023677 ], [ 78.038476268838565, 19.291760708023677 ], [ 78.036037482450098, 19.283492508742331 ] ] ] } },
{ "type": "Feature", "properties": { }, "geometry": { "type": "Polygon", "coordinates": [ [ [ 77.774488639641319, 19.308297584251523 ], [ 77.764147525061986, 19.308297584251523 ], [ 77.766581350604739, 19.316566261356215 ], [ 77.776922788835378, 19.316566261356215 ], [ 77.774488639641319, 19.308297584251523 ] ] ] } },
{ "type": "Feature", "properties": { }, "geometry": { "type": "Polygon", "coordinates": [ [ [ 77.846876441696594, 19.308297584251523 ], [ 77.836535327117275, 19.308297584251523 ], [ 77.838971418219231, 19.316566261356215 ], [ 77.84931285644987, 19.316566261356215 ], [ 77.846876441696594, 19.308297584251523 ] ] ] } },
{ "type": "Feature", "properties": { }, "geometry": { "type": "Polygon", "coordinates": [ [ [ 77.745898474143445, 19.316566261356215 ], [ 77.748332907440755, 19.324835097893597 ], [ 77.758674669489665, 19.324835097893597 ], [ 77.756239912374099, 19.316566261356215 ], [ 77.745898474143445, 19.316566261356215 ] ] ] } },
{ "type": "Feature", "properties": { }, "geometry": { "type": "Polygon", "coordinates": [ [ [ 77.655257049000639, 19.324835097893597 ], [ 77.657689821813051, 19.333104093942801 ], [ 77.668031907847208, 19.333104093942801 ], [ 77.665598811049534, 19.324835097893597 ], [ 77.655257049000639, 19.324835097893597 ] ] ] } },
{ "type": "Feature", "properties": { }, "geometry": { "type": "Polygon", "coordinates": [ [ [ 77.773890360880486, 19.341373249582986 ], [ 77.763547950694061, 19.341373249582986 ], [ 77.765986475433806, 19.349642564893333 ], [ 77.776329209939576, 19.349642564893333 ], [ 77.773890360880486, 19.341373249582986 ] ] ] } },
{ "type": "Feature", "properties": { }, "geometry": { "type": "Polygon", "coordinates": [ [ [ 77.985630495536483, 19.357912039953035 ], [ 77.964944377552015, 19.357912039953035 ], [ 77.967391584088645, 19.3661816748413 ], [ 77.988078351380366, 19.3661816748413 ], [ 77.985630495536483, 19.357912039953035 ] ] ] } },
{ "type": "Feature", "properties": { }, "geometry": { "type": "Polygon", "coordinates": [ [ [ 77.605373156483736, 19.3661816748413 ], [ 77.595029772837876, 19.3661816748413 ], [ 77.597466546179987, 19.374451469637357 ], [ 77.607810254646665, 19.374451469637357 ], [ 77.605373156483736, 19.3661816748413 ] ] ] } },
{ "type": "Feature", "properties": { }, "geometry": { "type": "Polygon", "coordinates": [ [ [ 77.786097176369125, 19.382721424420453 ], [ 77.775753142914382, 19.382721424420453 ], [ 77.778197953546652, 19.390991539269844 ], [ 77.788542312156764, 19.390991539269844 ], [ 77.786097176369125, 19.382721424420453 ] ] ] } },
{ "type": "Feature", "properties": { }, "geometry": { "type": "Polygon", "coordinates": [ [ [ 77.617571198847372, 19.407532249484643 ], [ 77.607226189424509, 19.407532249484643 ], [ 77.609669239336043, 19.41580284500866 ], [ 77.620014574416402, 19.41580284500866 ], [ 77.617571198847372, 19.407532249484643 ] ] ] } },
{ "type": "Feature", "properties": { }, "geometry": { "type": "Polygon", "coordinates": [ [ [ 77.924425416185628, 19.465429788984036 ], [ 77.914078123642085, 19.465429788984036 ], [ 77.91653912574192, 19.473701508859421 ], [ 77.926886745116121, 19.473701508859421 ], [ 77.924425416185628, 19.465429788984036 ] ] ] } },
{ "type": "Feature", "properties": { }, "geometry": { "type": "Polygon", "coordinates": [ [ [ 78.262957946908259, 19.490245431507478 ], [ 78.260483621422964, 19.481973389674089 ], [ 78.239787728677726, 19.481973389674089 ], [ 78.242261399830554, 19.490245431507478 ], [ 78.262957946908259, 19.490245431507478 ] ] ] } },
{ "type": "Feature", "properties": { }, "geometry": { "type": "Polygon", "coordinates": [ [ [ 77.642061534577735, 19.490245431507478 ], [ 77.644517489501965, 19.498517634439089 ], [ 77.654866090374881, 19.498517634439089 ], [ 77.652409808116573, 19.490245431507478 ], [ 77.642061534577735, 19.490245431507478 ] ] ] } },
{ "type": "Feature", "properties": { }, "geometry": { "type": "Polygon", "coordinates": [ [ [ 77.851489506960547, 19.498517634439089 ], [ 77.841140906087617, 19.498517634439089 ], [ 77.84360434329146, 19.50678999854841 ], [ 77.853953271666384, 19.50678999854841 ], [ 77.851489506960547, 19.498517634439089 ] ] ] } },
{ "type": "Feature", "properties": { }, "geometry": { "type": "Polygon", "coordinates": [ [ [ 77.835719787712577, 19.515062523914949 ], [ 77.846069043757424, 19.515062523914949 ], [ 77.84360434329146, 19.50678999854841 ], [ 77.833255414916536, 19.50678999854841 ], [ 77.835719787712577, 19.515062523914949 ] ] ] } },
{ "type": "Feature", "properties": { }, "geometry": { "type": "Polygon", "coordinates": [ [ [ 78.228991517416858, 19.515062523914949 ], [ 78.218642261372025, 19.515062523914949 ], [ 78.221120027595617, 19.523335210618256 ], [ 78.231469611478374, 19.523335210618256 ], [ 78.228991517416858, 19.515062523914949 ] ] ] } },
{ "type": "Feature", "properties": { }, "geometry": { "type": "Polygon", "coordinates": [ [ [ 77.778073988823962, 19.564701066970791 ], [ 77.767722763230225, 19.564701066970791 ], [ 77.770193356172882, 19.5729747233657 ], [ 77.780544910613415, 19.5729747233657 ], [ 77.778073988823962, 19.564701066970791 ] ] ] } },
{ "type": "Feature", "properties": { }, "geometry": { "type": "Polygon", "coordinates": [ [ [ 77.705144928772626, 19.597796664232728 ], [ 77.694792386781828, 19.597796664232728 ], [ 77.697265403140889, 19.606070968681454 ], [ 77.707618274651907, 19.606070968681454 ], [ 77.705144928772626, 19.597796664232728 ] ] ] } },
{ "type": "Feature", "properties": { }, "geometry": { "type": "Polygon", "coordinates": [ [ [ 78.196693341464439, 19.614345435342894 ], [ 78.186340140264704, 19.614345435342894 ], [ 78.18883118899997, 19.622620064296768 ], [ 78.199184720056934, 19.622620064296768 ], [ 78.196693341464439, 19.614345435342894 ] ] ] } },
{ "type": "Feature", "properties": { }, "geometry": { "type": "Polygon", "coordinates": [ [ [ 77.849229316184676, 19.663995646244615 ], [ 77.838874133312316, 19.663995646244615 ], [ 77.84136124443819, 19.672271250628501 ], [ 77.851716758179805, 19.672271250628501 ], [ 77.849229316184676, 19.663995646244615 ] ] ] } },
{ "type": "Feature", "properties": { }, "geometry": { "type": "Polygon", "coordinates": [ [ [ 77.714611938843888, 19.663995646244615 ], [ 77.717095079538666, 19.672271250628501 ], [ 77.727450593280281, 19.672271250628501 ], [ 77.724967121716247, 19.663995646244615 ], [ 77.714611938843888, 19.663995646244615 ] ] ] } },
{ "type": "Feature", "properties": { }, "geometry": { "type": "Polygon", "coordinates": [ [ [ 77.866668075846817, 19.721928299600112 ], [ 77.869164409536438, 19.730205045619289 ], [ 77.87952224409257, 19.730205045619289 ], [ 77.877025578350967, 19.721928299600112 ], [ 77.866668075846817, 19.721928299600112 ] ] ] } },
{ "type": "Feature", "properties": { }, "geometry": { "type": "Polygon", "coordinates": [ [ [ 77.918455588367522, 19.721928299600112 ], [ 77.908098085863386, 19.721928299600112 ], [ 77.910595747760965, 19.730205045619289 ], [ 77.920953582317097, 19.730205045619289 ], [ 77.918455588367522, 19.721928299600112 ] ] ] } },
{ "type": "Feature", "properties": { }, "geometry": { "type": "Polygon", "coordinates": [ [ [ 77.850945681255979, 19.738481955048986 ], [ 77.840587514478713, 19.738481955048986 ], [ 77.843085394502552, 19.746759027969187 ], [ 77.853443893670132, 19.746759027969187 ], [ 77.850945681255979, 19.738481955048986 ] ] ] } },
{ "type": "Feature", "properties": { }, "geometry": { "type": "Polygon", "coordinates": [ [ [ 78.213169073811926, 19.771591228472989 ], [ 78.20280957645781, 19.771591228472989 ], [ 78.205323869795734, 19.779868956155479 ], [ 78.215683700217355, 19.779868956155479 ], [ 78.213169073811926, 19.771591228472989 ] ] ] } },
{ "type": "Feature", "properties": { }, "geometry": { "type": "Polygon", "coordinates": [ [ [ 78.345042755226316, 19.796424903272705 ], [ 78.334682258161394, 19.796424903272705 ], [ 78.337204391998867, 19.804703122867654 ], [ 78.347565222639673, 19.804703122867654 ], [ 78.345042755226316, 19.796424903272705 ] ] ] } },
{ "type": "Feature", "properties": { }, "geometry": { "type": "Polygon", "coordinates": [ [ [ 78.140348609823732, 19.804703122867654 ], [ 78.12998777918294, 19.804703122867654 ], [ 78.132504520021584, 19.812981506593665 ], [ 78.142865684407795, 19.812981506593665 ], [ 78.140348609823732, 19.804703122867654 ] ] ] } },
{ "type": "Feature", "properties": { }, "geometry": { "type": "Polygon", "coordinates": [ [ [ 78.2022354168855, 19.837817643359596 ], [ 78.191873250245308, 19.837817643359596 ], [ 78.194396780674793, 19.846096684411478 ], [ 78.204759281739044, 19.846096684411478 ], [ 78.2022354168855, 19.837817643359596 ] ] ] } },
{ "type": "Feature", "properties": { }, "geometry": { "type": "Polygon", "coordinates": [ [ [ 77.849921751118856, 19.837817643359596 ], [ 77.839559584478664, 19.837817643359596 ], [ 77.842071744490497, 19.846096684411478 ], [ 77.852434245554747, 19.846096684411478 ], [ 77.849921751118856, 19.837817643359596 ] ] ] } },
{ "type": "Feature", "properties": { }, "geometry": { "type": "Polygon", "coordinates": [ [ [ 78.225484283867502, 19.846096684411478 ], [ 78.21512178280328, 19.846096684411478 ], [ 78.217647263487024, 19.854375889995321 ], [ 78.228010099145095, 19.854375889995321 ], [ 78.225484283867502, 19.846096684411478 ] ] ] } },
{ "type": "Feature", "properties": { }, "geometry": { "type": "Polygon", "coordinates": [ [ [ 78.155470249538666, 19.854375889995321 ], [ 78.145107413880609, 19.854375889995321 ], [ 78.147631832965928, 19.862655260191364 ], [ 78.157995003387612, 19.862655260191364 ], [ 78.155470249538666, 19.854375889995321 ] ] ] } },
{ "type": "Feature", "properties": { }, "geometry": { "type": "Polygon", "coordinates": [ [ [ 78.108212140493279, 19.937177012751924 ], [ 78.09784594954975, 19.937177012751924 ], [ 78.100380837746627, 19.945458033486648 ], [ 78.110747365154452, 19.945458033486648 ], [ 78.108212140493279, 19.937177012751924 ] ] ] } },
{ "type": "Feature", "properties": { }, "geometry": { "type": "Polygon", "coordinates": [ [ [ 77.928772221277441, 20.02827735638833 ], [ 77.918402319852092, 20.02827735638833 ], [ 77.920944574540968, 20.036560202005429 ], [ 77.931314814306546, 20.036560202005429 ], [ 77.928772221277441, 20.02827735638833 ] ] ] } },
{ "type": "Feature", "properties": { }, "geometry": { "type": "Polygon", "coordinates": [ [ [ 78.252645871590985, 20.06969324909787 ], [ 78.242274276755836, 20.06969324909787 ], [ 78.24483312821539, 20.077976927430299 ], [ 78.255205062245295, 20.077976927430299 ], [ 78.252645871590985, 20.06969324909787 ] ] ] } },
{ "type": "Feature", "properties": { }, "geometry": { "type": "Polygon", "coordinates": [ [ [ 78.330371457193237, 20.086260772547849 ], [ 78.319999183797506, 20.086260772547849 ], [ 78.322562993067564, 20.094544784531244 ], [ 78.33293560600022, 20.094544784531244 ], [ 78.330371457193237, 20.086260772547849 ] ] ] } },
{ "type": "Feature", "properties": { }, "geometry": { "type": "Polygon", "coordinates": [ [ [ 77.873991427781235, 20.086260772547849 ], [ 77.863619154385503, 20.086260772547849 ], [ 77.866168024031438, 20.094544784531244 ], [ 77.87654063696408, 20.094544784531244 ], [ 77.873991427781235, 20.086260772547849 ] ] ] } },
{ "type": "Feature", "properties": { }, "geometry": { "type": "Polygon", "coordinates": [ [ [ 77.889043322121708, 20.202252161869108 ], [ 77.878666279618884, 20.202252161869108 ], [ 77.881232482960954, 20.210538518460339 ], [ 77.891609867400831, 20.210538518460339 ], [ 77.889043322121708, 20.202252161869108 ] ] ] } },
{ "type": "Feature", "properties": { }, "geometry": { "type": "Polygon", "coordinates": [ [ [ 78.537907650615381, 20.450916303294484 ], [ 78.540532122034179, 20.459207737563162 ], [ 78.550919844675931, 20.459207737563162 ], [ 78.548295026146164, 20.450916303294484 ], [ 78.537907650615381, 20.450916303294484 ] ] ] } },
{ "type": "Feature", "properties": { }, "geometry": { "type": "Polygon", "coordinates": [ [ [ 78.387336854073254, 20.467499342348805 ], [ 78.389958733008044, 20.47579111773296 ], [ 78.400347150391397, 20.47579111773296 ], [ 78.397724923999178, 20.467499342348805 ], [ 78.387336854073254, 20.467499342348805 ] ] ] } },
{ "type": "Feature", "properties": { }, "geometry": { "type": "Polygon", "coordinates": [ [ [ 78.275686141791226, 20.47579111773296 ], [ 78.265297724407858, 20.47579111773296 ], [ 78.267916739401983, 20.484083063797193 ], [ 78.278305504416039, 20.484083063797193 ], [ 78.275686141791226, 20.47579111773296 ] ] ] } },
{ "type": "Feature", "properties": { }, "geometry": { "type": "Polygon", "coordinates": [ [ [ 78.582210444845572, 20.492375180623096 ], [ 78.571821332027469, 20.492375180623096 ], [ 78.574453050538125, 20.500667468292267 ], [ 78.584842511333662, 20.500667468292267 ], [ 78.582210444845572, 20.492375180623096 ] ] ] } },
{ "type": "Feature", "properties": { }, "geometry": { "type": "Polygon", "coordinates": [ [ [ 78.221313139308847, 20.533838329034474 ], [ 78.210922284868786, 20.533838329034474 ], [ 78.213548006824539, 20.542131472144742 ], [ 78.223939210109677, 20.542131472144742 ], [ 78.221313139308847, 20.533838329034474 ] ] ] } },
{ "type": "Feature", "properties": { }, "geometry": { "type": "Polygon", "coordinates": [ [ [ 78.351759019867828, 20.649957953677536 ], [ 78.341363265775314, 20.649957953677536 ], [ 78.34401048292645, 20.6582535028984 ], [ 78.354406588299781, 20.6582535028984 ], [ 78.351759019867828, 20.649957953677536 ] ] ] } },
{ "type": "Feature", "properties": { }, "geometry": { "type": "Polygon", "coordinates": [ [ [ 78.152386724965723, 20.774409339642911 ], [ 78.141985683332891, 20.774409339642911 ], [ 78.144644506483189, 20.782707484670052 ], [ 78.155045902017065, 20.782707484670052 ], [ 78.152386724965723, 20.774409339642911 ] ] ] } },
{ "type": "Feature", "properties": { }, "geometry": { "type": "Polygon", "coordinates": [ [ [ 78.680801210020078, 20.832500005645631 ], [ 78.670397687401774, 20.832500005645631 ], [ 78.673083126464107, 20.840799368378647 ], [ 78.683487004209979, 20.840799368378647 ], [ 78.680801210020078, 20.832500005645631 ] ] ] } },
{ "type": "Feature", "properties": { }, "geometry": { "type": "Polygon", "coordinates": [ [ [ 78.088348984987306, 20.898899792171868 ], [ 78.077942616434271, 20.898899792171868 ], [ 78.080617642021153, 20.907200551512116 ], [ 78.091024367106399, 20.907200551512116 ], [ 78.088348984987306, 20.898899792171868 ] ] ] } },
{ "type": "Feature", "properties": { }, "geometry": { "type": "Polygon", "coordinates": [ [ [ 78.075877772351163, 20.957008784332988 ], [ 78.065468904379031, 20.957008784332988 ], [ 78.068152097710538, 20.965310770037288 ], [ 78.078561323446564, 20.965310770037288 ], [ 78.075877772351163, 20.957008784332988 ] ] ] } },
{ "type": "Feature", "properties": { }, "geometry": { "type": "Polygon", "coordinates": [ [ [ 78.22195380697822, 20.990217780633202 ], [ 78.211543506893435, 20.990217780633202 ], [ 78.214236646946773, 20.998520468935187 ], [ 78.224647305500326, 20.998520468935187 ], [ 78.22195380697822, 20.990217780633202 ] ] ] } },
{ "type": "Feature", "properties": { }, "geometry": { "type": "Polygon", "coordinates": [ [ [ 78.263595007317306, 20.990217780633202 ], [ 78.253184707232535, 20.990217780633202 ], [ 78.255879281160972, 20.998520468935187 ], [ 78.266289939714511, 20.998520468935187 ], [ 78.263595007317306, 20.990217780633202 ] ] ] } },
{ "type": "Feature", "properties": { }, "geometry": { "type": "Polygon", "coordinates": [ [ [ 78.771429831129012, 21.015126373190622 ], [ 78.761018455108811, 21.015126373190622 ], [ 78.763734238807118, 21.023429589309604 ], [ 78.77414597382527, 21.023429589309604 ], [ 78.771429831129012, 21.015126373190622 ] ] ] } },
{ "type": "Feature", "properties": { }, "geometry": { "type": "Polygon", "coordinates": [ [ [ 78.14982036256805, 21.056644215659521 ], [ 78.139407189792593, 21.056644215659521 ], [ 78.142107700382084, 21.064948313129729 ], [ 78.152521233038485, 21.064948313129729 ], [ 78.14982036256805, 21.056644215659521 ] ] ] } },
{ "type": "Feature", "properties": { }, "geometry": { "type": "Polygon", "coordinates": [ [ [ 78.611665539447827, 21.131387454537212 ], [ 78.601249121376895, 21.131387454537212 ], [ 78.603976763799125, 21.139693143663578 ], [ 78.614393543343482, 21.139693143663578 ], [ 78.611665539447827, 21.131387454537212 ] ] ] } },
{ "type": "Feature", "properties": { }, "geometry": { "type": "Polygon", "coordinates": [ [ [ 78.414228279592152, 21.164611274969616 ], [ 78.403810414564106, 21.164611274969616 ], [ 78.406536163970898, 21.172917673657619 ], [ 78.416954391181463, 21.172917673657619 ], [ 78.414228279592152, 21.164611274969616 ] ] ] } },
{ "type": "Feature", "properties": { }, "geometry": { "type": "Polygon", "coordinates": [ [ [ 78.577590907203131, 21.280917048330334 ], [ 78.588013858947718, 21.280917048330334 ], [ 78.58251872576804, 21.264299799013603 ], [ 78.572096502830632, 21.264299799013603 ], [ 78.577590907203131, 21.280917048330334 ] ] ] } },
{ "type": "Feature", "properties": { }, "geometry": { "type": "Polygon", "coordinates": [ [ [ 78.598436810692291, 21.280917048330334 ], [ 78.588013858947718, 21.280917048330334 ], [ 78.590763439080689, 21.289225940968262 ], [ 78.601186755495917, 21.289225940968262 ], [ 78.598436810692291, 21.280917048330334 ] ] ] } },
{ "type": "Feature", "properties": { }, "geometry": { "type": "Polygon", "coordinates": [ [ [ 78.291227605430919, 21.297535012370442 ], [ 78.28080392416696, 21.297535012370442 ], [ 78.283545239619613, 21.305844262620319 ], [ 78.293969285910464, 21.305844262620319 ], [ 78.291227605430919, 21.297535012370442 ] ] ] } },
{ "type": "Feature", "properties": { }, "geometry": { "type": "Polygon", "coordinates": [ [ [ 78.825595646743579, 21.305844262620319 ], [ 78.815171600452715, 21.305844262620319 ], [ 78.817932879656581, 21.314153691801348 ], [ 78.828357291152514, 21.314153691801348 ], [ 78.825595646743579, 21.305844262620319 ] ] ] } },
{ "type": "Feature", "properties": { }, "geometry": { "type": "Polygon", "coordinates": [ [ [ 78.19246818990014, 21.314153691801348 ], [ 78.182043778404221, 21.314153691801348 ], [ 78.184784116987686, 21.322463299996983 ], [ 78.195208893866962, 21.322463299996983 ], [ 78.19246818990014, 21.314153691801348 ] ] ] } },
{ "type": "Feature", "properties": { }, "geometry": { "type": "Polygon", "coordinates": [ [ [ 78.267770998759971, 21.44712896150633 ], [ 78.25734071970524, 21.44712896150633 ], [ 78.260103605304877, 21.455441445303986 ], [ 78.270534252601976, 21.455441445303986 ], [ 78.267770998759971, 21.44712896150633 ] ] ] } },
{ "type": "Feature", "properties": { }, "geometry": { "type": "Polygon", "coordinates": [ [ [ 78.883157462988819, 21.44712896150633 ], [ 78.872727183934103, 21.44712896150633 ], [ 78.875511795832935, 21.455441445303986 ], [ 78.885942443130034, 21.455441445303986 ], [ 78.883157462988819, 21.44712896150633 ] ] ] } },
{ "type": "Feature", "properties": { }, "geometry": { "type": "Polygon", "coordinates": [ [ [ 78.870653699243661, 21.472066954293037 ], [ 78.860222314924428, 21.472066954293037 ], [ 78.863010253973897, 21.480379979652085 ], [ 78.87344200707301, 21.480379979652085 ], [ 78.870653699243661, 21.472066954293037 ] ] ] } },
{ "type": "Feature", "properties": { }, "geometry": { "type": "Polygon", "coordinates": [ [ [ 78.355290302432579, 21.521947818447849 ], [ 78.365723902121317, 21.521947818447849 ], [ 78.360172039404475, 21.50532014019382 ], [ 78.349739178889834, 21.50532014019382 ], [ 78.355290302432579, 21.521947818447849 ] ] ] } },
{ "type": "Feature", "properties": { }, "geometry": { "type": "Polygon", "coordinates": [ [ [ 79.996923366107353, 19.407532249484643 ], [ 79.999441642898702, 19.41580284500866 ], [ 80.009786977979061, 19.41580284500866 ], [ 80.007268375530231, 19.407532249484643 ], [ 79.996923366107353, 19.407532249484643 ] ] ] } },
{ "type": "Feature", "properties": { }, "geometry": { "type": "Polygon", "coordinates": [ [ [ 80.022652536478176, 19.424073600916181 ], [ 80.020132313059406, 19.41580284500866 ], [ 80.009786977979061, 19.41580284500866 ], [ 80.012306875572861, 19.424073600916181 ], [ 80.022652536478176, 19.424073600916181 ] ] ] } },
{ "type": "Feature", "properties": { }, "geometry": { "type": "Polygon", "coordinates": [ [ [ 80.066558003137658, 19.432344517286548 ], [ 80.056212016239897, 19.432344517286548 ], [ 80.058735809775413, 19.440615594199137 ], [ 80.069082122833194, 19.440615594199137 ], [ 80.066558003137658, 19.432344517286548 ] ] ] } },
{ "type": "Feature", "properties": { }, "geometry": { "type": "Polygon", "coordinates": [ [ [ 79.814012711696705, 19.688822948029323 ], [ 79.803656535710033, 19.688822948029323 ], [ 79.806210085085056, 19.697099041206009 ], [ 79.816566592447586, 19.697099041206009 ], [ 79.814012711696705, 19.688822948029323 ] ] ] } },
{ "type": "Feature", "properties": { }, "geometry": { "type": "Polygon", "coordinates": [ [ [ 79.684482869577877, 19.705375297473417 ], [ 79.674126030670479, 19.705375297473417 ], [ 79.676677872122283, 19.713651716911471 ], [ 79.687035042743517, 19.713651716911471 ], [ 79.684482869577877, 19.705375297473417 ] ] ] } },
{ "type": "Feature", "properties": { }, "geometry": { "type": "Polygon", "coordinates": [ [ [ 79.184609398165051, 19.730205045619289 ], [ 79.174251563608934, 19.730205045619289 ], [ 79.176791028746067, 19.738481955048986 ], [ 79.187149195523332, 19.738481955048986 ], [ 79.184609398165051, 19.730205045619289 ] ] ] } },
{ "type": "Feature", "properties": { }, "geometry": { "type": "Polygon", "coordinates": [ [ [ 79.143178059940539, 19.730205045619289 ], [ 79.132820225384407, 19.730205045619289 ], [ 79.135358361637017, 19.738481955048986 ], [ 79.145716528414283, 19.738481955048986 ], [ 79.143178059940539, 19.730205045619289 ] ] ] } },
{ "type": "Feature", "properties": { }, "geometry": { "type": "Polygon", "coordinates": [ [ [ 79.156074695191535, 19.738481955048986 ], [ 79.158614788786139, 19.746759027969187 ], [ 79.168973287953733, 19.746759027969187 ], [ 79.166432861968801, 19.738481955048986 ], [ 79.156074695191535, 19.738481955048986 ] ] ] } },
{ "type": "Feature", "properties": { }, "geometry": { "type": "Polygon", "coordinates": [ [ [ 79.482139571991951, 19.788146847728683 ], [ 79.484697432367625, 19.796424903272705 ], [ 79.495057929432548, 19.796424903272705 ], [ 79.492499735650497, 19.788146847728683 ], [ 79.482139571991951, 19.788146847728683 ] ] ] } },
{ "type": "Feature", "properties": { }, "geometry": { "type": "Polygon", "coordinates": [ [ [ 78.868147191442958, 19.812981506593665 ], [ 78.86560675467949, 19.804703122867654 ], [ 78.84488509339792, 19.804703122867654 ], [ 78.847424862670536, 19.812981506593665 ], [ 78.868147191442958, 19.812981506593665 ] ] ] } },
{ "type": "Feature", "properties": { }, "geometry": { "type": "Polygon", "coordinates": [ [ [ 78.723090890035934, 19.812981506593665 ], [ 78.712729725649723, 19.812981506593665 ], [ 78.715266444586945, 19.821260054530875 ], [ 78.725627942888167, 19.821260054530875 ], [ 78.723090890035934, 19.812981506593665 ] ] ] } },
{ "type": "Feature", "properties": { }, "geometry": { "type": "Polygon", "coordinates": [ [ [ 79.357559185873868, 19.854375889995321 ], [ 79.34719635021581, 19.854375889995321 ], [ 79.349759601882639, 19.862655260191364 ], [ 79.360122772304337, 19.862655260191364 ], [ 79.357559185873868, 19.854375889995321 ] ] ] } },
{ "type": "Feature", "properties": { }, "geometry": { "type": "Polygon", "coordinates": [ [ [ 78.901433429679741, 19.887494359255296 ], [ 78.891069253947791, 19.887494359255296 ], [ 78.893622615153504, 19.895774388702829 ], [ 78.903987126328801, 19.895774388702829 ], [ 78.901433429679741, 19.887494359255296 ] ] ] } },
{ "type": "Feature", "properties": { }, "geometry": { "type": "Polygon", "coordinates": [ [ [ 79.269157438613576, 19.970302088988124 ], [ 79.258789900790873, 19.970302088988124 ], [ 79.261367346738098, 19.978583772189253 ], [ 79.271735221706606, 19.978583772189253 ], [ 79.269157438613576, 19.970302088988124 ] ] ] } },
{ "type": "Feature", "properties": { }, "geometry": { "type": "Polygon", "coordinates": [ [ [ 79.836796386697543, 19.995147636125413 ], [ 79.826427836925902, 19.995147636125413 ], [ 79.829027427696801, 20.003429817021484 ], [ 79.839396315125882, 20.003429817021484 ], [ 79.836796386697543, 19.995147636125413 ] ] ] } },
{ "type": "Feature", "properties": { }, "geometry": { "type": "Polygon", "coordinates": [ [ [ 79.704600778547913, 20.003429817021484 ], [ 79.707197629069015, 20.011712163976949 ], [ 79.717566854326151, 20.011712163976949 ], [ 79.714969665976994, 20.003429817021484 ], [ 79.704600778547913, 20.003429817021484 ] ] ] } },
{ "type": "Feature", "properties": { }, "geometry": { "type": "Polygon", "coordinates": [ [ [ 78.540596405372426, 20.02827735638833 ], [ 78.543158960475353, 20.036560202005429 ], [ 78.553529200240945, 20.036560202005429 ], [ 78.550966306797761, 20.02827735638833 ], [ 78.540596405372426, 20.02827735638833 ] ] ] } },
{ "type": "Feature", "properties": { }, "geometry": { "type": "Polygon", "coordinates": [ [ [ 79.878313689241097, 20.02827735638833 ], [ 79.867943787815761, 20.02827735638833 ], [ 79.870549650468732, 20.036560202005429 ], [ 79.880919890234324, 20.036560202005429 ], [ 79.878313689241097, 20.02827735638833 ] ] ] } },
{ "type": "Feature", "properties": { }, "geometry": { "type": "Polygon", "coordinates": [ [ [ 78.947598311332712, 20.036560202005429 ], [ 78.937228071567148, 20.036560202005429 ], [ 78.939804783834816, 20.044843214004288 ], [ 78.950175362111437, 20.044843214004288 ], [ 78.947598311332712, 20.036560202005429 ] ] ] } },
{ "type": "Feature", "properties": { }, "geometry": { "type": "Polygon", "coordinates": [ [ [ 78.973495547563004, 20.053126392465536 ], [ 78.963124630604483, 20.053126392465536 ], [ 78.965704622096951, 20.061409737469845 ], [ 78.976075877908301, 20.061409737469845 ], [ 78.973495547563004, 20.053126392465536 ] ] ] } },
{ "type": "Feature", "properties": { }, "geometry": { "type": "Polygon", "coordinates": [ [ [ 79.670950017269291, 20.061409737469845 ], [ 79.660578761457927, 20.061409737469845 ], [ 79.663182769168984, 20.06969324909787 ], [ 79.673554364004133, 20.06969324909787 ], [ 79.670950017269291, 20.061409737469845 ] ] ] } },
{ "type": "Feature", "properties": { }, "geometry": { "type": "Polygon", "coordinates": [ [ [ 79.108291961872794, 20.086260772547849 ], [ 79.097919688477063, 20.086260772547849 ], [ 79.100508963015542, 20.094544784531244 ], [ 79.11088157594817, 20.094544784531244 ], [ 79.108291961872794, 20.086260772547849 ] ] ] } },
{ "type": "Feature", "properties": { }, "geometry": { "type": "Polygon", "coordinates": [ [ [ 79.103099542634297, 20.102828963461224 ], [ 79.092726589993617, 20.102828963461224 ], [ 79.095318135164831, 20.111113309418545 ], [ 79.105691427684761, 20.111113309418545 ], [ 79.103099542634297, 20.102828963461224 ] ] ] } },
{ "type": "Feature", "properties": { }, "geometry": { "type": "Polygon", "coordinates": [ [ [ 79.11606472020469, 20.111113309418545 ], [ 79.105691427684761, 20.111113309418545 ], [ 79.108284618518525, 20.119397822484 ], [ 79.118658251088917, 20.119397822484 ], [ 79.11606472020469, 20.111113309418545 ] ] ] } },
{ "type": "Feature", "properties": { }, "geometry": { "type": "Polygon", "coordinates": [ [ [ 79.168096922660439, 20.243685626423908 ], [ 79.170711739633646, 20.251972824219646 ], [ 79.181090836336509, 20.251972824219646 ], [ 79.178475676566833, 20.243685626423908 ], [ 79.168096922660439, 20.243685626423908 ] ] ] } },
{ "type": "Feature", "properties": { }, "geometry": { "type": "Polygon", "coordinates": [ [ [ 79.648305264916488, 20.285123301054391 ], [ 79.650942110723108, 20.293411342081654 ], [ 79.661322923989374, 20.293411342081654 ], [ 79.658685734525747, 20.285123301054391 ], [ 79.648305264916488, 20.285123301054391 ] ] ] } },
{ "type": "Feature", "properties": { }, "geometry": { "type": "Polygon", "coordinates": [ [ [ 78.68292159125501, 20.285123301054391 ], [ 78.672541121645736, 20.285123301054391 ], [ 78.675145663694209, 20.293411342081654 ], [ 78.685526476960476, 20.293411342081654 ], [ 78.68292159125501, 20.285123301054391 ] ] ] } },
{ "type": "Feature", "properties": { }, "geometry": { "type": "Polygon", "coordinates": [ [ [ 80.005201014521418, 20.459207737563162 ], [ 79.994813291879666, 20.459207737563162 ], [ 79.997487692592344, 20.467499342348805 ], [ 80.007875762518282, 20.467499342348805 ], [ 80.005201014521418, 20.459207737563162 ] ] ] } },
{ "type": "Feature", "properties": { }, "geometry": { "type": "Polygon", "coordinates": [ [ [ 79.997487692592344, 20.467499342348805 ], [ 79.987099622666435, 20.467499342348805 ], [ 79.989775010043687, 20.47579111773296 ], [ 80.000163427427026, 20.47579111773296 ], [ 79.997487692592344, 20.467499342348805 ] ] ] } },
{ "type": "Feature", "properties": { }, "geometry": { "type": "Polygon", "coordinates": [ [ [ 79.376858384426143, 20.47579111773296 ], [ 79.366469967042789, 20.47579111773296 ], [ 79.369125830892003, 20.484083063797193 ], [ 79.379514595906045, 20.484083063797193 ], [ 79.376858384426143, 20.47579111773296 ] ] ] } },
{ "type": "Feature", "properties": { }, "geometry": { "type": "Polygon", "coordinates": [ [ [ 79.919730376637006, 20.484083063797193 ], [ 79.909341611622949, 20.484083063797193 ], [ 79.912016885562679, 20.492375180623096 ], [ 79.922405998380796, 20.492375180623096 ], [ 79.919730376637006, 20.484083063797193 ] ] ] } },
{ "type": "Feature", "properties": { }, "geometry": { "type": "Polygon", "coordinates": [ [ [ 79.382172131839468, 20.492375180623096 ], [ 79.371783019021365, 20.492375180623096 ], [ 79.37444153179419, 20.500667468292267 ], [ 79.384830992589713, 20.500667468292267 ], [ 79.382172131839468, 20.492375180623096 ] ] ] } },
{ "type": "Feature", "properties": { }, "geometry": { "type": "Polygon", "coordinates": [ [ [ 79.856064919135861, 20.60848279189344 ], [ 79.845670918834017, 20.60848279189344 ], [ 79.848362732114765, 20.61677747994732 ], [ 79.858757082826443, 20.61677747994732 ], [ 79.856064919135861, 20.60848279189344 ] ] ] } },
{ "type": "Feature", "properties": { }, "geometry": { "type": "Polygon", "coordinates": [ [ [ 79.513397899507197, 20.641662576853943 ], [ 79.503002496521205, 20.641662576853943 ], [ 79.505687724136862, 20.649957953677536 ], [ 79.516083478229376, 20.649957953677536 ], [ 79.513397899507197, 20.641662576853943 ] ] ] } },
{ "type": "Feature", "properties": { }, "geometry": { "type": "Polygon", "coordinates": [ [ [ 79.875789442331566, 20.732921217295146 ], [ 79.865390167579605, 20.732921217295146 ], [ 79.868101375219794, 20.741218495000325 ], [ 79.878501002998178, 20.741218495000325 ], [ 79.875789442331566, 20.732921217295146 ] ] ] } },
{ "type": "Feature", "properties": { }, "geometry": { "type": "Polygon", "coordinates": [ [ [ 79.408212099729027, 20.766111368244591 ], [ 79.397811411822204, 20.766111368244591 ], [ 79.400511720906053, 20.774409339642911 ], [ 79.410912762538871, 20.774409339642911 ], [ 79.408212099729027, 20.766111368244591 ] ] ] } },
{ "type": "Feature", "properties": { }, "geometry": { "type": "Polygon", "coordinates": [ [ [ 78.867711265417157, 20.799304295939837 ], [ 78.857309161555932, 20.799304295939837 ], [ 78.859996032642542, 20.807602962347037 ], [ 78.870398490930171, 20.807602962347037 ], [ 78.867711265417157, 20.799304295939837 ] ] ] } },
{ "type": "Feature", "properties": { }, "geometry": { "type": "Polygon", "coordinates": [ [ [ 79.305012567118709, 20.832500005645631 ], [ 79.310428107948709, 20.849098905399035 ], [ 79.320832340997512, 20.849098905399035 ], [ 79.315416089737013, 20.832500005645631 ], [ 79.305012567118709, 20.832500005645631 ] ] ] } },
{ "type": "Feature", "properties": { }, "geometry": { "type": "Polygon", "coordinates": [ [ [ 78.8603529258897, 20.840799368378647 ], [ 78.849949048143827, 20.840799368378647 ], [ 78.852641853800051, 20.849098905399035 ], [ 78.863046086848883, 20.849098905399035 ], [ 78.8603529258897, 20.840799368378647 ] ] ] } },
{ "type": "Feature", "properties": { }, "geometry": { "type": "Polygon", "coordinates": [ [ [ 78.829141292652096, 20.840799368378647 ], [ 78.818737414906238, 20.840799368378647 ], [ 78.821429154653558, 20.849098905399035 ], [ 78.831833387702375, 20.849098905399035 ], [ 78.829141292652096, 20.840799368378647 ] ] ] } },
{ "type": "Feature", "properties": { }, "geometry": { "type": "Polygon", "coordinates": [ [ [ 78.842237620751206, 20.849098905399035 ], [ 78.844931400725415, 20.85739861678919 ], [ 78.85533598925268, 20.85739861678919 ], [ 78.852641853800051, 20.849098905399035 ], [ 78.842237620751206, 20.849098905399035 ] ] ] } },
{ "type": "Feature", "properties": { }, "geometry": { "type": "Polygon", "coordinates": [ [ [ 78.896954343361713, 20.85739861678919 ], [ 78.89965123159773, 20.865698502631528 ], [ 78.910056175778934, 20.865698502631528 ], [ 78.907358931888993, 20.85739861678919 ], [ 78.896954343361713, 20.85739861678919 ] ] ] } },
{ "type": "Feature", "properties": { }, "geometry": { "type": "Polygon", "coordinates": [ [ [ 78.738558505913019, 20.882298798002555 ], [ 78.728152849897228, 20.882298798002555 ], [ 78.730847677900371, 20.890599207696177 ], [ 78.741253690096926, 20.890599207696177 ], [ 78.738558505913019, 20.882298798002555 ] ] ] } },
{ "type": "Feature", "properties": { }, "geometry": { "type": "Polygon", "coordinates": [ [ [ 78.884237690134142, 20.882298798002555 ], [ 78.873832034118337, 20.882298798002555 ], [ 78.876531848652121, 20.890599207696177 ], [ 78.886937860848676, 20.890599207696177 ], [ 78.884237690134142, 20.882298798002555 ] ] ] } },
{ "type": "Feature", "properties": { }, "geometry": { "type": "Polygon", "coordinates": [ [ [ 78.75165970229348, 20.890599207696177 ], [ 78.741253690096926, 20.890599207696177 ], [ 78.743950203827396, 20.898899792171868 ], [ 78.754356572380402, 20.898899792171868 ], [ 78.75165970229348, 20.890599207696177 ] ] ] } },
{ "type": "Feature", "properties": { }, "geometry": { "type": "Polygon", "coordinates": [ [ [ 78.876531848652121, 20.890599207696177 ], [ 78.866125836455566, 20.890599207696177 ], [ 78.868826626463601, 20.898899792171868 ], [ 78.879232995016622, 20.898899792171868 ], [ 78.876531848652121, 20.890599207696177 ] ] ] } },
{ "type": "Feature", "properties": { }, "geometry": { "type": "Polygon", "coordinates": [ [ [ 78.858420257910566, 20.898899792171868 ], [ 78.84801388935756, 20.898899792171868 ], [ 78.850715298328652, 20.907200551512116 ], [ 78.861122023413884, 20.907200551512116 ], [ 78.858420257910566, 20.898899792171868 ] ] ] } },
{ "type": "Feature", "properties": { }, "geometry": { "type": "Polygon", "coordinates": [ [ [ 78.983296680546786, 20.898899792171868 ], [ 78.972890311993766, 20.898899792171868 ], [ 78.975595999351484, 20.907200551512116 ], [ 78.98600272443673, 20.907200551512116 ], [ 78.983296680546786, 20.898899792171868 ] ] ] } },
{ "type": "Feature", "properties": { }, "geometry": { "type": "Polygon", "coordinates": [ [ [ 78.902748923754842, 20.907200551512116 ], [ 78.89234219866961, 20.907200551512116 ], [ 78.895046366521399, 20.915501485799489 ], [ 78.90545344831466, 20.915501485799489 ], [ 78.902748923754842, 20.907200551512116 ] ] ] } },
{ "type": "Feature", "properties": { }, "geometry": { "type": "Polygon", "coordinates": [ [ [ 78.958367500390992, 20.981915268104693 ], [ 78.961085112997125, 20.990217780633202 ], [ 78.971495413081897, 20.990217780633202 ], [ 78.968777442183296, 20.981915268104693 ], [ 78.958367500390992, 20.981915268104693 ] ] ] } },
{ "type": "Feature", "properties": { }, "geometry": { "type": "Polygon", "coordinates": [ [ [ 78.932572087141551, 20.998520468935187 ], [ 78.935291298586009, 21.006823333093408 ], [ 78.945702315784658, 21.006823333093408 ], [ 78.942982745695105, 20.998520468935187 ], [ 78.932572087141551, 20.998520468935187 ] ] ] } },
{ "type": "Feature", "properties": { }, "geometry": { "type": "Polygon", "coordinates": [ [ [ 78.922161428588012, 20.998520468935187 ], [ 78.911750770034459, 20.998520468935187 ], [ 78.914469264188668, 21.006823333093408 ], [ 78.924880281387331, 21.006823333093408 ], [ 78.922161428588012, 20.998520468935187 ] ] ] } },
{ "type": "Feature", "properties": { }, "geometry": { "type": "Polygon", "coordinates": [ [ [ 78.938011847452017, 21.015126373190622 ], [ 78.927600471431816, 21.015126373190622 ], [ 78.930321999097544, 21.023429589309604 ], [ 78.940733734115696, 21.023429589309604 ], [ 78.938011847452017, 21.015126373190622 ] ] ] } },
{ "type": "Feature", "properties": { }, "geometry": { "type": "Polygon", "coordinates": [ [ [ 78.813075335209774, 21.015126373190622 ], [ 78.802663959189573, 21.015126373190622 ], [ 78.805381178879742, 21.023429589309604 ], [ 78.815792913897894, 21.023429589309604 ], [ 78.813075335209774, 21.015126373190622 ] ] ] } },
{ "type": "Feature", "properties": { }, "geometry": { "type": "Polygon", "coordinates": [ [ [ 78.888675059024933, 21.023429589309604 ], [ 78.878263324006795, 21.023429589309604 ], [ 78.880984393797775, 21.031732981533153 ], [ 78.891396487990377, 21.031732981533153 ], [ 78.888675059024933, 21.023429589309604 ] ] ] } },
{ "type": "Feature", "properties": { }, "geometry": { "type": "Polygon", "coordinates": [ [ [ 78.992792409206444, 21.023429589309604 ], [ 78.982380674188292, 21.023429589309604 ], [ 78.985105335723873, 21.031732981533153 ], [ 78.99551742991649, 21.031732981533153 ], [ 78.992792409206444, 21.023429589309604 ] ] ] } },
{ "type": "Feature", "properties": { }, "geometry": { "type": "Polygon", "coordinates": [ [ [ 78.878742456850432, 21.056644215659521 ], [ 78.86832928407496, 21.056644215659521 ], [ 78.871054986330279, 21.064948313129729 ], [ 78.881468518986694, 21.064948313129729 ], [ 78.878742456850432, 21.056644215659521 ] ] ] } },
{ "type": "Feature", "properties": { }, "geometry": { "type": "Polygon", "coordinates": [ [ [ 78.943949714925097, 21.064948313129729 ], [ 78.946679276230014, 21.073252587118795 ], [ 78.957093168944112, 21.073252587118795 ], [ 78.954363247581512, 21.064948313129729 ], [ 78.943949714925097, 21.064948313129729 ] ] ] } },
{ "type": "Feature", "properties": { }, "geometry": { "type": "Polygon", "coordinates": [ [ [ 78.975190312894298, 21.064948313129729 ], [ 78.977920954372266, 21.073252587118795 ], [ 78.988334847086364, 21.073252587118795 ], [ 78.985603845550713, 21.064948313129729 ], [ 78.975190312894298, 21.064948313129729 ] ] ] } },
{ "type": "Feature", "properties": { }, "geometry": { "type": "Polygon", "coordinates": [ [ [ 78.977920954372266, 21.073252587118795 ], [ 78.957093168944112, 21.073252587118795 ], [ 78.959824430744334, 21.081557037709615 ], [ 78.980652936641448, 21.081557037709615 ], [ 78.977920954372266, 21.073252587118795 ] ] ] } },
{ "type": "Feature", "properties": { }, "geometry": { "type": "Polygon", "coordinates": [ [ [ 78.999272266693424, 21.106471449922108 ], [ 78.991067189590026, 21.081557037709615 ], [ 78.980652936641448, 21.081557037709615 ], [ 78.988856931980138, 21.106471449922108 ], [ 78.999272266693424, 21.106471449922108 ] ] ] } },
{ "type": "Feature", "properties": { }, "geometry": { "type": "Polygon", "coordinates": [ [ [ 80.001249725601085, 21.081557037709615 ], [ 79.99083547265252, 21.081557037709615 ], [ 79.993603755989582, 21.089861664985143 ], [ 80.004018369349495, 21.089861664985143 ], [ 80.001249725601085, 21.081557037709615 ] ] ] } },
{ "type": "Feature", "properties": { }, "geometry": { "type": "Polygon", "coordinates": [ [ [ 78.959824430744334, 21.081557037709615 ], [ 78.949410177795755, 21.081557037709615 ], [ 78.952142420000456, 21.089861664985143 ], [ 78.962557033360355, 21.089861664985143 ], [ 78.959824430744334, 21.081557037709615 ] ] ] } },
{ "type": "Feature", "properties": { }, "geometry": { "type": "Polygon", "coordinates": [ [ [ 78.931313193280673, 21.089861664985143 ], [ 78.920898579920774, 21.089861664985143 ], [ 78.923631081378119, 21.098166469028314 ], [ 78.93404605532622, 21.098166469028314 ], [ 78.931313193280673, 21.089861664985143 ] ] ] } },
{ "type": "Feature", "properties": { }, "geometry": { "type": "Polygon", "coordinates": [ [ [ 78.975705951118655, 21.098166469028314 ], [ 78.965290977170554, 21.098166469028314 ], [ 78.968026262553607, 21.106471449922108 ], [ 78.978441597266865, 21.106471449922108 ], [ 78.975705951118655, 21.098166469028314 ] ] ] } },
{ "type": "Feature", "properties": { }, "geometry": { "type": "Polygon", "coordinates": [ [ [ 78.913216107430003, 21.098166469028314 ], [ 78.902801133481901, 21.098166469028314 ], [ 78.905534254273974, 21.106471449922108 ], [ 78.915949588987246, 21.106471449922108 ], [ 78.913216107430003, 21.098166469028314 ] ] ] } },
{ "type": "Feature", "properties": { }, "geometry": { "type": "Polygon", "coordinates": [ [ [ 79.040933605546499, 21.106471449922108 ], [ 79.030518270833227, 21.106471449922108 ], [ 79.033257063820969, 21.114776607749519 ], [ 79.043672759476379, 21.114776607749519 ], [ 79.040933605546499, 21.106471449922108 ] ] ] } },
{ "type": "Feature", "properties": { }, "geometry": { "type": "Polygon", "coordinates": [ [ [ 79.00200997685468, 21.114776607749519 ], [ 78.991594281199241, 21.114776607749519 ], [ 78.994332973103354, 21.123081942593537 ], [ 79.004749029877971, 21.123081942593537 ], [ 79.00200997685468, 21.114776607749519 ] ] ] } },
{ "type": "Feature", "properties": { }, "geometry": { "type": "Polygon", "coordinates": [ [ [ 79.07766142730037, 21.123081942593537 ], [ 79.067245370525754, 21.123081942593537 ], [ 79.069987934568417, 21.131387454537212 ], [ 79.080404352639349, 21.131387454537212 ], [ 79.07766142730037, 21.123081942593537 ] ] ] } },
{ "type": "Feature", "properties": { }, "geometry": { "type": "Polygon", "coordinates": [ [ [ 79.072731843295387, 21.139693143663578 ], [ 79.062315063751029, 21.139693143663578 ], [ 79.065059955892025, 21.147999010055706 ], [ 79.075477097087031, 21.147999010055706 ], [ 79.072731843295387, 21.139693143663578 ] ] ] } },
{ "type": "Feature", "properties": { }, "geometry": { "type": "Polygon", "coordinates": [ [ [ 78.895646591041242, 21.139693143663578 ], [ 78.885229811496885, 21.139693143663578 ], [ 78.887968555577118, 21.147999010055706 ], [ 78.89838569677211, 21.147999010055706 ], [ 78.895646591041242, 21.139693143663578 ] ] ] } },
{ "type": "Feature", "properties": { }, "geometry": { "type": "Polygon", "coordinates": [ [ [ 79.046971187255338, 21.156305053796686 ], [ 79.036553684232459, 21.156305053796686 ], [ 79.039300181274868, 21.164611274969616 ], [ 79.049718046302914, 21.164611274969616 ], [ 79.046971187255338, 21.156305053796686 ] ] ] } },
{ "type": "Feature", "properties": { }, "geometry": { "type": "Polygon", "coordinates": [ [ [ 79.659493996892692, 21.181224249943849 ], [ 79.680331176033633, 21.181224249943849 ], [ 79.677559883659498, 21.172917673657619 ], [ 79.656723429238383, 21.172917673657619 ], [ 79.659493996892692, 21.181224249943849 ] ] ] } },
{ "type": "Feature", "properties": { }, "geometry": { "type": "Polygon", "coordinates": [ [ [ 79.031629796604633, 21.172917673657619 ], [ 79.03712879480689, 21.189531003911455 ], [ 79.047547746914717, 21.189531003911455 ], [ 79.052466251025777, 21.172917673657619 ], [ 79.031629796604633, 21.172917673657619 ] ] ] } },
{ "type": "Feature", "properties": { }, "geometry": { "type": "Polygon", "coordinates": [ [ [ 79.06838565113037, 21.189531003911455 ], [ 79.057966699022558, 21.189531003911455 ], [ 79.06071894305974, 21.197837935643641 ], [ 79.07113825788241, 21.197837935643641 ], [ 79.06838565113037, 21.189531003911455 ] ] ] } },
{ "type": "Feature", "properties": { }, "geometry": { "type": "Polygon", "coordinates": [ [ [ 79.094731567443944, 21.206145045223582 ], [ 79.105151245159021, 21.206145045223582 ], [ 79.099642507453879, 21.189531003911455 ], [ 79.089223555346038, 21.189531003911455 ], [ 79.094731567443944, 21.206145045223582 ] ] ] } },
{ "type": "Feature", "properties": { }, "geometry": { "type": "Polygon", "coordinates": [ [ [ 79.050299628237042, 21.197837935643641 ], [ 79.039880313414358, 21.197837935643641 ], [ 79.042633178868513, 21.206145045223582 ], [ 79.053052856583605, 21.206145045223582 ], [ 79.050299628237042, 21.197837935643641 ] ] ] } },
{ "type": "Feature", "properties": { }, "geometry": { "type": "Polygon", "coordinates": [ [ [ 78.9050091157211, 21.231067441882306 ], [ 78.907762281942965, 21.239375263685716 ], [ 78.91818341300413, 21.239375263685716 ], [ 78.915429883179172, 21.231067441882306 ], [ 78.9050091157211, 21.231067441882306 ] ] ] } },
{ "type": "Feature", "properties": { }, "geometry": { "type": "Polygon", "coordinates": [ [ [ 79.103629872638479, 21.264299799013603 ], [ 79.10639498390384, 21.272608334373245 ], [ 79.116817571155835, 21.272608334373245 ], [ 79.114052095575872, 21.264299799013603 ], [ 79.103629872638479, 21.264299799013603 ] ] ] } },
{ "type": "Feature", "properties": { }, "geometry": { "type": "Polygon", "coordinates": [ [ [ 80.556859163428712, 21.339083053766089 ], [ 80.546433655247739, 21.339083053766089 ], [ 80.549260704354325, 21.347393199506602 ], [ 80.559686578453693, 21.347393199506602 ], [ 80.556859163428712, 21.339083053766089 ] ] ] } },
{ "type": "Feature", "properties": { }, "geometry": { "type": "Polygon", "coordinates": [ [ [ 80.388093235662282, 21.3640140291173 ], [ 80.377666629190657, 21.3640140291173 ], [ 80.380491586009271, 21.372324713154637 ], [ 80.390918558934857, 21.372324713154637 ], [ 80.388093235662282, 21.3640140291173 ] ] ] } },
{ "type": "Feature", "properties": { }, "geometry": { "type": "Polygon", "coordinates": [ [ [ 79.765300183400015, 21.372324713154637 ], [ 79.754873210474429, 21.372324713154637 ], [ 79.757677546234859, 21.380635576791448 ], [ 79.768104885792994, 21.380635576791448 ], [ 79.765300183400015, 21.372324713154637 ] ] ] } },
{ "type": "Feature", "properties": { }, "geometry": { "type": "Polygon", "coordinates": [ [ [ 78.941569322279122, 21.372324713154637 ], [ 78.93114234935355, 21.372324713154637 ], [ 78.933917721142038, 21.380635576791448 ], [ 78.944345060700172, 21.380635576791448 ], [ 78.941569322279122, 21.372324713154637 ] ] ] } },
{ "type": "Feature", "properties": { }, "geometry": { "type": "Polygon", "coordinates": [ [ [ 79.314883163405426, 21.397257843198012 ], [ 79.304455090046133, 21.397257843198012 ], [ 79.307247371265333, 21.405569246135077 ], [ 79.317675811793322, 21.405569246135077 ], [ 79.314883163405426, 21.397257843198012 ] ] ] } },
{ "type": "Feature", "properties": { }, "geometry": { "type": "Polygon", "coordinates": [ [ [ 78.981184815908207, 21.397257843198012 ], [ 78.970756742548929, 21.397257843198012 ], [ 78.973537274369846, 21.405569246135077 ], [ 78.98396571489782, 21.405569246135077 ], [ 78.981184815908207, 21.397257843198012 ] ] ] } },
{ "type": "Feature", "properties": { }, "geometry": { "type": "Polygon", "coordinates": [ [ [ 80.204972533065174, 21.438816658061501 ], [ 80.194542622073726, 21.438816658061501 ], [ 80.19737262388432, 21.44712896150633 ], [ 80.207802902939051, 21.44712896150633 ], [ 80.204972533065174, 21.438816658061501 ] ] ] } },
{ "type": "Feature", "properties": { }, "geometry": { "type": "Polygon", "coordinates": [ [ [ 79.835131347164833, 21.455441445303986 ], [ 79.837951208354554, 21.463754109538286 ], [ 79.848382224073134, 21.463754109538286 ], [ 79.845561994461917, 21.455441445303986 ], [ 79.835131347164833, 21.455441445303986 ] ] ] } },
{ "type": "Feature", "properties": { }, "geometry": { "type": "Polygon", "coordinates": [ [ [ 79.325615073484954, 21.521947818447849 ], [ 79.328427054146587, 21.53026192919457 ], [ 79.338861023691663, 21.53026192919457 ], [ 79.336048673173678, 21.521947818447849 ], [ 79.325615073484954, 21.521947818447849 ] ] ] } }
]
}
