{
"type": "FeatureCollection",
"name": "ghs_built_s_res_change_2020_2025",
"crs": { "type": "name", "properties": { "name": "urn:ogc:def:crs:OGC:1.3:CRS84" } },
"features": [
{ "type": "Feature", "properties": { }, "geometry": { "type": "Polygon", "coordinates": [ [ [ 73.478886194729768, 18.102740023533769 ], [ 73.468590564106563, 18.102740023533769 ], [ 73.470729382793763, 18.110986264132293 ], [ 73.481025313143519, 18.110986264132293 ], [ 73.478886194729768, 18.102740023533769 ] ] ] } },
{ "type": "Feature", "properties": { }, "geometry": { "type": "Polygon", "coordinates": [ [ [ 73.364584160615692, 18.374944554063863 ], [ 73.354278553828038, 18.374944554063863 ], [ 73.356449927706876, 18.383195720995662 ], [ 73.366755839552766, 18.383195720995662 ], [ 73.364584160615692, 18.374944554063863 ] ] ] } },
{ "type": "Feature", "properties": { }, "geometry": { "type": "Polygon", "coordinates": [ [ [ 73.181790212732224, 18.424453816116124 ], [ 73.171482773160861, 18.424453816116124 ], [ 73.173655265590554, 18.432705887774002 ], [ 73.183963011194166, 18.432705887774002 ], [ 73.181790212732224, 18.424453816116124 ] ] ] } },
{ "type": "Feature", "properties": { }, "geometry": { "type": "Polygon", "coordinates": [ [ [ 73.660955372094406, 18.482221492660063 ], [ 73.650645786883686, 18.482221492660063 ], [ 73.652840182063898, 18.490474623353808 ], [ 73.663150074445099, 18.490474623353808 ], [ 73.660955372094406, 18.482221492660063 ] ] ] } },
{ "type": "Feature", "properties": { }, "geometry": { "type": "Polygon", "coordinates": [ [ [ 73.587938382485063, 18.556505133045665 ], [ 73.577626026877155, 18.556505133045665 ], [ 73.57982811962583, 18.564759630938632 ], [ 73.590140783870552, 18.564759630938632 ], [ 73.587938382485063, 18.556505133045665 ] ] ] } },
{ "type": "Feature", "properties": { }, "geometry": { "type": "Polygon", "coordinates": [ [ [ 73.555500609043037, 18.589524038722722 ], [ 73.545187017908972, 18.589524038722722 ], [ 73.547392530848953, 18.5977791462781 ], [ 73.557706431272578, 18.5977791462781 ], [ 73.555500609043037, 18.589524038722722 ] ] ] } },
{ "type": "Feature", "properties": { }, "geometry": { "type": "Polygon", "coordinates": [ [ [ 73.732361642807334, 18.672081991051261 ], [ 73.722044951424678, 18.672081991051261 ], [ 73.724266785433272, 18.680338628205071 ], [ 73.734583787740235, 18.680338628205071 ], [ 73.732361642807334, 18.672081991051261 ] ] ] } },
{ "type": "Feature", "properties": { }, "geometry": { "type": "Polygon", "coordinates": [ [ [ 73.652047769284422, 18.680338628205071 ], [ 73.656490590559272, 18.696852362754228 ], [ 73.666808215206004, 18.696852362754228 ], [ 73.662364771591399, 18.680338628205071 ], [ 73.652047769284422, 18.680338628205071 ] ] ] } },
{ "type": "Feature", "properties": { }, "geometry": { "type": "Polygon", "coordinates": [ [ [ 73.677937293615642, 18.738139387505619 ], [ 73.667618110252604, 18.738139387505619 ], [ 73.669847125084772, 18.74639725394438 ], [ 73.68016662068284, 18.74639725394438 ], [ 73.677937293615642, 18.738139387505619 ] ] ] } },
{ "type": "Feature", "properties": { }, "geometry": { "type": "Polygon", "coordinates": [ [ [ 73.705269029677112, 18.762913448934306 ], [ 73.674308667996186, 18.762913448934306 ], [ 73.676541196664743, 18.77117177764152 ], [ 73.707502496527468, 18.77117177764152 ], [ 73.705269029677112, 18.762913448934306 ] ] ] } },
{ "type": "Feature", "properties": { }, "geometry": { "type": "Polygon", "coordinates": [ [ [ 73.619083414494682, 18.787688897870709 ], [ 73.608762355260069, 18.787688897870709 ], [ 73.610996207880675, 18.795947689548829 ], [ 73.621317580335116, 18.795947689548829 ], [ 73.619083414494682, 18.787688897870709 ] ] ] } },
{ "type": "Feature", "properties": { }, "geometry": { "type": "Polygon", "coordinates": [ [ [ 72.900619340179972, 18.994205213631318 ], [ 72.890290401070587, 18.994205213631318 ], [ 72.892529832466437, 19.002467890775772 ], [ 72.902859088915079, 19.002467890775772 ], [ 72.900619340179972, 18.994205213631318 ] ] ] } },
{ "type": "Feature", "properties": { }, "geometry": { "type": "Polygon", "coordinates": [ [ [ 73.138184939696004, 18.994205213631318 ], [ 73.140431987233981, 19.002467890775772 ], [ 73.150761243682624, 19.002467890775772 ], [ 73.148513878805375, 18.994205213631318 ], [ 73.138184939696004, 18.994205213631318 ] ] ] } },
{ "type": "Feature", "properties": { }, "geometry": { "type": "Polygon", "coordinates": [ [ [ 73.367675629104241, 19.002467890775772 ], [ 73.369930832363565, 19.01073072435771 ], [ 73.380260406316793, 19.01073072435771 ], [ 73.378004885552912, 19.002467890775772 ], [ 73.367675629104241, 19.002467890775772 ] ] ] } },
{ "type": "Feature", "properties": { }, "geometry": { "type": "Polygon", "coordinates": [ [ [ 73.010641003369116, 19.018993714455657 ], [ 73.00031111174593, 19.018993714455657 ], [ 73.002557222346383, 19.027256861148128 ], [ 73.012887431804899, 19.027256861148128 ], [ 73.010641003369116, 19.018993714455657 ] ] ] } },
{ "type": "Feature", "properties": { }, "geometry": { "type": "Polygon", "coordinates": [ [ [ 73.0771181943621, 19.035520164513692 ], [ 73.066787666902798, 19.035520164513692 ], [ 73.06903802519966, 19.043783624630908 ], [ 73.079368870825235, 19.043783624630908 ], [ 73.0771181943621, 19.035520164513692 ] ] ] } },
{ "type": "Feature", "properties": { }, "geometry": { "type": "Polygon", "coordinates": [ [ [ 73.042547807099211, 19.060311015434628 ], [ 73.032216324644438, 19.060311015434628 ], [ 73.034468921557817, 19.06857494627835 ], [ 73.044800722675589, 19.06857494627835 ], [ 73.042547807099211, 19.060311015434628 ] ] ] } },
{ "type": "Feature", "properties": { }, "geometry": { "type": "Polygon", "coordinates": [ [ [ 73.137786932735736, 19.06857494627835 ], [ 73.127455131617936, 19.06857494627835 ], [ 73.129711769014861, 19.076839034188158 ], [ 73.14004388896133, 19.076839034188158 ], [ 73.137786932735736, 19.06857494627835 ] ] ] } },
{ "type": "Feature", "properties": { }, "geometry": { "type": "Polygon", "coordinates": [ [ [ 73.317953480162942, 19.085103279242684 ], [ 73.30762104122212, 19.085103279242684 ], [ 73.30988545027374, 19.093367681520611 ], [ 73.320218208374683, 19.093367681520611 ], [ 73.317953480162942, 19.085103279242684 ] ] ] } },
{ "type": "Feature", "properties": { }, "geometry": { "type": "Polygon", "coordinates": [ [ [ 73.027341671912808, 19.118161832481615 ], [ 73.017007955336666, 19.118161832481615 ], [ 73.019267796255377, 19.12642686444007 ], [ 73.029601832655032, 19.12642686444007 ], [ 73.027341671912808, 19.118161832481615 ] ] ] } },
{ "type": "Feature", "properties": { }, "geometry": { "type": "Polygon", "coordinates": [ [ [ 72.858436171566197, 19.14295740128663 ], [ 72.860694406129213, 19.151222906332265 ], [ 72.871029402995305, 19.151222906332265 ], [ 72.868770848110771, 19.14295740128663 ], [ 72.858436171566197, 19.14295740128663 ] ] ] } },
{ "type": "Feature", "properties": { }, "geometry": { "type": "Polygon", "coordinates": [ [ [ 72.871029402995305, 19.151222906332265 ], [ 72.873289128920177, 19.159488569231204 ], [ 72.883624446273842, 19.159488569231204 ], [ 72.881364399861383, 19.151222906332265 ], [ 72.871029402995305, 19.151222906332265 ] ] ] } },
{ "type": "Feature", "properties": { }, "geometry": { "type": "Polygon", "coordinates": [ [ [ 72.966306985103117, 19.159488569231204 ], [ 72.968570768252562, 19.167754390062253 ], [ 72.978906406259938, 19.167754390062253 ], [ 72.976642302456781, 19.159488569231204 ], [ 72.966306985103117, 19.159488569231204 ] ] ] } },
{ "type": "Feature", "properties": { }, "geometry": { "type": "Polygon", "coordinates": [ [ [ 73.113269700355787, 19.167754390062253 ], [ 73.10293406234841, 19.167754390062253 ], [ 73.105203189293988, 19.176020368904233 ], [ 73.115539148121243, 19.176020368904233 ], [ 73.113269700355787, 19.167754390062253 ] ] ] } },
{ "type": "Feature", "properties": { }, "geometry": { "type": "Polygon", "coordinates": [ [ [ 72.981171683366924, 19.176020368904233 ], [ 72.970835724539668, 19.176020368904233 ], [ 72.973101854266019, 19.184286505835999 ], [ 72.983438134079378, 19.184286505835999 ], [ 72.981171683366924, 19.176020368904233 ] ] ] } },
{ "type": "Feature", "properties": { }, "geometry": { "type": "Polygon", "coordinates": [ [ [ 72.946626868390766, 19.200819254284337 ], [ 72.936289946106427, 19.200819254284337 ], [ 72.938558312022082, 19.209085865958688 ], [ 72.948895555791424, 19.209085865958688 ], [ 72.946626868390766, 19.200819254284337 ] ] ] } },
{ "type": "Feature", "properties": { }, "geometry": { "type": "Polygon", "coordinates": [ [ [ 73.048752547099099, 19.233886651729414 ], [ 73.038414337876333, 19.233886651729414 ], [ 73.040690300892734, 19.242153897498699 ], [ 73.051028832266269, 19.242153897498699 ], [ 73.048752547099099, 19.233886651729414 ] ] ] } },
{ "type": "Feature", "properties": { }, "geometry": { "type": "Polygon", "coordinates": [ [ [ 73.407116923423089, 19.258688865279687 ], [ 73.396777747248308, 19.258688865279687 ], [ 73.399068211371301, 19.266956587449382 ], [ 73.409407710196646, 19.266956587449382 ], [ 73.407116923423089, 19.258688865279687 ] ] ] } },
{ "type": "Feature", "properties": { }, "geometry": { "type": "Polygon", "coordinates": [ [ [ 73.378389213720553, 19.266956587449382 ], [ 73.368049714895193, 19.266956587449382 ], [ 73.370340393837267, 19.27522446857725 ], [ 73.380680215479885, 19.27522446857725 ], [ 73.378389213720553, 19.266956587449382 ] ] ] } },
{ "type": "Feature", "properties": { }, "geometry": { "type": "Polygon", "coordinates": [ [ [ 72.887704744456784, 19.324835097893597 ], [ 72.877362982407888, 19.324835097893597 ], [ 72.879646074036714, 19.333104093942801 ], [ 72.889988160070871, 19.333104093942801 ], [ 72.887704744456784, 19.324835097893597 ] ] ] } },
{ "type": "Feature", "properties": { }, "geometry": { "type": "Polygon", "coordinates": [ [ [ 73.142784151354647, 19.349642564893333 ], [ 73.145078887171508, 19.357912039953035 ], [ 73.155421946163742, 19.357912039953035 ], [ 73.153126885860416, 19.349642564893333 ], [ 73.142784151354647, 19.349642564893333 ] ] ] } },
{ "type": "Feature", "properties": { }, "geometry": { "type": "Polygon", "coordinates": [ [ [ 73.197949040106408, 19.399261814264808 ], [ 73.200252175282102, 19.407532249484643 ], [ 73.210597184704966, 19.407532249484643 ], [ 73.208293724039208, 19.399261814264808 ], [ 73.197949040106408, 19.399261814264808 ] ] ] } },
{ "type": "Feature", "properties": { }, "geometry": { "type": "Polygon", "coordinates": [ [ [ 73.011027178816832, 19.655720204631937 ], [ 73.000672326644931, 19.655720204631937 ], [ 73.003003731915882, 19.663995646244615 ], [ 73.013358914788256, 19.663995646244615 ], [ 73.011027178816832, 19.655720204631937 ] ] ] } },
{ "type": "Feature", "properties": { }, "geometry": { "type": "Polygon", "coordinates": [ [ [ 73.044424463405349, 19.663995646244615 ], [ 73.034069280532989, 19.663995646244615 ], [ 73.036402868323108, 19.672271250628501 ], [ 73.046758382064752, 19.672271250628501 ], [ 73.044424463405349, 19.663995646244615 ] ] ] } },
{ "type": "Feature", "properties": { }, "geometry": { "type": "Polygon", "coordinates": [ [ [ 73.661522059167467, 19.721928299600112 ], [ 73.651164556663332, 19.721928299600112 ], [ 73.653525745191175, 19.730205045619289 ], [ 73.663883579747292, 19.730205045619289 ], [ 73.661522059167467, 19.721928299600112 ] ] ] } },
{ "type": "Feature", "properties": { }, "geometry": { "type": "Polygon", "coordinates": [ [ [ 73.075830796936202, 19.738481955048986 ], [ 73.065472630158936, 19.738481955048986 ], [ 73.06781727824476, 19.746759027969187 ], [ 73.078175777412355, 19.746759027969187 ], [ 73.075830796936202, 19.738481955048986 ] ] ] } },
{ "type": "Feature", "properties": { }, "geometry": { "type": "Polygon", "coordinates": [ [ [ 73.988872888194848, 19.779868956155479 ], [ 73.978513057773228, 19.779868956155479 ], [ 73.980892669304509, 19.788146847728683 ], [ 73.991252832963056, 19.788146847728683 ], [ 73.988872888194848, 19.779868956155479 ] ] ] } },
{ "type": "Feature", "properties": { }, "geometry": { "type": "Polygon", "coordinates": [ [ [ 73.984028380163991, 19.870934795079865 ], [ 73.97366487480879, 19.870934795079865 ], [ 73.976056809363186, 19.879214494741085 ], [ 73.986420649821767, 19.879214494741085 ], [ 73.984028380163991, 19.870934795079865 ] ] ] } },
{ "type": "Feature", "properties": { }, "geometry": { "type": "Polygon", "coordinates": [ [ [ 73.736872299992754, 19.912334942719113 ], [ 73.72650711742061, 19.912334942719113 ], [ 73.728896721824185, 19.920615467448556 ], [ 73.739262240349944, 19.920615467448556 ], [ 73.736872299992754, 19.912334942719113 ] ] ] } },
{ "type": "Feature", "properties": { }, "geometry": { "type": "Polygon", "coordinates": [ [ [ 73.819793760569937, 19.912334942719113 ], [ 73.822186388555949, 19.920615467448556 ], [ 73.832551907081694, 19.920615467448556 ], [ 73.830158943142067, 19.912334942719113 ], [ 73.819793760569937, 19.912334942719113 ] ] ] } },
{ "type": "Feature", "properties": { }, "geometry": { "type": "Polygon", "coordinates": [ [ [ 74.021531466869462, 19.9288961574327 ], [ 74.023932908737791, 19.937177012751924 ], [ 74.034299099681334, 19.937177012751924 ], [ 74.031897321518997, 19.9288961574327 ], [ 74.021531466869462, 19.9288961574327 ] ] ] } },
{ "type": "Feature", "properties": { }, "geometry": { "type": "Polygon", "coordinates": [ [ [ 73.7751443260928, 19.937177012751924 ], [ 73.764778135149257, 19.937177012751924 ], [ 73.767172381279451, 19.945458033486648 ], [ 73.777538908687276, 19.945458033486648 ], [ 73.7751443260928, 19.937177012751924 ] ] ] } },
{ "type": "Feature", "properties": { }, "geometry": { "type": "Polygon", "coordinates": [ [ [ 73.90433707189662, 19.953739219717288 ], [ 73.893970207854224, 19.953739219717288 ], [ 73.8963709198392, 19.962020571524292 ], [ 73.906738120686541, 19.962020571524292 ], [ 73.90433707189662, 19.953739219717288 ] ] ] } },
{ "type": "Feature", "properties": { }, "geometry": { "type": "Polygon", "coordinates": [ [ [ 73.956171392108658, 19.953739219717288 ], [ 73.945804528066247, 19.953739219717288 ], [ 73.948206924075961, 19.962020571524292 ], [ 73.958574124923317, 19.962020571524292 ], [ 73.956171392108658, 19.953739219717288 ] ] ] } },
{ "type": "Feature", "properties": { }, "geometry": { "type": "Polygon", "coordinates": [ [ [ 73.730495706281559, 19.962020571524292 ], [ 73.720128505434232, 19.962020571524292 ], [ 73.72252470346686, 19.970302088988124 ], [ 73.732892241289548, 19.970302088988124 ], [ 73.730495706281559, 19.962020571524292 ] ] ] } },
{ "type": "Feature", "properties": { }, "geometry": { "type": "Polygon", "coordinates": [ [ [ 73.792698911365676, 19.962020571524292 ], [ 73.782331710518335, 19.962020571524292 ], [ 73.784729930403088, 19.970302088988124 ], [ 73.795097468225777, 19.970302088988124 ], [ 73.792698911365676, 19.962020571524292 ] ] ] } },
{ "type": "Feature", "properties": { }, "geometry": { "type": "Polygon", "coordinates": [ [ [ 73.776761488397966, 19.978583772189253 ], [ 73.766393613429457, 19.978583772189253 ], [ 73.768793585163522, 19.986865621208175 ], [ 73.779161797448339, 19.986865621208175 ], [ 73.776761488397966, 19.978583772189253 ] ] ] } },
{ "type": "Feature", "properties": { }, "geometry": { "type": "Polygon", "coordinates": [ [ [ 73.828600863240496, 19.978583772189253 ], [ 73.818232988272001, 19.978583772189253 ], [ 73.82063464658755, 19.986865621208175 ], [ 73.831002858872353, 19.986865621208175 ], [ 73.828600863240496, 19.978583772189253 ] ] ] } },
{ "type": "Feature", "properties": { }, "geometry": { "type": "Polygon", "coordinates": [ [ [ 72.721604144398142, 19.986865621208175 ], [ 72.723971243348345, 19.995147636125413 ], [ 72.734339793119986, 19.995147636125413 ], [ 72.731972356682945, 19.986865621208175 ], [ 72.721604144398142, 19.986865621208175 ] ] ] } },
{ "type": "Feature", "properties": { }, "geometry": { "type": "Polygon", "coordinates": [ [ [ 73.838216133530764, 20.011712163976949 ], [ 73.840622988756081, 20.019994677072379 ], [ 73.850992552011974, 20.019994677072379 ], [ 73.848585358787886, 20.011712163976949 ], [ 73.838216133530764, 20.011712163976949 ] ] ] } },
{ "type": "Feature", "properties": { }, "geometry": { "type": "Polygon", "coordinates": [ [ [ 73.807108457759341, 20.011712163976949 ], [ 73.796739232502219, 20.011712163976949 ], [ 73.799144735732597, 20.019994677072379 ], [ 73.809514298988461, 20.019994677072379 ], [ 73.807108457759341, 20.011712163976949 ] ] ] } },
{ "type": "Feature", "properties": { }, "geometry": { "type": "Polygon", "coordinates": [ [ [ 73.776000781987946, 20.011712163976949 ], [ 73.76563155673081, 20.011712163976949 ], [ 73.768036045964962, 20.019994677072379 ], [ 73.77840560922084, 20.019994677072379 ], [ 73.776000781987946, 20.011712163976949 ] ] ] } },
{ "type": "Feature", "properties": { }, "geometry": { "type": "Polygon", "coordinates": [ [ [ 73.819883862244339, 20.019994677072379 ], [ 73.809514298988461, 20.019994677072379 ], [ 73.811921355417979, 20.02827735638833 ], [ 73.822291256843329, 20.02827735638833 ], [ 73.819883862244339, 20.019994677072379 ] ] ] } },
{ "type": "Feature", "properties": { }, "geometry": { "type": "Polygon", "coordinates": [ [ [ 73.957099975372742, 20.02827735638833 ], [ 73.946730073947393, 20.02827735638833 ], [ 73.949142744326409, 20.036560202005429 ], [ 73.959512984091972, 20.036560202005429 ], [ 73.957099975372742, 20.02827735638833 ] ] ] } },
{ "type": "Feature", "properties": { }, "geometry": { "type": "Polygon", "coordinates": [ [ [ 73.700256989952649, 20.036560202005429 ], [ 73.689886750187071, 20.036560202005429 ], [ 73.692292175863031, 20.044843214004288 ], [ 73.702662754139652, 20.044843214004288 ], [ 73.700256989952649, 20.036560202005429 ] ] ] } },
{ "type": "Feature", "properties": { }, "geometry": { "type": "Polygon", "coordinates": [ [ [ 73.705069732626242, 20.053126392465536 ], [ 73.694698815667692, 20.053126392465536 ], [ 73.697106669927194, 20.061409737469845 ], [ 73.707477925738544, 20.061409737469845 ], [ 73.705069732626242, 20.053126392465536 ] ] ] } },
{ "type": "Feature", "properties": { }, "geometry": { "type": "Polygon", "coordinates": [ [ [ 73.759334204795337, 20.061409737469845 ], [ 73.756924317418921, 20.053126392465536 ], [ 73.73618248350185, 20.053126392465536 ], [ 73.738591693172637, 20.061409737469845 ], [ 73.759334204795337, 20.061409737469845 ] ] ] } },
{ "type": "Feature", "properties": { }, "geometry": { "type": "Polygon", "coordinates": [ [ [ 73.79044797222943, 20.061409737469845 ], [ 73.79286009248402, 20.06969324909787 ], [ 73.803231687319141, 20.06969324909787 ], [ 73.80081922804078, 20.061409737469845 ], [ 73.79044797222943, 20.061409737469845 ] ] ] } },
{ "type": "Feature", "properties": { }, "geometry": { "type": "Polygon", "coordinates": [ [ [ 73.924575109628435, 20.094544784531244 ], [ 73.914202496695779, 20.094544784531244 ], [ 73.916623222289545, 20.102828963461224 ], [ 73.926996174930238, 20.102828963461224 ], [ 73.924575109628435, 20.094544784531244 ] ] ] } },
{ "type": "Feature", "properties": { }, "geometry": { "type": "Polygon", "coordinates": [ [ [ 73.828105640191268, 20.119397822484 ], [ 73.817732007620876, 20.119397822484 ], [ 73.820152991502283, 20.127682502738367 ], [ 73.830526964294407, 20.127682502738367 ], [ 73.828105640191268, 20.119397822484 ] ] ] } },
{ "type": "Feature", "properties": { }, "geometry": { "type": "Polygon", "coordinates": [ [ [ 73.876871885680487, 20.144252365137124 ], [ 73.887246539430109, 20.144252365137124 ], [ 73.88239682825504, 20.127682502738367 ], [ 73.872022855462916, 20.127682502738367 ], [ 73.876871885680487, 20.144252365137124 ] ] ] } },
{ "type": "Feature", "properties": { }, "geometry": { "type": "Polygon", "coordinates": [ [ [ 73.793200436787117, 20.177394099758658 ], [ 73.782824419065179, 20.177394099758658 ], [ 73.785252236538483, 20.18567995259923 ], [ 73.795628595682388, 20.18567995259923 ], [ 73.793200436787117, 20.177394099758658 ] ] ] } },
{ "type": "Feature", "properties": { }, "geometry": { "type": "Polygon", "coordinates": [ [ [ 73.794975715339902, 20.218825043130419 ], [ 73.784597988791177, 20.218825043130419 ], [ 73.787031570090022, 20.227111735960342 ], [ 73.797409638919419, 20.227111735960342 ], [ 73.794975715339902, 20.218825043130419 ] ] ] } },
{ "type": "Feature", "properties": { }, "geometry": { "type": "Polygon", "coordinates": [ [ [ 73.849299983066373, 20.227111735960342 ], [ 73.838921914236977, 20.227111735960342 ], [ 73.841358429839943, 20.235398597031164 ], [ 73.851736841121877, 20.235398597031164 ], [ 73.849299983066373, 20.227111735960342 ] ] ] } },
{ "type": "Feature", "properties": { }, "geometry": { "type": "Polygon", "coordinates": [ [ [ 73.898130614588226, 20.251972824219646 ], [ 73.900572515725074, 20.260260190499451 ], [ 73.910951955396385, 20.260260190499451 ], [ 73.908509711291089, 20.251972824219646 ], [ 73.898130614588226, 20.251972824219646 ] ] ] } },
{ "type": "Feature", "properties": { }, "geometry": { "type": "Polygon", "coordinates": [ [ [ 73.838295877697263, 20.260260190499451 ], [ 73.840736945078945, 20.26854772534443 ], [ 73.851116727890769, 20.26854772534443 ], [ 73.84867531736856, 20.260260190499451 ], [ 73.838295877697263, 20.260260190499451 ] ] ] } },
{ "type": "Feature", "properties": { }, "geometry": { "type": "Polygon", "coordinates": [ [ [ 73.861496510702608, 20.26854772534443 ], [ 73.851116727890769, 20.26854772534443 ], [ 73.853559362972945, 20.276835428835696 ], [ 73.863939489097419, 20.276835428835696 ], [ 73.861496510702608, 20.26854772534443 ] ] ] } },
{ "type": "Feature", "properties": { }, "geometry": { "type": "Polygon", "coordinates": [ [ [ 73.832799110723997, 20.276835428835696 ], [ 73.822418984599537, 20.276835428835696 ], [ 73.824861814119757, 20.285123301054391 ], [ 73.835242283729031, 20.285123301054391 ], [ 73.832799110723997, 20.276835428835696 ] ] ] } },
{ "type": "Feature", "properties": { }, "geometry": { "type": "Polygon", "coordinates": [ [ [ 73.938463835325166, 20.318276478826718 ], [ 73.928081990054196, 20.318276478826718 ], [ 73.930534045564144, 20.326565195900184 ], [ 73.940916235181419, 20.326565195900184 ], [ 73.938463835325166, 20.318276478826718 ] ] ] } },
{ "type": "Feature", "properties": { }, "geometry": { "type": "Polygon", "coordinates": [ [ [ 73.919587412762027, 20.359721757152844 ], [ 73.898820275307429, 20.359721757152844 ], [ 73.90127709296128, 20.368011321112149 ], [ 73.922044920833798, 20.368011321112149 ], [ 73.919587412762027, 20.359721757152844 ] ] ] } },
{ "type": "Feature", "properties": { }, "geometry": { "type": "Polygon", "coordinates": [ [ [ 73.972909312289516, 20.434333945981873 ], [ 73.962522630461308, 20.434333945981873 ], [ 73.964991907454362, 20.442625039461216 ], [ 73.975378936047292, 20.442625039461216 ], [ 73.972909312289516, 20.434333945981873 ] ] ] } },
{ "type": "Feature", "properties": { }, "geometry": { "type": "Polygon", "coordinates": [ [ [ 74.195984678752609, 20.450916303294484 ], [ 74.185597303221826, 20.450916303294484 ], [ 74.188076335139456, 20.459207737563162 ], [ 74.198464057781209, 20.459207737563162 ], [ 74.195984678752609, 20.450916303294484 ] ] ] } },
{ "type": "Feature", "properties": { }, "geometry": { "type": "Polygon", "coordinates": [ [ [ 73.836372565604577, 20.533838329034474 ], [ 73.82598171116453, 20.533838329034474 ], [ 73.828460220500844, 20.542131472144742 ], [ 73.838851423785954, 20.542131472144742 ], [ 73.836372565604577, 20.533838329034474 ] ] ] } },
{ "type": "Feature", "properties": { }, "geometry": { "type": "Polygon", "coordinates": [ [ [ 73.890807440211617, 20.542131472144742 ], [ 73.893289277574979, 20.550424786588302 ], [ 73.903680829878837, 20.550424786588302 ], [ 73.901198643496713, 20.542131472144742 ], [ 73.890807440211617, 20.542131472144742 ] ] ] } },
{ "type": "Feature", "properties": { }, "geometry": { "type": "Polygon", "coordinates": [ [ [ 74.059554114436864, 20.550424786588302 ], [ 74.062042774176007, 20.5587182724469 ], [ 74.072434675672341, 20.5587182724469 ], [ 74.06994566674075, 20.550424786588302 ], [ 74.059554114436864, 20.550424786588302 ] ] ] } },
{ "type": "Feature", "properties": { }, "geometry": { "type": "Polygon", "coordinates": [ [ [ 73.874988547242111, 20.5587182724469 ], [ 73.864596645745792, 20.5587182724469 ], [ 73.867079905943314, 20.567011929802273 ], [ 73.877472156805879, 20.567011929802273 ], [ 73.874988547242111, 20.5587182724469 ] ] ] } },
{ "type": "Feature", "properties": { }, "geometry": { "type": "Polygon", "coordinates": [ [ [ 73.981394665431409, 20.567011929802273 ], [ 73.971002414568844, 20.567011929802273 ], [ 73.973490405621959, 20.575305758736189 ], [ 73.983883006024556, 20.575305758736189 ], [ 73.981394665431409, 20.567011929802273 ] ] ] } },
{ "type": "Feature", "properties": { }, "geometry": { "type": "Polygon", "coordinates": [ [ [ 73.939825661981203, 20.567011929802273 ], [ 73.929433411118637, 20.567011929802273 ], [ 73.931920004011587, 20.575305758736189 ], [ 73.942312604414184, 20.575305758736189 ], [ 73.939825661981203, 20.567011929802273 ] ] ] } },
{ "type": "Feature", "properties": { }, "geometry": { "type": "Polygon", "coordinates": [ [ [ 74.217516000770615, 20.591893931666856 ], [ 74.20712270076632, 20.591893931666856 ], [ 74.209622106803977, 20.600188275827232 ], [ 74.22001575687004, 20.600188275827232 ], [ 74.217516000770615, 20.591893931666856 ] ] ] } },
{ "type": "Feature", "properties": { }, "geometry": { "type": "Polygon", "coordinates": [ [ [ 74.245856421186019, 20.890599207696177 ], [ 74.235450408989479, 20.890599207696177 ], [ 74.237992620370861, 20.898899792171868 ], [ 74.248398988923867, 20.898899792171868 ], [ 74.245856421186019, 20.890599207696177 ] ] ] } },
{ "type": "Feature", "properties": { }, "geometry": { "type": "Polygon", "coordinates": [ [ [ 74.279618094582929, 20.898899792171868 ], [ 74.269211726029909, 20.898899792171868 ], [ 74.271756260824588, 20.907200551512116 ], [ 74.282162985909821, 20.907200551512116 ], [ 74.279618094582929, 20.898899792171868 ] ] ] } },
{ "type": "Feature", "properties": { }, "geometry": { "type": "Polygon", "coordinates": [ [ [ 74.203997024109839, 20.923802595116516 ], [ 74.193589585432719, 20.923802595116516 ], [ 74.196135028887724, 20.932103879545785 ], [ 74.206542824624634, 20.932103879545785 ], [ 74.203997024109839, 20.923802595116516 ] ] ] } },
{ "type": "Feature", "properties": { }, "geometry": { "type": "Polygon", "coordinates": [ [ [ 74.201229679174119, 20.948706974071399 ], [ 74.211638189558499, 20.948706974071399 ], [ 74.209089879656972, 20.940405339169878 ], [ 74.198681726684327, 20.940405339169878 ], [ 74.201229679174119, 20.948706974071399 ] ] ] } },
{ "type": "Feature", "properties": { }, "geometry": { "type": "Polygon", "coordinates": [ [ [ 74.222046699942894, 20.948706974071399 ], [ 74.211638189558499, 20.948706974071399 ], [ 74.214187754680978, 20.957008784332988 ], [ 74.224596622653138, 20.957008784332988 ], [ 74.222046699942894, 20.948706974071399 ] ] ] } },
{ "type": "Feature", "properties": { }, "geometry": { "type": "Polygon", "coordinates": [ [ [ 74.276450074849123, 20.990217780633202 ], [ 74.266039774764366, 20.990217780633202 ], [ 74.268597055152298, 20.998520468935187 ], [ 74.279007713705823, 20.998520468935187 ], [ 74.276450074849123, 20.990217780633202 ] ] ] } },
{ "type": "Feature", "properties": { }, "geometry": { "type": "Polygon", "coordinates": [ [ [ 74.343617649861031, 21.106471449922108 ], [ 74.333202315147759, 21.106471449922108 ], [ 74.335778323222996, 21.114776607749519 ], [ 74.346194018878435, 21.114776607749519 ], [ 74.343617649861031, 21.106471449922108 ] ] ] } },
{ "type": "Feature", "properties": { }, "geometry": { "type": "Polygon", "coordinates": [ [ [ 74.374863654000848, 21.106471449922108 ], [ 74.36444831928759, 21.106471449922108 ], [ 74.367025410189285, 21.114776607749519 ], [ 74.37744110584471, 21.114776607749519 ], [ 74.374863654000848, 21.106471449922108 ] ] ] } },
{ "type": "Feature", "properties": { }, "geometry": { "type": "Polygon", "coordinates": [ [ [ 74.426848166510069, 21.139693143663578 ], [ 74.416431386965712, 21.139693143663578 ], [ 74.419014982924296, 21.147999010055706 ], [ 74.429432124119288, 21.147999010055706 ], [ 74.426848166510069, 21.139693143663578 ] ] ] } },
{ "type": "Feature", "properties": { }, "geometry": { "type": "Polygon", "coordinates": [ [ [ 74.270420785359278, 21.206145045223582 ], [ 74.260001107644186, 21.206145045223582 ], [ 74.262588671199012, 21.21445233273451 ], [ 74.273008711984076, 21.21445233273451 ], [ 74.270420785359278, 21.206145045223582 ] ] ] } },
{ "type": "Feature", "properties": { }, "geometry": { "type": "Polygon", "coordinates": [ [ [ 74.44489621961678, 21.264299799013603 ], [ 74.434473996679358, 21.264299799013603 ], [ 74.437075895010864, 21.272608334373245 ], [ 74.447498482262858, 21.272608334373245 ], [ 74.44489621961678, 21.264299799013603 ] ] ] } },
{ "type": "Feature", "properties": { }, "geometry": { "type": "Polygon", "coordinates": [ [ [ 74.377141354137962, 21.280917048330334 ], [ 74.366718402393388, 21.280917048330334 ], [ 74.369320290918537, 21.289225940968262 ], [ 74.379743607333765, 21.289225940968262 ], [ 74.377141354137962, 21.280917048330334 ] ] ] } },
{ "type": "Feature", "properties": { }, "geometry": { "type": "Polygon", "coordinates": [ [ [ 74.095721657034346, 21.280917048330334 ], [ 74.09831406412296, 21.289225940968262 ], [ 74.108737380538173, 21.289225940968262 ], [ 74.106144608778948, 21.280917048330334 ], [ 74.095721657034346, 21.280917048330334 ] ] ] } },
{ "type": "Feature", "properties": { }, "geometry": { "type": "Polygon", "coordinates": [ [ [ 74.463130138655487, 21.289225940968262 ], [ 74.465736581559852, 21.297535012370442 ], [ 74.476160262823811, 21.297535012370442 ], [ 74.473553455070714, 21.289225940968262 ], [ 74.463130138655487, 21.289225940968262 ] ] ] } },
{ "type": "Feature", "properties": { }, "geometry": { "type": "Polygon", "coordinates": [ [ [ 74.304213232121782, 21.413880829006239 ], [ 74.293784424246283, 21.413880829006239 ], [ 74.296402645417515, 21.422192591895211 ], [ 74.306831820819383, 21.422192591895211 ], [ 74.304213232121782, 21.413880829006239 ] ] ] } },
{ "type": "Feature", "properties": { }, "geometry": { "type": "Polygon", "coordinates": [ [ [ 74.333087880753695, 21.50532014019382 ], [ 74.322655020239054, 21.50532014019382 ], [ 74.325287282095758, 21.513633888808922 ], [ 74.335720512107699, 21.513633888808922 ], [ 74.333087880753695, 21.50532014019382 ] ] ] } },
{ "type": "Feature", "properties": { }, "geometry": { "type": "Polygon", "coordinates": [ [ [ 74.356586972131609, 21.513633888808922 ], [ 74.346153742119654, 21.513633888808922 ], [ 74.348788021958256, 21.521947818447849 ], [ 74.359221621646995, 21.521947818447849 ], [ 74.356586972131609, 21.513633888808922 ] ] ] } },
{ "type": "Feature", "properties": { }, "geometry": { "type": "Polygon", "coordinates": [ [ [ 74.463557618534338, 21.521947818447849 ], [ 74.4531240188456, 21.521947818447849 ], [ 74.455763276602966, 21.53026192919457 ], [ 74.466197246148027, 21.53026192919457 ], [ 74.463557618534338, 21.521947818447849 ] ] ] } },
{ "type": "Feature", "properties": { }, "geometry": { "type": "Polygon", "coordinates": [ [ [ 74.26818480712015, 21.59678134513053 ], [ 74.257747872254967, 21.59678134513053 ], [ 74.260390876040205, 21.605097089628881 ], [ 74.270828182379859, 21.605097089628881 ], [ 74.26818480712015, 21.59678134513053 ] ] ] } },
{ "type": "Feature", "properties": { }, "geometry": { "type": "Polygon", "coordinates": [ [ [ 74.500448921852367, 21.605097089628881 ], [ 74.50575587325649, 21.621729124555273 ], [ 74.516193923085325, 21.621729124555273 ], [ 74.510886228192007, 21.605097089628881 ], [ 74.500448921852367, 21.605097089628881 ] ] ] } },
{ "type": "Feature", "properties": { }, "geometry": { "type": "Polygon", "coordinates": [ [ [ 73.293522851605573, 16.908562700067922 ], [ 73.295501330146053, 16.916788278707248 ], [ 73.305755460915961, 16.916788278707248 ], [ 73.303776705583886, 16.908562700067922 ], [ 73.293522851605573, 16.908562700067922 ] ] ] } },
{ "type": "Feature", "properties": { }, "geometry": { "type": "Polygon", "coordinates": [ [ [ 73.902657646117859, 17.830696638597736 ], [ 73.904773149954664, 17.838938036504612 ], [ 73.915059274069137, 17.838938036504612 ], [ 73.912943475794833, 17.830696638597736 ], [ 73.902657646117859, 17.830696638597736 ] ] ] } },
{ "type": "Feature", "properties": { }, "geometry": { "type": "Polygon", "coordinates": [ [ [ 73.995821830631115, 18.110986264132293 ], [ 73.98552590028136, 18.110986264132293 ], [ 73.98768086175852, 18.119232652782003 ], [ 73.99797709199575, 18.119232652782003 ], [ 73.995821830631115, 18.110986264132293 ] ] ] } },
{ "type": "Feature", "properties": { }, "geometry": { "type": "Polygon", "coordinates": [ [ [ 73.703096303174888, 18.407950125666261 ], [ 73.69278947518076, 18.407950125666261 ], [ 73.694975252664534, 18.41620189543934 ], [ 73.705282386366093, 18.41620189543934 ], [ 73.703096303174888, 18.407950125666261 ] ] ] } },
{ "type": "Feature", "properties": { }, "geometry": { "type": "Polygon", "coordinates": [ [ [ 73.911425060396951, 18.41620189543934 ], [ 73.90111792669542, 18.41620189543934 ], [ 73.903310982727746, 18.424453816116124 ], [ 73.913618422299109, 18.424453816116124 ], [ 73.911425060396951, 18.41620189543934 ] ] ] } },
{ "type": "Feature", "properties": { }, "geometry": { "type": "Polygon", "coordinates": [ [ [ 74.070429133106131, 18.432705887774002 ], [ 74.060121387502505, 18.432705887774002 ], [ 74.062321366120059, 18.440958110490389 ], [ 74.072629417918435, 18.440958110490389 ], [ 74.070429133106131, 18.432705887774002 ] ] ] } },
{ "type": "Feature", "properties": { }, "geometry": { "type": "Polygon", "coordinates": [ [ [ 73.842130939468049, 18.46571568576482 ], [ 73.831821968110162, 18.46571568576482 ], [ 73.834019561834538, 18.473968513489563 ], [ 73.84432884003752, 18.473968513489563 ], [ 73.842130939468049, 18.46571568576482 ] ] ] } },
{ "type": "Feature", "properties": { }, "geometry": { "type": "Polygon", "coordinates": [ [ [ 73.914293738973328, 18.46571568576482 ], [ 73.903984767615427, 18.46571568576482 ], [ 73.906184509255326, 18.473968513489563 ], [ 73.916493787458293, 18.473968513489563 ], [ 73.914293738973328, 18.46571568576482 ] ] ] } },
{ "type": "Feature", "properties": { }, "geometry": { "type": "Polygon", "coordinates": [ [ [ 74.017383452552281, 18.46571568576482 ], [ 74.00707448119438, 18.46571568576482 ], [ 74.009277291284988, 18.473968513489563 ], [ 74.01958656948797, 18.473968513489563 ], [ 74.017383452552281, 18.46571568576482 ] ] ] } },
{ "type": "Feature", "properties": { }, "geometry": { "type": "Polygon", "coordinates": [ [ [ 73.875256674646408, 18.473968513489563 ], [ 73.877456661519588, 18.482221492660063 ], [ 73.887766246730308, 18.482221492660063 ], [ 73.885565952849376, 18.473968513489563 ], [ 73.875256674646408, 18.473968513489563 ] ] ] } },
{ "type": "Feature", "properties": { }, "geometry": { "type": "Polygon", "coordinates": [ [ [ 73.943721332014547, 18.498727905648323 ], [ 73.939314172783924, 18.482221492660063 ], [ 73.929004587573203, 18.482221492660063 ], [ 73.923100932585669, 18.498727905648323 ], [ 73.943721332014547, 18.498727905648323 ] ] ] } },
{ "type": "Feature", "properties": { }, "geometry": { "type": "Polygon", "coordinates": [ [ [ 73.970242928416113, 18.482221492660063 ], [ 73.959933343205378, 18.482221492660063 ], [ 73.962136953499936, 18.490474623353808 ], [ 73.972446845881151, 18.490474623353808 ], [ 73.970242928416113, 18.482221492660063 ] ] ] } },
{ "type": "Feature", "properties": { }, "geometry": { "type": "Polygon", "coordinates": [ [ [ 73.956237170115202, 18.506981339621127 ], [ 73.954031531728987, 18.498727905648323 ], [ 73.943721332014547, 18.498727905648323 ], [ 73.945926662904711, 18.506981339621127 ], [ 73.956237170115202, 18.506981339621127 ] ] ] } },
{ "type": "Feature", "properties": { }, "geometry": { "type": "Polygon", "coordinates": [ [ [ 74.049031735009592, 18.506981339621127 ], [ 74.038721227799101, 18.506981339621127 ], [ 74.040930495522304, 18.515234925349766 ], [ 74.051241310391674, 18.515234925349766 ], [ 74.049031735009592, 18.506981339621127 ] ] ] } },
{ "type": "Feature", "properties": { }, "geometry": { "type": "Polygon", "coordinates": [ [ [ 73.75002702590541, 18.506981339621127 ], [ 73.752227679179683, 18.515234925349766 ], [ 73.772849308918438, 18.515234925349766 ], [ 73.770648040326407, 18.506981339621127 ], [ 73.75002702590541, 18.506981339621127 ] ] ] } },
{ "type": "Feature", "properties": { }, "geometry": { "type": "Polygon", "coordinates": [ [ [ 73.950340828684205, 18.523488662911802 ], [ 73.952549664153935, 18.531742552384816 ], [ 73.96286109482979, 18.531742552384816 ], [ 73.960651951375354, 18.523488662911802 ], [ 73.950340828684205, 18.523488662911802 ] ] ] } },
{ "type": "Feature", "properties": { }, "geometry": { "type": "Polygon", "coordinates": [ [ [ 73.839123926719552, 18.531742552384816 ], [ 73.84133054133892, 18.539996593846389 ], [ 73.851642280162451, 18.539996593846389 ], [ 73.849435357395393, 18.531742552384816 ], [ 73.839123926719552, 18.531742552384816 ] ] ] } },
{ "type": "Feature", "properties": { }, "geometry": { "type": "Polygon", "coordinates": [ [ [ 73.820707063691884, 18.539996593846389 ], [ 73.810395324868367, 18.539996593846389 ], [ 73.812602181827302, 18.54825078737413 ], [ 73.82291422896148, 18.54825078737413 ], [ 73.820707063691884, 18.539996593846389 ] ] ] } },
{ "type": "Feature", "properties": { }, "geometry": { "type": "Polygon", "coordinates": [ [ [ 73.90320097428004, 18.539996593846389 ], [ 73.892889235456522, 18.539996593846389 ], [ 73.895098558900813, 18.54825078737413 ], [ 73.905410606035005, 18.54825078737413 ], [ 73.90320097428004, 18.539996593846389 ] ] ] } },
{ "type": "Feature", "properties": { }, "geometry": { "type": "Polygon", "coordinates": [ [ [ 73.740417851887941, 18.54825078737413 ], [ 73.730105804753762, 18.54825078737413 ], [ 73.732311360995809, 18.556505133045665 ], [ 73.742623716603717, 18.556505133045665 ], [ 73.740417851887941, 18.54825078737413 ] ] ] } },
{ "type": "Feature", "properties": { }, "geometry": { "type": "Polygon", "coordinates": [ [ [ 73.773560783427442, 18.556505133045665 ], [ 73.763248427819534, 18.556505133045665 ], [ 73.765456076030731, 18.564759630938632 ], [ 73.775768740275439, 18.564759630938632 ], [ 73.773560783427442, 18.556505133045665 ] ] ] } },
{ "type": "Feature", "properties": { }, "geometry": { "type": "Polygon", "coordinates": [ [ [ 74.093243807272657, 18.556505133045665 ], [ 74.082931451664734, 18.556505133045665 ], [ 74.085148667616934, 18.564759630938632 ], [ 74.095461331861642, 18.564759630938632 ], [ 74.093243807272657, 18.556505133045665 ] ] ] } },
{ "type": "Feature", "properties": { }, "geometry": { "type": "Polygon", "coordinates": [ [ [ 73.961396696680339, 18.564759630938632 ], [ 73.965827231406664, 18.581269083699478 ], [ 73.976140513414421, 18.581269083699478 ], [ 73.971709360925047, 18.564759630938632 ], [ 73.961396696680339, 18.564759630938632 ] ] ] } },
{ "type": "Feature", "properties": { }, "geometry": { "type": "Polygon", "coordinates": [ [ [ 73.788290837169725, 18.573014281130686 ], [ 73.790501437274855, 18.581269083699478 ], [ 73.800814719282613, 18.581269083699478 ], [ 73.798603810214374, 18.573014281130686 ], [ 73.788290837169725, 18.573014281130686 ] ] ] } },
{ "type": "Feature", "properties": { }, "geometry": { "type": "Polygon", "coordinates": [ [ [ 73.942985432839492, 18.573014281130686 ], [ 73.945200667391163, 18.581269083699478 ], [ 73.955513949398906, 18.581269083699478 ], [ 73.953298405884127, 18.573014281130686 ], [ 73.942985432839492, 18.573014281130686 ] ] ] } },
{ "type": "Feature", "properties": { }, "geometry": { "type": "Polygon", "coordinates": [ [ [ 73.986453795422165, 18.581269083699478 ], [ 73.976140513414421, 18.581269083699478 ], [ 73.978357845539733, 18.589524038722722 ], [ 73.988671436673798, 18.589524038722722 ], [ 73.986453795422165, 18.581269083699478 ] ] ] } },
{ "type": "Feature", "properties": { }, "geometry": { "type": "Polygon", "coordinates": [ [ [ 73.747782920610803, 18.614289819296165 ], [ 73.737468401118136, 18.614289819296165 ], [ 73.739682984192825, 18.622545384914325 ], [ 73.749997813465043, 18.622545384914325 ], [ 73.747782920610803, 18.614289819296165 ] ] ] } },
{ "type": "Feature", "properties": { }, "geometry": { "type": "Polygon", "coordinates": [ [ [ 73.873775764731718, 18.622545384914325 ], [ 73.863460935459486, 18.622545384914325 ], [ 73.86568040607392, 18.630801103375589 ], [ 73.875995545289129, 18.630801103375589 ], [ 73.873775764731718, 18.622545384914325 ] ] ] } },
{ "type": "Feature", "properties": { }, "geometry": { "type": "Polygon", "coordinates": [ [ [ 74.059442691631716, 18.622545384914325 ], [ 74.049127862359498, 18.622545384914325 ], [ 74.051352911947404, 18.630801103375589 ], [ 74.061668051162599, 18.630801103375589 ], [ 74.059442691631716, 18.622545384914325 ] ] ] } },
{ "type": "Feature", "properties": { }, "geometry": { "type": "Polygon", "coordinates": [ [ [ 73.741898735491617, 18.630801103375589 ], [ 73.731583596276423, 18.630801103375589 ], [ 73.733800205984849, 18.639056974757736 ], [ 73.744115655306473, 18.639056974757736 ], [ 73.741898735491617, 18.630801103375589 ] ] ] } },
{ "type": "Feature", "properties": { }, "geometry": { "type": "Polygon", "coordinates": [ [ [ 73.824419849213172, 18.630801103375589 ], [ 73.814104709997963, 18.630801103375589 ], [ 73.816323800557797, 18.639056974757736 ], [ 73.82663924987942, 18.639056974757736 ], [ 73.824419849213172, 18.630801103375589 ] ] ] } },
{ "type": "Feature", "properties": { }, "geometry": { "type": "Polygon", "coordinates": [ [ [ 73.78537745259294, 18.639056974757736 ], [ 73.77506200327133, 18.639056974757736 ], [ 73.777281022704159, 18.647312999138553 ], [ 73.787596782295694, 18.647312999138553 ], [ 73.78537745259294, 18.639056974757736 ] ] ] } },
{ "type": "Feature", "properties": { }, "geometry": { "type": "Polygon", "coordinates": [ [ [ 74.022632786990116, 18.639056974757736 ], [ 74.02485925290101, 18.647312999138553 ], [ 74.035175012492545, 18.647312999138553 ], [ 74.032948236311739, 18.639056974757736 ], [ 74.022632786990116, 18.639056974757736 ] ] ] } },
{ "type": "Feature", "properties": { }, "geometry": { "type": "Polygon", "coordinates": [ [ [ 73.828859820661847, 18.647312999138553 ], [ 73.831081561853139, 18.655569176595865 ], [ 73.841397631878124, 18.655569176595865 ], [ 73.839175580253382, 18.647312999138553 ], [ 73.828859820661847, 18.647312999138553 ] ] ] } },
{ "type": "Feature", "properties": { }, "geometry": { "type": "Polygon", "coordinates": [ [ [ 74.124395915348813, 18.672081991051261 ], [ 74.114079223966144, 18.672081991051261 ], [ 74.116312873098423, 18.680338628205071 ], [ 74.126629875405413, 18.680338628205071 ], [ 74.124395915348813, 18.672081991051261 ] ] ] } },
{ "type": "Feature", "properties": { }, "geometry": { "type": "Polygon", "coordinates": [ [ [ 73.852525458847197, 18.696852362754228 ], [ 73.842207834200465, 18.696852362754228 ], [ 73.844436604002482, 18.705109460305398 ], [ 73.854754540064746, 18.705109460305398 ], [ 73.852525458847197, 18.696852362754228 ] ] ] } },
{ "type": "Feature", "properties": { }, "geometry": { "type": "Polygon", "coordinates": [ [ [ 74.151736573602435, 18.696852362754228 ], [ 74.141418948955703, 18.696852362754228 ], [ 74.143656749808073, 18.705109460305398 ], [ 74.153974685870338, 18.705109460305398 ], [ 74.151736573602435, 18.696852362754228 ] ] ] } },
{ "type": "Feature", "properties": { }, "geometry": { "type": "Polygon", "coordinates": [ [ [ 74.055268848987154, 18.721624116350487 ], [ 74.044950289602326, 18.721624116350487 ], [ 74.047188503912452, 18.729881675000314 ], [ 74.057507375204395, 18.729881675000314 ], [ 74.055268848987154, 18.721624116350487 ] ] ] } },
{ "type": "Feature", "properties": { }, "geometry": { "type": "Polygon", "coordinates": [ [ [ 73.974956404868806, 18.729881675000314 ], [ 73.964637533576862, 18.729881675000314 ], [ 73.966874427780155, 18.738139387505619 ], [ 73.977193611143164, 18.738139387505619 ], [ 73.974956404868806, 18.729881675000314 ] ] ] } },
{ "type": "Feature", "properties": { }, "geometry": { "type": "Polygon", "coordinates": [ [ [ 73.925597694328076, 18.738139387505619 ], [ 73.915278510965052, 18.738139387505619 ], [ 73.917515019438525, 18.74639725394438 ], [ 73.927834515036594, 18.74639725394438 ], [ 73.925597694328076, 18.738139387505619 ] ] ] } },
{ "type": "Feature", "properties": { }, "geometry": { "type": "Polygon", "coordinates": [ [ [ 73.832725044060894, 18.738139387505619 ], [ 73.822405860697884, 18.738139387505619 ], [ 73.824639559055854, 18.74639725394438 ], [ 73.834959054653936, 18.74639725394438 ], [ 73.832725044060894, 18.738139387505619 ] ] ] } },
{ "type": "Feature", "properties": { }, "geometry": { "type": "Polygon", "coordinates": [ [ [ 73.874001777512973, 18.738139387505619 ], [ 73.85336341078694, 18.738139387505619 ], [ 73.855598045850087, 18.74639725394438 ], [ 73.876237037046224, 18.74639725394438 ], [ 73.874001777512973, 18.738139387505619 ] ] ] } },
{ "type": "Feature", "properties": { }, "geometry": { "type": "Polygon", "coordinates": [ [ [ 73.81655462286129, 18.754655274394601 ], [ 73.806234814864155, 18.754655274394601 ], [ 73.808470235280211, 18.762913448934306 ], [ 73.81879035584052, 18.762913448934306 ], [ 73.81655462286129, 18.754655274394601 ] ] ] } },
{ "type": "Feature", "properties": { }, "geometry": { "type": "Polygon", "coordinates": [ [ [ 73.928715191532746, 18.787688897870709 ], [ 73.918394132298147, 18.787688897870709 ], [ 73.920637381514112, 18.795947689548829 ], [ 73.930958753968568, 18.795947689548829 ], [ 73.928715191532746, 18.787688897870709 ] ] ] } },
{ "type": "Feature", "properties": { }, "geometry": { "type": "Polygon", "coordinates": [ [ [ 73.807102284515196, 18.795947689548829 ], [ 73.79678091206074, 18.795947689548829 ], [ 73.799021577200094, 18.804206635706759 ], [ 73.80934326303867, 18.804206635706759 ], [ 73.807102284515196, 18.795947689548829 ] ] ] } },
{ "type": "Feature", "properties": { }, "geometry": { "type": "Polygon", "coordinates": [ [ [ 73.857363757835614, 18.828984401840614 ], [ 73.847041130858599, 18.828984401840614 ], [ 73.849287753374838, 18.837243966699077 ], [ 73.859610694393496, 18.837243966699077 ], [ 73.857363757835614, 18.828984401840614 ] ] ] } },
{ "type": "Feature", "properties": { }, "geometry": { "type": "Polygon", "coordinates": [ [ [ 73.810242531694513, 18.845503686428078 ], [ 73.799919276469723, 18.845503686428078 ], [ 73.802166680835228, 18.853763561105808 ], [ 73.81249025043067, 18.853763561105808 ], [ 73.810242531694513, 18.845503686428078 ] ] ] } },
{ "type": "Feature", "properties": { }, "geometry": { "type": "Polygon", "coordinates": [ [ [ 73.962492316568202, 18.911587028986123 ], [ 73.960232253294222, 18.903326067476481 ], [ 73.949906794017494, 18.903326067476481 ], [ 73.952166541767966, 18.911587028986123 ], [ 73.962492316568202, 18.911587028986123 ] ] ] } },
{ "type": "Feature", "properties": { }, "geometry": { "type": "Polygon", "coordinates": [ [ [ 73.962492316568202, 18.911587028986123 ], [ 73.96475356071231, 18.919848146070628 ], [ 73.9750796512009, 18.919848146070628 ], [ 73.972818091368438, 18.911587028986123 ], [ 73.962492316568202, 18.911587028986123 ] ] ] } },
{ "type": "Feature", "properties": { }, "geometry": { "type": "Polygon", "coordinates": [ [ [ 74.102281697639015, 18.969418120037918 ], [ 74.104555018396752, 18.977680328340867 ], [ 74.114883323323411, 18.977680328340867 ], [ 74.11260968572212, 18.969418120037918 ], [ 74.102281697639015, 18.969418120037918 ] ] ] } },
{ "type": "Feature", "properties": { }, "geometry": { "type": "Polygon", "coordinates": [ [ [ 74.212394607072795, 18.994205213631318 ], [ 74.214674657893411, 19.002467890775772 ], [ 74.225003914342068, 19.002467890775772 ], [ 74.222723546182181, 18.994205213631318 ], [ 74.212394607072795, 18.994205213631318 ] ] ] } },
{ "type": "Feature", "properties": { }, "geometry": { "type": "Polygon", "coordinates": [ [ [ 74.029712179798238, 19.118161832481615 ], [ 74.019378463222097, 19.118161832481615 ], [ 74.021669327021002, 19.12642686444007 ], [ 74.032003363420657, 19.12642686444007 ], [ 74.029712179798238, 19.118161832481615 ] ] ] } },
{ "type": "Feature", "properties": { }, "geometry": { "type": "Polygon", "coordinates": [ [ [ 74.112381912407344, 19.118161832481615 ], [ 74.102048195831188, 19.118161832481615 ], [ 74.104341618218172, 19.12642686444007 ], [ 74.114675654617812, 19.12642686444007 ], [ 74.112381912407344, 19.118161832481615 ] ] ] } },
{ "type": "Feature", "properties": { }, "geometry": { "type": "Polygon", "coordinates": [ [ [ 73.910283459266026, 19.134692054015492 ], [ 73.899949102876903, 19.134692054015492 ], [ 73.902238502567812, 19.14295740128663 ], [ 73.912573179112385, 19.14295740128663 ], [ 73.910283459266026, 19.134692054015492 ] ] ] } },
{ "type": "Feature", "properties": { }, "geometry": { "type": "Polygon", "coordinates": [ [ [ 74.034295735935331, 19.134692054015492 ], [ 74.023961379546222, 19.134692054015492 ], [ 74.026254621102666, 19.14295740128663 ], [ 74.03658929764724, 19.14295740128663 ], [ 74.034295735935331, 19.134692054015492 ] ] ] } },
{ "type": "Feature", "properties": { }, "geometry": { "type": "Polygon", "coordinates": [ [ [ 73.883846304805203, 19.22561956460229 ], [ 73.873508417566711, 19.22561956460229 ], [ 73.875809284919896, 19.233886651729414 ], [ 73.886147494142648, 19.233886651729414 ], [ 73.883846304805203, 19.22561956460229 ] ] ] } },
{ "type": "Feature", "properties": { }, "geometry": { "type": "Polygon", "coordinates": [ [ [ 74.042602053356632, 19.349642564893333 ], [ 74.032259318850862, 19.349642564893333 ], [ 74.034581960503544, 19.357912039953035 ], [ 74.044925019495764, 19.357912039953035 ], [ 74.042602053356632, 19.349642564893333 ] ] ] } },
{ "type": "Feature", "properties": { }, "geometry": { "type": "Polygon", "coordinates": [ [ [ 74.052584572635453, 19.531608058737852 ], [ 74.042234660746715, 19.531608058737852 ], [ 74.044582384939133, 19.539881068353314 ], [ 74.054932625001896, 19.539881068353314 ], [ 74.052584572635453, 19.531608058737852 ] ] ] } },
{ "type": "Feature", "properties": { }, "geometry": { "type": "Polygon", "coordinates": [ [ [ 74.125033955856523, 19.531608058737852 ], [ 74.127384305441183, 19.539881068353314 ], [ 74.137734545503932, 19.539881068353314 ], [ 74.135383867745247, 19.531608058737852 ], [ 74.125033955856523, 19.531608058737852 ] ] ] } },
{ "type": "Feature", "properties": { }, "geometry": { "type": "Polygon", "coordinates": [ [ [ 74.282637906382476, 19.539881068353314 ], [ 74.284994385160971, 19.548154239544221 ], [ 74.295344953565888, 19.548154239544221 ], [ 74.292988146445239, 19.539881068353314 ], [ 74.282637906382476, 19.539881068353314 ] ] ] } },
{ "type": "Feature", "properties": { }, "geometry": { "type": "Polygon", "coordinates": [ [ [ 74.237954835763929, 19.564701066970791 ], [ 74.227603610170178, 19.564701066970791 ], [ 74.229961737515495, 19.5729747233657 ], [ 74.240313291956014, 19.5729747233657 ], [ 74.237954835763929, 19.564701066970791 ] ] ] } },
{ "type": "Feature", "properties": { }, "geometry": { "type": "Polygon", "coordinates": [ [ [ 74.273458558826206, 19.688822948029323 ], [ 74.26310238283952, 19.688822948029323 ], [ 74.265478646120016, 19.697099041206009 ], [ 74.275835153482575, 19.697099041206009 ], [ 74.273458558826206, 19.688822948029323 ] ] ] } },
{ "type": "Feature", "properties": { }, "geometry": { "type": "Polygon", "coordinates": [ [ [ 74.246303642767302, 19.738481955048986 ], [ 74.235945475990036, 19.738481955048986 ], [ 74.238327684182138, 19.746759027969187 ], [ 74.248686183349719, 19.746759027969187 ], [ 74.246303642767302, 19.738481955048986 ] ] ] } },
{ "type": "Feature", "properties": { }, "geometry": { "type": "Polygon", "coordinates": [ [ [ 74.076517964478853, 19.796424903272705 ], [ 74.06615746741393, 19.796424903272705 ], [ 74.068542167990685, 19.804703122867654 ], [ 74.078902998631477, 19.804703122867654 ], [ 74.076517964478853, 19.796424903272705 ] ] ] } },
{ "type": "Feature", "properties": { }, "geometry": { "type": "Polygon", "coordinates": [ [ [ 74.391358890097436, 19.846096684411478 ], [ 74.380996389033186, 19.846096684411478 ], [ 74.383398070004048, 19.854375889995321 ], [ 74.39376090566212, 19.854375889995321 ], [ 74.391358890097436, 19.846096684411478 ] ] ] } },
{ "type": "Feature", "properties": { }, "geometry": { "type": "Polygon", "coordinates": [ [ [ 74.070121357105876, 19.846096684411478 ], [ 74.059758856041626, 19.846096684411478 ], [ 74.06215016460412, 19.854375889995321 ], [ 74.072513000262191, 19.854375889995321 ], [ 74.070121357105876, 19.846096684411478 ] ] ] } },
{ "type": "Feature", "properties": { }, "geometry": { "type": "Polygon", "coordinates": [ [ [ 74.168174391034725, 19.862655260191364 ], [ 74.157811220613027, 19.862655260191364 ], [ 74.160207971202212, 19.870934795079865 ], [ 74.170571476557399, 19.870934795079865 ], [ 74.168174391034725, 19.862655260191364 ] ] ] } },
{ "type": "Feature", "properties": { }, "geometry": { "type": "Polygon", "coordinates": [ [ [ 74.151479602878624, 19.912334942719113 ], [ 74.156287577313421, 19.9288961574327 ], [ 74.16665343196297, 19.9288961574327 ], [ 74.161844785450768, 19.912334942719113 ], [ 74.151479602878624, 19.912334942719113 ] ] ] } },
{ "type": "Feature", "properties": { }, "geometry": { "type": "Polygon", "coordinates": [ [ [ 74.110944590562099, 19.986865621208175 ], [ 74.113356912748912, 19.995147636125413 ], [ 74.123725462520554, 19.995147636125413 ], [ 74.121312802846901, 19.986865621208175 ], [ 74.110944590562099, 19.986865621208175 ] ] ] } },
{ "type": "Feature", "properties": { }, "geometry": { "type": "Polygon", "coordinates": [ [ [ 74.478024972370633, 20.036560202005429 ], [ 74.46765473260507, 20.036560202005429 ], [ 74.470085546609852, 20.044843214004288 ], [ 74.480456124886459, 20.044843214004288 ], [ 74.478024972370633, 20.036560202005429 ] ] ] } },
{ "type": "Feature", "properties": { }, "geometry": { "type": "Polygon", "coordinates": [ [ [ 74.418232655226717, 20.044843214004288 ], [ 74.40786207695011, 20.044843214004288 ], [ 74.410292085806759, 20.053126392465536 ], [ 74.420663002765281, 20.053126392465536 ], [ 74.418232655226717, 20.044843214004288 ] ] ] } },
{ "type": "Feature", "properties": { }, "geometry": { "type": "Polygon", "coordinates": [ [ [ 74.3090107627973, 20.061409737469845 ], [ 74.298639506985964, 20.061409737469845 ], [ 74.30106823940551, 20.06969324909787 ], [ 74.31143983424063, 20.06969324909787 ], [ 74.3090107627973, 20.061409737469845 ] ] ] } },
{ "type": "Feature", "properties": { }, "geometry": { "type": "Polygon", "coordinates": [ [ [ 74.464579599967678, 20.061409737469845 ], [ 74.454208344156314, 20.061409737469845 ], [ 74.456642161932493, 20.06969324909787 ], [ 74.467013756767628, 20.06969324909787 ], [ 74.464579599967678, 20.061409737469845 ] ] ] } },
{ "type": "Feature", "properties": { }, "geometry": { "type": "Polygon", "coordinates": [ [ [ 74.421843413445686, 20.127682502738367 ], [ 74.411469440653562, 20.127682502738367 ], [ 74.413911046052363, 20.135967350262465 ], [ 74.424285359237572, 20.135967350262465 ], [ 74.421843413445686, 20.127682502738367 ] ] ] } },
{ "type": "Feature", "properties": { }, "geometry": { "type": "Polygon", "coordinates": [ [ [ 74.382788106496818, 20.135967350262465 ], [ 74.372413793311608, 20.135967350262465 ], [ 74.374855265662319, 20.144252365137124 ], [ 74.385229919411955, 20.144252365137124 ], [ 74.382788106496818, 20.135967350262465 ] ] ] } },
{ "type": "Feature", "properties": { }, "geometry": { "type": "Polygon", "coordinates": [ [ [ 74.224111866370507, 20.160822897261557 ], [ 74.234487201763287, 20.160822897261557 ], [ 74.229610113167624, 20.144252365137124 ], [ 74.219235459418002, 20.144252365137124 ], [ 74.224111866370507, 20.160822897261557 ] ] ] } },
{ "type": "Feature", "properties": { }, "geometry": { "type": "Polygon", "coordinates": [ [ [ 74.216176233629369, 20.169108414673076 ], [ 74.218617163387364, 20.177394099758658 ], [ 74.228993181109317, 20.177394099758658 ], [ 74.226551910100966, 20.169108414673076 ], [ 74.216176233629369, 20.169108414673076 ] ] ] } },
{ "type": "Feature", "properties": { }, "geometry": { "type": "Polygon", "coordinates": [ [ [ 74.376704707742221, 20.18567995259923 ], [ 74.366328348598287, 20.18567995259923 ], [ 74.368776515874629, 20.193965973275731 ], [ 74.379153216612167, 20.193965973275731 ], [ 74.376704707742221, 20.18567995259923 ] ] ] } },
{ "type": "Feature", "properties": { }, "geometry": { "type": "Polygon", "coordinates": [ [ [ 74.575236094359923, 20.260260190499451 ], [ 74.564856654688597, 20.260260190499451 ], [ 74.567321741907065, 20.26854772534443 ], [ 74.57770152471889, 20.26854772534443 ], [ 74.575236094359923, 20.260260190499451 ] ] ] } },
{ "type": "Feature", "properties": { }, "geometry": { "type": "Polygon", "coordinates": [ [ [ 74.621688696183526, 20.276835428835696 ], [ 74.611308570059052, 20.276835428835696 ], [ 74.61377750442378, 20.285123301054391 ], [ 74.624157974033039, 20.285123301054391 ], [ 74.621688696183526, 20.276835428835696 ] ] ] } },
{ "type": "Feature", "properties": { }, "geometry": { "type": "Polygon", "coordinates": [ [ [ 74.34482284589879, 20.392881031042069 ], [ 74.334437895299416, 20.392881031042069 ], [ 74.336913812504008, 20.40117127397394 ], [ 74.347299109003316, 20.40117127397394 ], [ 74.34482284589879, 20.392881031042069 ] ] ] } },
{ "type": "Feature", "properties": { }, "geometry": { "type": "Polygon", "coordinates": [ [ [ 74.550839839206347, 20.525545357175773 ], [ 74.540449333437721, 20.525545357175773 ], [ 74.542950667528487, 20.533838329034474 ], [ 74.553341521968548, 20.533838329034474 ], [ 74.550839839206347, 20.525545357175773 ] ] ] } },
{ "type": "Feature", "properties": { }, "geometry": { "type": "Polygon", "coordinates": [ [ [ 74.655626559296749, 20.699733837831523 ], [ 74.645228694903182, 20.699733837831523 ], [ 74.647758019535871, 20.708030423158107 ], [ 74.658156236257028, 20.708030423158107 ], [ 74.655626559296749, 20.699733837831523 ] ] ] } },
{ "type": "Feature", "properties": { }, "geometry": { "type": "Polygon", "coordinates": [ [ [ 74.340852773150857, 20.724624112807799 ], [ 74.330453851250539, 20.724624112807799 ], [ 74.332975999536743, 20.732921217295146 ], [ 74.343375274288704, 20.732921217295146 ], [ 74.340852773150857, 20.724624112807799 ] ] ] } },
{ "type": "Feature", "properties": { }, "geometry": { "type": "Polygon", "coordinates": [ [ [ 74.342796085784542, 20.799304295939837 ], [ 74.345329135814083, 20.807602962347037 ], [ 74.355731594101712, 20.807602962347037 ], [ 74.353198189645767, 20.799304295939837 ], [ 74.342796085784542, 20.799304295939837 ] ] ] } },
{ "type": "Feature", "properties": { }, "geometry": { "type": "Polygon", "coordinates": [ [ [ 74.51896457130232, 20.898899792171868 ], [ 74.521517662870252, 20.907200551512116 ], [ 74.531924387955499, 20.907200551512116 ], [ 74.52937093985534, 20.898899792171868 ], [ 74.51896457130232, 20.898899792171868 ] ] ] } },
{ "type": "Feature", "properties": { }, "geometry": { "type": "Polygon", "coordinates": [ [ [ 74.690585322044527, 20.915501485799489 ], [ 74.680178240251266, 20.915501485799489 ], [ 74.682739203258095, 20.923802595116516 ], [ 74.693146641935229, 20.923802595116516 ], [ 74.690585322044527, 20.915501485799489 ] ] ] } },
{ "type": "Feature", "properties": { }, "geometry": { "type": "Polygon", "coordinates": [ [ [ 74.810194977365654, 20.932103879545785 ], [ 74.799787181628759, 20.932103879545785 ], [ 74.802354599097711, 20.940405339169878 ], [ 74.812762752070356, 20.940405339169878 ], [ 74.810194977365654, 20.932103879545785 ] ] ] } },
{ "type": "Feature", "properties": { }, "geometry": { "type": "Polygon", "coordinates": [ [ [ 74.822939505111876, 21.006823333093408 ], [ 74.812528487913212, 21.006823333093408 ], [ 74.815106943458147, 21.015126373190622 ], [ 74.825518319478334, 21.015126373190622 ], [ 74.822939505111876, 21.006823333093408 ] ] ] } },
{ "type": "Feature", "properties": { }, "geometry": { "type": "Polygon", "coordinates": [ [ [ 74.609114899511582, 21.156305053796686 ], [ 74.598697396488703, 21.156305053796686 ], [ 74.601289679327678, 21.164611274969616 ], [ 74.611707544355724, 21.164611274969616 ], [ 74.609114899511582, 21.156305053796686 ] ] ] } },
{ "type": "Feature", "properties": { }, "geometry": { "type": "Polygon", "coordinates": [ [ [ 74.903407765140969, 21.164611274969616 ], [ 74.892989900112923, 21.164611274969616 ], [ 74.895593594011402, 21.172917673657619 ], [ 74.906011821221966, 21.172917673657619 ], [ 74.903407765140969, 21.164611274969616 ] ] ] } },
{ "type": "Feature", "properties": { }, "geometry": { "type": "Polygon", "coordinates": [ [ [ 74.68981034338735, 21.21445233273451 ], [ 74.679390302602272, 21.21445233273451 ], [ 74.681993662134175, 21.222759798259666 ], [ 74.692414066166904, 21.222759798259666 ], [ 74.68981034338735, 21.21445233273451 ] ] ] } },
{ "type": "Feature", "properties": { }, "geometry": { "type": "Polygon", "coordinates": [ [ [ 74.668970261817194, 21.21445233273451 ], [ 74.658550221032101, 21.21445233273451 ], [ 74.661152854068717, 21.222759798259666 ], [ 74.671573258101432, 21.222759798259666 ], [ 74.668970261817194, 21.21445233273451 ] ] ] } },
{ "type": "Feature", "properties": { }, "geometry": { "type": "Polygon", "coordinates": [ [ [ 74.650732450036003, 21.222759798259666 ], [ 74.653335992830662, 21.231067441882306 ], [ 74.66375676028872, 21.231067441882306 ], [ 74.661152854068717, 21.222759798259666 ], [ 74.650732450036003, 21.222759798259666 ] ] ] } },
{ "type": "Feature", "properties": { }, "geometry": { "type": "Polygon", "coordinates": [ [ [ 74.731497362778057, 21.247683263753188 ], [ 74.734107274471668, 21.255991442168042 ], [ 74.744529133272437, 21.255991442168042 ], [ 74.741918857620107, 21.247683263753188 ], [ 74.731497362778057, 21.247683263753188 ] ] ] } },
{ "type": "Feature", "properties": { }, "geometry": { "type": "Polygon", "coordinates": [ [ [ 74.515248239655406, 21.255991442168042 ], [ 74.504826380854638, 21.255991442168042 ], [ 74.507429557241224, 21.264299799013603 ], [ 74.517851780178631, 21.264299799013603 ], [ 74.515248239655406, 21.255991442168042 ] ] ] } },
{ "type": "Feature", "properties": { }, "geometry": { "type": "Polygon", "coordinates": [ [ [ 74.59604622380067, 21.314153691801348 ], [ 74.585621812304723, 21.314153691801348 ], [ 74.588236093632588, 21.322463299996983 ], [ 74.598660870511878, 21.322463299996983 ], [ 74.59604622380067, 21.314153691801348 ] ] ] } },
{ "type": "Feature", "properties": { }, "geometry": { "type": "Polygon", "coordinates": [ [ [ 74.924456208827181, 21.330773087290719 ], [ 74.914031066386244, 21.330773087290719 ], [ 74.916659237531519, 21.339083053766089 ], [ 74.927084745712477, 21.339083053766089 ], [ 74.924456208827181, 21.330773087290719 ] ] ] } },
{ "type": "Feature", "properties": { }, "geometry": { "type": "Polygon", "coordinates": [ [ [ 74.945306493709083, 21.330773087290719 ], [ 74.934881351268132, 21.330773087290719 ], [ 74.937510253893421, 21.339083053766089 ], [ 74.94793576207438, 21.339083053766089 ], [ 74.945306493709083, 21.330773087290719 ] ] ] } },
{ "type": "Feature", "properties": { }, "geometry": { "type": "Polygon", "coordinates": [ [ [ 74.154401266432615, 16.99082466347928 ], [ 74.144144637535049, 16.99082466347928 ], [ 74.146156791363381, 16.999051616160241 ], [ 74.156413698609498, 16.999051616160241 ], [ 74.154401266432615, 16.99082466347928 ] ] ] } },
{ "type": "Feature", "properties": { }, "geometry": { "type": "Polygon", "coordinates": [ [ [ 74.160273436636786, 17.056644147956991 ], [ 74.150014576583871, 17.056644147956991 ], [ 74.152035473477667, 17.064872205259665 ], [ 74.162294613127273, 17.064872205259665 ], [ 74.160273436636786, 17.056644147956991 ] ] ] } },
{ "type": "Feature", "properties": { }, "geometry": { "type": "Polygon", "coordinates": [ [ [ 74.112766546627725, 17.155389987472415 ], [ 74.102504321098905, 17.155389987472415 ], [ 74.104536810891531, 17.163619710704999 ], [ 74.114799317893556, 17.163619710704999 ], [ 74.112766546627725, 17.155389987472415 ] ] ] } },
{ "type": "Feature", "properties": { }, "geometry": { "type": "Polygon", "coordinates": [ [ [ 74.063486782883444, 17.163619710704999 ], [ 74.065519277020528, 17.171849573253063 ], [ 74.075782065652334, 17.171849573253063 ], [ 74.073749289885455, 17.163619710704999 ], [ 74.063486782883444, 17.163619710704999 ] ] ] } },
{ "type": "Feature", "properties": { }, "geometry": { "type": "Polygon", "coordinates": [ [ [ 74.151694475940985, 17.188309716596233 ], [ 74.153732619154098, 17.196539997541656 ], [ 74.163996253615366, 17.196539997541656 ], [ 74.161957828302405, 17.188309716596233 ], [ 74.151694475940985, 17.188309716596233 ] ] ] } },
{ "type": "Feature", "properties": { }, "geometry": { "type": "Polygon", "coordinates": [ [ [ 74.16803134731768, 17.254155877623386 ], [ 74.157765733766297, 17.254155877623386 ], [ 74.159812661250726, 17.262387277604184 ], [ 74.170078558157016, 17.262387277604184 ], [ 74.16803134731768, 17.254155877623386 ] ] ] } },
{ "type": "Feature", "properties": { }, "geometry": { "type": "Polygon", "coordinates": [ [ [ 74.225512357739802, 17.320011007795159 ], [ 74.215244472949905, 17.320011007795159 ], [ 74.217301622091682, 17.328243531630296 ], [ 74.227569791493863, 17.328243531630296 ], [ 74.225512357739802, 17.320011007795159 ] ] ] } },
{ "type": "Feature", "properties": { }, "geometry": { "type": "Polygon", "coordinates": [ [ [ 74.03452773335971, 17.336476196286423 ], [ 74.024259279187902, 17.336476196286423 ], [ 74.026313289419448, 17.344709001838954 ], [ 74.036582028518268, 17.344709001838954 ], [ 74.03452773335971, 17.336476196286423 ] ] ] } },
{ "type": "Feature", "properties": { }, "geometry": { "type": "Polygon", "coordinates": [ [ [ 74.12502598430784, 17.451748329939079 ], [ 74.114753526820309, 17.451748329939079 ], [ 74.116825170610866, 17.459983115968857 ], [ 74.127097915232497, 17.459983115968857 ], [ 74.12502598430784, 17.451748329939079 ] ] ] } },
{ "type": "Feature", "properties": { }, "geometry": { "type": "Polygon", "coordinates": [ [ [ 74.325054286388095, 17.632946548015916 ], [ 74.314775475412091, 17.632946548015916 ], [ 74.31687660788424, 17.641184476192389 ], [ 74.327155709477324, 17.641184476192389 ], [ 74.325054286388095, 17.632946548015916 ] ] ] } },
{ "type": "Feature", "properties": { }, "geometry": { "type": "Polygon", "coordinates": [ [ [ 74.12202875632255, 17.723571673842631 ], [ 74.111746739821243, 17.723571673842631 ], [ 74.113854080307505, 17.731811186869038 ], [ 74.124136389174197, 17.731811186869038 ], [ 74.12202875632255, 17.723571673842631 ] ] ] } },
{ "type": "Feature", "properties": { }, "geometry": { "type": "Polygon", "coordinates": [ [ [ 74.220901144005197, 17.74829064659902 ], [ 74.210618249930207, 17.74829064659902 ], [ 74.212731668525308, 17.75653059345489 ], [ 74.223014855443296, 17.75653059345489 ], [ 74.220901144005197, 17.74829064659902 ] ] ] } },
{ "type": "Feature", "properties": { }, "geometry": { "type": "Polygon", "coordinates": [ [ [ 74.070038407735211, 17.921360032022918 ], [ 74.07217069188745, 17.929603034900328 ], [ 74.082460065360038, 17.929603034900328 ], [ 74.080327485011978, 17.921360032022918 ], [ 74.070038407735211, 17.921360032022918 ] ] ] } },
{ "type": "Feature", "properties": { }, "geometry": { "type": "Polygon", "coordinates": [ [ [ 74.251368145540809, 17.946089479826504 ], [ 74.253508931235217, 17.954332922028271 ], [ 74.263799194255952, 17.954332922028271 ], [ 74.261658111885353, 17.946089479826504 ], [ 74.251368145540809, 17.946089479826504 ] ] ] } },
{ "type": "Feature", "properties": { }, "geometry": { "type": "Polygon", "coordinates": [ [ [ 74.420299830604577, 17.962576510824505 ], [ 74.399718710890355, 17.962576510824505 ], [ 74.401865966738654, 17.970820246291741 ], [ 74.422447680446112, 17.970820246291741 ], [ 74.420299830604577, 17.962576510824505 ] ] ] } },
{ "type": "Feature", "properties": { }, "geometry": { "type": "Polygon", "coordinates": [ [ [ 74.387731190368228, 17.995552333485037 ], [ 74.377439441562856, 17.995552333485037 ], [ 74.379590441227194, 18.003796656401924 ], [ 74.389882487670519, 18.003796656401924 ], [ 74.387731190368228, 17.995552333485037 ] ] ] } },
{ "type": "Feature", "properties": { }, "geometry": { "type": "Polygon", "coordinates": [ [ [ 74.260384212633824, 18.02028574347402 ], [ 74.250091570433284, 18.02028574347402 ], [ 74.252242173591327, 18.028530507782484 ], [ 74.262535113911213, 18.028530507782484 ], [ 74.260384212633824, 18.02028574347402 ] ] ] } },
{ "type": "Feature", "properties": { }, "geometry": { "type": "Polygon", "coordinates": [ [ [ 74.141168310307705, 18.03677541937477 ], [ 74.130875071707933, 18.03677541937477 ], [ 74.133024410172354, 18.04502047832753 ], [ 74.143317947212608, 18.04502047832753 ], [ 74.141168310307705, 18.03677541937477 ] ] ] } },
{ "type": "Feature", "properties": { }, "geometry": { "type": "Polygon", "coordinates": [ [ [ 74.027942685710201, 18.03677541937477 ], [ 74.017649447110429, 18.03677541937477 ], [ 74.019795502729608, 18.04502047832753 ], [ 74.030089039769862, 18.04502047832753 ], [ 74.027942685710201, 18.03677541937477 ] ] ] } },
{ "type": "Feature", "properties": { }, "geometry": { "type": "Polygon", "coordinates": [ [ [ 74.250562036183879, 18.061511038621259 ], [ 74.240267901780754, 18.061511038621259 ], [ 74.242423700679126, 18.069756540115641 ], [ 74.252718134004695, 18.069756540115641 ], [ 74.250562036183879, 18.061511038621259 ] ] ] } },
{ "type": "Feature", "properties": { }, "geometry": { "type": "Polygon", "coordinates": [ [ [ 74.188797229765228, 18.061511038621259 ], [ 74.168208960959021, 18.061511038621259 ], [ 74.170362667400141, 18.069756540115641 ], [ 74.19095153405128, 18.069756540115641 ], [ 74.188797229765228, 18.061511038621259 ] ] ] } },
{ "type": "Feature", "properties": { }, "geometry": { "type": "Polygon", "coordinates": [ [ [ 74.386545767237109, 18.069756540115641 ], [ 74.388706912538623, 18.078002189277328 ], [ 74.39900164494739, 18.078002189277328 ], [ 74.396840200562679, 18.069756540115641 ], [ 74.386545767237109, 18.069756540115641 ] ] ] } },
{ "type": "Feature", "properties": { }, "geometry": { "type": "Polygon", "coordinates": [ [ [ 74.374606058948331, 18.102740023533769 ], [ 74.376771253571917, 18.110986264132293 ], [ 74.387067183921673, 18.110986264132293 ], [ 74.384901689571535, 18.102740023533769 ], [ 74.374606058948331, 18.102740023533769 ] ] ] } },
{ "type": "Feature", "properties": { }, "geometry": { "type": "Polygon", "coordinates": [ [ [ 74.23046723022351, 18.102740023533769 ], [ 74.220171599600306, 18.102740023533769 ], [ 74.222332298325639, 18.110986264132293 ], [ 74.232628228675409, 18.110986264132293 ], [ 74.23046723022351, 18.102740023533769 ] ] ] } },
{ "type": "Feature", "properties": { }, "geometry": { "type": "Polygon", "coordinates": [ [ [ 74.201740437626142, 18.110986264132293 ], [ 74.191444507276387, 18.110986264132293 ], [ 74.193605466503229, 18.119232652782003 ], [ 74.203901696740488, 18.119232652782003 ], [ 74.201740437626142, 18.110986264132293 ] ] ] } },
{ "type": "Feature", "properties": { }, "geometry": { "type": "Polygon", "coordinates": [ [ [ 74.214197926977718, 18.119232652782003 ], [ 74.218524526119097, 18.135725874542263 ], [ 74.228821356614276, 18.135725874542263 ], [ 74.224494157214963, 18.119232652782003 ], [ 74.214197926977718, 18.119232652782003 ] ] ] } },
{ "type": "Feature", "properties": { }, "geometry": { "type": "Polygon", "coordinates": [ [ [ 74.35834515029903, 18.119232652782003 ], [ 74.3480489200618, 18.119232652782003 ], [ 74.350215539978734, 18.127479189559715 ], [ 74.360512070264434, 18.127479189559715 ], [ 74.35834515029903, 18.119232652782003 ] ] ] } },
{ "type": "Feature", "properties": { }, "geometry": { "type": "Polygon", "coordinates": [ [ [ 74.305235219838977, 18.152219689429298 ], [ 74.294937788441672, 18.152219689429298 ], [ 74.297107256543455, 18.160466819487528 ], [ 74.307404988633508, 18.160466819487528 ], [ 74.305235219838977, 18.152219689429298 ] ] ] } },
{ "type": "Feature", "properties": { }, "geometry": { "type": "Polygon", "coordinates": [ [ [ 74.280853013592818, 18.176961525217902 ], [ 74.270554679633719, 18.176961525217902 ], [ 74.272726733537695, 18.185209101043874 ], [ 74.283025368673165, 18.185209101043874 ], [ 74.280853013592818, 18.176961525217902 ] ] ] } },
{ "type": "Feature", "properties": { }, "geometry": { "type": "Polygon", "coordinates": [ [ [ 74.349168997017145, 18.201704699002121 ], [ 74.346992505947824, 18.193456825612966 ], [ 74.33669356947469, 18.193456825612966 ], [ 74.338869759045011, 18.201704699002121 ], [ 74.349168997017145, 18.201704699002121 ] ] ] } },
{ "type": "Feature", "properties": { }, "geometry": { "type": "Polygon", "coordinates": [ [ [ 74.328570521072891, 18.201704699002121 ], [ 74.330747573713495, 18.209952721288317 ], [ 74.341047113345979, 18.209952721288317 ], [ 74.338869759045011, 18.201704699002121 ], [ 74.328570521072891, 18.201704699002121 ] ] ] } },
{ "type": "Feature", "properties": { }, "geometry": { "type": "Polygon", "coordinates": [ [ [ 74.442474914547574, 18.242946300943508 ], [ 74.432174166659195, 18.242946300943508 ], [ 74.434359768629278, 18.251195068870032 ], [ 74.444660818985454, 18.251195068870032 ], [ 74.442474914547574, 18.242946300943508 ] ] ] } },
{ "type": "Feature", "properties": { }, "geometry": { "type": "Polygon", "coordinates": [ [ [ 74.343834361463649, 18.259443986155755 ], [ 74.333533008478099, 18.259443986155755 ], [ 74.335717918292602, 18.26769305287775 ], [ 74.346019574069189, 18.26769305287775 ], [ 74.343834361463649, 18.259443986155755 ] ] ] } },
{ "type": "Feature", "properties": { }, "geometry": { "type": "Polygon", "coordinates": [ [ [ 74.173072655128152, 18.275942269113113 ], [ 74.162770696398852, 18.275942269113113 ], [ 74.164952786933924, 18.284191634938956 ], [ 74.175255048777672, 18.284191634938956 ], [ 74.173072655128152, 18.275942269113113 ] ] ] } },
{ "type": "Feature", "properties": { }, "geometry": { "type": "Polygon", "coordinates": [ [ [ 74.327602036067731, 18.275942269113113 ], [ 74.317300077338444, 18.275942269113113 ], [ 74.319486714590084, 18.284191634938956 ], [ 74.329788976433846, 18.284191634938956 ], [ 74.327602036067731, 18.275942269113113 ] ] ] } },
{ "type": "Feature", "properties": { }, "geometry": { "type": "Polygon", "coordinates": [ [ [ 74.122175417460753, 18.31719059568989 ], [ 74.111871941541239, 18.31719059568989 ], [ 74.114058033957249, 18.32544071062533 ], [ 74.124361813800419, 18.32544071062533 ], [ 74.122175417460753, 18.31719059568989 ] ] ] } },
{ "type": "Feature", "properties": { }, "geometry": { "type": "Polygon", "coordinates": [ [ [ 74.195624458566385, 18.399698506719531 ], [ 74.185317936117315, 18.399698506719531 ], [ 74.187517218898662, 18.407950125666261 ], [ 74.197824046892791, 18.407950125666261 ], [ 74.195624458566385, 18.399698506719531 ] ] ] } },
{ "type": "Feature", "properties": { }, "geometry": { "type": "Polygon", "coordinates": [ [ [ 74.350946816474462, 18.440958110490389 ], [ 74.340638764676086, 18.440958110490389 ], [ 74.34284818264193, 18.449210484342693 ], [ 74.353156540797571, 18.449210484342693 ], [ 74.350946816474462, 18.440958110490389 ] ] ] } },
{ "type": "Feature", "properties": { }, "geometry": { "type": "Polygon", "coordinates": [ [ [ 74.13447772870866, 18.440958110490389 ], [ 74.136681019529178, 18.449210484342693 ], [ 74.146989377684818, 18.449210484342693 ], [ 74.14478578050705, 18.440958110490389 ], [ 74.13447772870866, 18.440958110490389 ] ] ] } },
{ "type": "Feature", "properties": { }, "geometry": { "type": "Polygon", "coordinates": [ [ [ 74.375984767014501, 18.45746300940835 ], [ 74.378197450078616, 18.46571568576482 ], [ 74.388506421436503, 18.46571568576482 ], [ 74.386293431689978, 18.45746300940835 ], [ 74.375984767014501, 18.45746300940835 ] ] ] } },
{ "type": "Feature", "properties": { }, "geometry": { "type": "Polygon", "coordinates": [ [ [ 74.166125047419825, 18.482221492660063 ], [ 74.155815462209119, 18.482221492660063 ], [ 74.158024908742775, 18.490474623353808 ], [ 74.168334801123962, 18.490474623353808 ], [ 74.166125047419825, 18.482221492660063 ] ] ] } },
{ "type": "Feature", "properties": { }, "geometry": { "type": "Polygon", "coordinates": [ [ [ 74.267768422648629, 18.515234925349766 ], [ 74.257457607779244, 18.515234925349766 ], [ 74.259674509418801, 18.523488662911802 ], [ 74.26998563210995, 18.523488662911802 ], [ 74.267768422648629, 18.515234925349766 ] ] ] } },
{ "type": "Feature", "properties": { }, "geometry": { "type": "Polygon", "coordinates": [ [ [ 74.239052264036488, 18.523488662911802 ], [ 74.228741141345353, 18.523488662911802 ], [ 74.230958292401994, 18.531742552384816 ], [ 74.241269723077835, 18.531742552384816 ], [ 74.239052264036488, 18.523488662911802 ] ] ] } },
{ "type": "Feature", "properties": { }, "geometry": { "type": "Polygon", "coordinates": [ [ [ 74.20811889596304, 18.523488662911802 ], [ 74.197807773271876, 18.523488662911802 ], [ 74.200024000374427, 18.531742552384816 ], [ 74.210335431050268, 18.531742552384816 ], [ 74.20811889596304, 18.523488662911802 ] ] ] } },
{ "type": "Feature", "properties": { }, "geometry": { "type": "Polygon", "coordinates": [ [ [ 74.166874405198428, 18.523488662911802 ], [ 74.156563282507278, 18.523488662911802 ], [ 74.158778277671004, 18.531742552384816 ], [ 74.169089708346874, 18.531742552384816 ], [ 74.166874405198428, 18.523488662911802 ] ] ] } },
{ "type": "Feature", "properties": { }, "geometry": { "type": "Polygon", "coordinates": [ [ [ 74.340740341862499, 18.556505133045665 ], [ 74.330427986254591, 18.556505133045665 ], [ 74.332652609490125, 18.564759630938632 ], [ 74.342965273734848, 18.564759630938632 ], [ 74.340740341862499, 18.556505133045665 ] ] ] } },
{ "type": "Feature", "properties": { }, "geometry": { "type": "Polygon", "coordinates": [ [ [ 74.429924921755585, 18.581269083699478 ], [ 74.419611639747814, 18.581269083699478 ], [ 74.421842264304559, 18.589524038722722 ], [ 74.432155855438623, 18.589524038722722 ], [ 74.429924921755585, 18.581269083699478 ] ] ] } },
{ "type": "Feature", "properties": { }, "geometry": { "type": "Polygon", "coordinates": [ [ [ 74.536164455061467, 18.630801103375589 ], [ 74.538405253070977, 18.639056974757736 ], [ 74.548720702392586, 18.639056974757736 ], [ 74.546479594276661, 18.630801103375589 ], [ 74.536164455061467, 18.630801103375589 ] ] ] } },
{ "type": "Feature", "properties": { }, "geometry": { "type": "Polygon", "coordinates": [ [ [ 74.52317106088482, 18.696852362754228 ], [ 74.525420384111769, 18.705109460305398 ], [ 74.535738320174019, 18.705109460305398 ], [ 74.533488685531537, 18.696852362754228 ], [ 74.52317106088482, 18.696852362754228 ] ] ] } },
{ "type": "Feature", "properties": { }, "geometry": { "type": "Polygon", "coordinates": [ [ [ 74.195246430119383, 18.705109460305398 ], [ 74.184928494057104, 18.705109460305398 ], [ 74.187168718441001, 18.713366711478162 ], [ 74.197486966082636, 18.713366711478162 ], [ 74.195246430119383, 18.705109460305398 ] ] ] } },
{ "type": "Feature", "properties": { }, "geometry": { "type": "Polygon", "coordinates": [ [ [ 74.591833936998313, 18.721624116350487 ], [ 74.581515377613499, 18.721624116350487 ], [ 74.58376981109393, 18.729881675000314 ], [ 74.594088682385873, 18.729881675000314 ], [ 74.591833936998313, 18.721624116350487 ] ] ] } },
{ "type": "Feature", "properties": { }, "geometry": { "type": "Polygon", "coordinates": [ [ [ 74.22260931587563, 18.729881675000314 ], [ 74.212290444583687, 18.729881675000314 ], [ 74.214534828492589, 18.738139387505619 ], [ 74.224854011855612, 18.738139387505619 ], [ 74.22260931587563, 18.729881675000314 ] ] ] } },
{ "type": "Feature", "properties": { }, "geometry": { "type": "Polygon", "coordinates": [ [ [ 74.59958404178191, 18.787688897870709 ], [ 74.597321307131963, 18.7794302605943 ], [ 74.587000560952958, 18.7794302605943 ], [ 74.589262982547297, 18.787688897870709 ], [ 74.59958404178191, 18.787688897870709 ] ] ] } },
{ "type": "Feature", "properties": { }, "geometry": { "type": "Polygon", "coordinates": [ [ [ 74.59958404178191, 18.787688897870709 ], [ 74.601847963507723, 18.795947689548829 ], [ 74.612169335962164, 18.795947689548829 ], [ 74.60990510101648, 18.787688897870709 ], [ 74.59958404178191, 18.787688897870709 ] ] ] } },
{ "type": "Feature", "properties": { }, "geometry": { "type": "Polygon", "coordinates": [ [ [ 74.37929538286987, 18.812465736422606 ], [ 74.368973383482867, 18.812465736422606 ], [ 74.371233652838171, 18.820724991774519 ], [ 74.381555965937963, 18.820724991774519 ], [ 74.37929538286987, 18.812465736422606 ] ] ] } },
{ "type": "Feature", "properties": { }, "geometry": { "type": "Polygon", "coordinates": [ [ [ 74.515746036235527, 18.820724991774519 ], [ 74.505423723135706, 18.820724991774519 ], [ 74.507689257387469, 18.828984401840614 ], [ 74.518011884364498, 18.828984401840614 ], [ 74.515746036235527, 18.820724991774519 ] ] ] } },
{ "type": "Feature", "properties": { }, "geometry": { "type": "Polygon", "coordinates": [ [ [ 74.470930866080792, 18.845503686428078 ], [ 74.473198704538774, 18.853763561105808 ], [ 74.483522274134216, 18.853763561105808 ], [ 74.481254121305568, 18.845503686428078 ], [ 74.470930866080792, 18.845503686428078 ] ] ] } },
{ "type": "Feature", "properties": { }, "geometry": { "type": "Polygon", "coordinates": [ [ [ 74.328668730202622, 18.853763561105808 ], [ 74.330933352339102, 18.862023590810491 ], [ 74.341257236469758, 18.862023590810491 ], [ 74.338992299798051, 18.853763561105808 ], [ 74.328668730202622, 18.853763561105808 ] ] ] } },
{ "type": "Feature", "properties": { }, "geometry": { "type": "Polygon", "coordinates": [ [ [ 74.292917110175566, 18.911587028986123 ], [ 74.282591335375329, 18.911587028986123 ], [ 74.284862365858558, 18.919848146070628 ], [ 74.295188456347148, 18.919848146070628 ], [ 74.292917110175566, 18.911587028986123 ] ] ] } },
{ "type": "Feature", "properties": { }, "geometry": { "type": "Polygon", "coordinates": [ [ [ 74.304285708511543, 18.95289417172431 ], [ 74.293958353620098, 18.95289417172431 ], [ 74.296235318524651, 18.961156067858543 ], [ 74.306562989929404, 18.961156067858543 ], [ 74.304285708511543, 18.95289417172431 ] ] ] } },
{ "type": "Feature", "properties": { }, "geometry": { "type": "Polygon", "coordinates": [ [ [ 74.681786724423162, 19.01073072435771 ], [ 74.671457150469934, 19.01073072435771 ], [ 74.673753554698692, 19.018993714455657 ], [ 74.68408344632185, 19.018993714455657 ], [ 74.681786724423162, 19.01073072435771 ] ] ] } },
{ "type": "Feature", "properties": { }, "geometry": { "type": "Polygon", "coordinates": [ [ [ 74.689861880929584, 19.076839034188158 ], [ 74.679529760983144, 19.076839034188158 ], [ 74.681835420351135, 19.085103279242684 ], [ 74.692167859291956, 19.085103279242684 ], [ 74.689861880929584, 19.076839034188158 ] ] ] } },
{ "type": "Feature", "properties": { }, "geometry": { "type": "Polygon", "coordinates": [ [ [ 74.28920274059999, 19.085103279242684 ], [ 74.278870301659168, 19.085103279242684 ], [ 74.281164711760965, 19.093367681520611 ], [ 74.291497469861909, 19.093367681520611 ], [ 74.28920274059999, 19.085103279242684 ] ] ] } },
{ "type": "Feature", "properties": { }, "geometry": { "type": "Polygon", "coordinates": [ [ [ 74.715140551999951, 19.093367681520611 ], [ 74.704807793899022, 19.093367681520611 ], [ 74.707116488181526, 19.101632241100603 ], [ 74.717449565608348, 19.101632241100603 ], [ 74.715140551999951, 19.093367681520611 ] ] ] } },
{ "type": "Feature", "properties": { }, "geometry": { "type": "Polygon", "coordinates": [ [ [ 74.632608487439612, 19.167754390062253 ], [ 74.62227284943225, 19.167754390062253 ], [ 74.624589136900525, 19.176020368904233 ], [ 74.634925095727766, 19.176020368904233 ], [ 74.632608487439612, 19.167754390062253 ] ] ] } },
{ "type": "Feature", "properties": { }, "geometry": { "type": "Polygon", "coordinates": [ [ [ 74.450333950100145, 19.291760708023677 ], [ 74.452661804215438, 19.300029066500379 ], [ 74.463002595310343, 19.300029066500379 ], [ 74.460674417877485, 19.291760708023677 ], [ 74.450333950100145, 19.291760708023677 ] ] ] } },
{ "type": "Feature", "properties": { }, "geometry": { "type": "Polygon", "coordinates": [ [ [ 74.653254526622561, 19.424073600916181 ], [ 74.655606855604944, 19.432344517286548 ], [ 74.665952842502705, 19.432344517286548 ], [ 74.663600187527862, 19.424073600916181 ], [ 74.653254526622561, 19.424073600916181 ] ] ] } },
{ "type": "Feature", "properties": { }, "geometry": { "type": "Polygon", "coordinates": [ [ [ 74.495269829798019, 19.523335210618256 ], [ 74.484920245915248, 19.523335210618256 ], [ 74.487280871961886, 19.531608058737852 ], [ 74.49763078385061, 19.531608058737852 ], [ 74.495269829798019, 19.523335210618256 ] ] ] } },
{ "type": "Feature", "properties": { }, "geometry": { "type": "Polygon", "coordinates": [ [ [ 74.558842829169961, 19.564701066970791 ], [ 74.54849160357621, 19.564701066970791 ], [ 74.550859925171579, 19.5729747233657 ], [ 74.561211479612098, 19.5729747233657 ], [ 74.558842829169961, 19.564701066970791 ] ] ] } },
{ "type": "Feature", "properties": { }, "geometry": { "type": "Polygon", "coordinates": [ [ [ 74.449710624267425, 19.581248541654549 ], [ 74.439358740811826, 19.581248541654549 ], [ 74.441725865820459, 19.589522521916994 ], [ 74.452078078459465, 19.589522521916994 ], [ 74.449710624267425, 19.581248541654549 ] ] ] } },
{ "type": "Feature", "properties": { }, "geometry": { "type": "Polygon", "coordinates": [ [ [ 74.612109692853466, 19.606070968681454 ], [ 74.601756821342434, 19.606070968681454 ], [ 74.604132525157027, 19.614345435342894 ], [ 74.614485726356762, 19.614345435342894 ], [ 74.612109692853466, 19.606070968681454 ] ] ] } },
{ "type": "Feature", "properties": { }, "geometry": { "type": "Polygon", "coordinates": [ [ [ 74.788108508541001, 19.606070968681454 ], [ 74.777755637029983, 19.606070968681454 ], [ 74.780136945552499, 19.614345435342894 ], [ 74.790490146752219, 19.614345435342894 ], [ 74.788108508541001, 19.606070968681454 ] ] ] } },
{ "type": "Feature", "properties": { }, "geometry": { "type": "Polygon", "coordinates": [ [ [ 74.645545329955979, 19.614345435342894 ], [ 74.635192128756245, 19.614345435342894 ], [ 74.637570036465249, 19.622620064296768 ], [ 74.647923567522199, 19.622620064296768 ], [ 74.645545329955979, 19.614345435342894 ] ] ] } },
{ "type": "Feature", "properties": { }, "geometry": { "type": "Polygon", "coordinates": [ [ [ 74.812771456726608, 19.655720204631937 ], [ 74.802416604554722, 19.655720204631937 ], [ 74.804805551708114, 19.663995646244615 ], [ 74.815160734580488, 19.663995646244615 ], [ 74.812771456726608, 19.655720204631937 ] ] ] } },
{ "type": "Feature", "properties": { }, "geometry": { "type": "Polygon", "coordinates": [ [ [ 74.584143838426414, 19.688822948029323 ], [ 74.586530374359114, 19.697099041206009 ], [ 74.596886881721673, 19.697099041206009 ], [ 74.594500014413086, 19.688822948029323 ], [ 74.584143838426414, 19.688822948029323 ] ] ] } },
{ "type": "Feature", "properties": { }, "geometry": { "type": "Polygon", "coordinates": [ [ [ 74.792887546365563, 19.730205045619289 ], [ 74.795286481962421, 19.738481955048986 ], [ 74.805644648739687, 19.738481955048986 ], [ 74.803245380921695, 19.730205045619289 ], [ 74.792887546365563, 19.730205045619289 ] ] ] } },
{ "type": "Feature", "properties": { }, "geometry": { "type": "Polygon", "coordinates": [ [ [ 74.844893425462416, 19.837817643359596 ], [ 74.834531258822224, 19.837817643359596 ], [ 74.8369464358599, 19.846096684411478 ], [ 74.847308936924151, 19.846096684411478 ], [ 74.844893425462416, 19.837817643359596 ] ] ] } },
{ "type": "Feature", "properties": { }, "geometry": { "type": "Polygon", "coordinates": [ [ [ 74.930208945438082, 19.846096684411478 ], [ 74.919846444373846, 19.846096684411478 ], [ 74.922265524223278, 19.854375889995321 ], [ 74.932628359881349, 19.854375889995321 ], [ 74.930208945438082, 19.846096684411478 ] ] ] } },
{ "type": "Feature", "properties": { }, "geometry": { "type": "Polygon", "coordinates": [ [ [ 74.924014835019278, 19.895774388702829 ], [ 74.91365032384401, 19.895774388702829 ], [ 74.916076103846208, 19.90405458316399 ], [ 74.926440950634856, 19.90405458316399 ], [ 74.924014835019278, 19.895774388702829 ] ] ] } },
{ "type": "Feature", "properties": { }, "geometry": { "type": "Polygon", "coordinates": [ [ [ 74.734352018822165, 19.920615467448556 ], [ 74.739200083842192, 19.937177012751924 ], [ 74.749566274785735, 19.937177012751924 ], [ 74.744717537347924, 19.920615467448556 ], [ 74.734352018822165, 19.920615467448556 ] ] ] } },
{ "type": "Feature", "properties": { }, "geometry": { "type": "Polygon", "coordinates": [ [ [ 74.783092067245434, 19.945458033486648 ], [ 74.772725539837609, 19.945458033486648 ], [ 74.775153651458595, 19.953739219717288 ], [ 74.785520515501005, 19.953739219717288 ], [ 74.783092067245434, 19.945458033486648 ] ] ] } },
{ "type": "Feature", "properties": { }, "geometry": { "type": "Polygon", "coordinates": [ [ [ 74.792184857187152, 20.011712163976949 ], [ 74.781815631930016, 20.011712163976949 ], [ 74.784253245040645, 20.019994677072379 ], [ 74.794622808296538, 20.019994677072379 ], [ 74.792184857187152, 20.011712163976949 ] ] ] } },
{ "type": "Feature", "properties": { }, "geometry": { "type": "Polygon", "coordinates": [ [ [ 74.905070370585335, 20.077976927430299 ], [ 74.89469843655543, 20.077976927430299 ], [ 74.897148963207499, 20.086260772547849 ], [ 74.907521236603216, 20.086260772547849 ], [ 74.905070370585335, 20.077976927430299 ] ] ] } },
{ "type": "Feature", "properties": { }, "geometry": { "type": "Polygon", "coordinates": [ [ [ 75.02301269161417, 20.160822897261557 ], [ 75.01263735622139, 20.160822897261557 ], [ 75.015103321941723, 20.169108414673076 ], [ 75.02547899841332, 20.169108414673076 ], [ 75.02301269161417, 20.160822897261557 ] ] ] } },
{ "type": "Feature", "properties": { }, "geometry": { "type": "Polygon", "coordinates": [ [ [ 74.794737662288441, 20.334854082188251 ], [ 74.815502730560411, 20.334854082188251 ], [ 74.813020163031453, 20.326565195900184 ], [ 74.792255783796946, 20.326565195900184 ], [ 74.794737662288441, 20.334854082188251 ] ] ] } },
{ "type": "Feature", "properties": { }, "geometry": { "type": "Polygon", "coordinates": [ [ [ 74.844166731883249, 20.326565195900184 ], [ 74.833784542265974, 20.326565195900184 ], [ 74.836267798832409, 20.334854082188251 ], [ 74.846650332968395, 20.334854082188251 ], [ 74.844166731883249, 20.326565195900184 ] ] ] } },
{ "type": "Feature", "properties": { }, "geometry": { "type": "Polygon", "coordinates": [ [ [ 74.962929589950505, 20.376301054692547 ], [ 74.952545330632603, 20.376301054692547 ], [ 74.955039507432105, 20.384590957975401 ], [ 74.965424112304362, 20.384590957975401 ], [ 74.962929589950505, 20.376301054692547 ] ] ] } },
{ "type": "Feature", "properties": { }, "geometry": { "type": "Polygon", "coordinates": [ [ [ 75.095040456954578, 20.40117127397394 ], [ 75.074269863955934, 20.40117127397394 ], [ 75.076771589669804, 20.409461686852428 ], [ 75.097542874814067, 20.409461686852428 ], [ 75.095040456954578, 20.40117127397394 ] ] ] } },
{ "type": "Feature", "properties": { }, "geometry": { "type": "Polygon", "coordinates": [ [ [ 74.965028688342173, 20.417752269758946 ], [ 74.954642699524342, 20.417752269758946 ], [ 74.957142768465445, 20.426043022774937 ], [ 74.967529103701949, 20.426043022774937 ], [ 74.965028688342173, 20.417752269758946 ] ] ] } },
{ "type": "Feature", "properties": { }, "geometry": { "type": "Polygon", "coordinates": [ [ [ 74.889062074819662, 20.47579111773296 ], [ 74.891568109833557, 20.484083063797193 ], [ 74.901956874847599, 20.484083063797193 ], [ 74.899450492203016, 20.47579111773296 ], [ 74.889062074819662, 20.47579111773296 ] ] ] } },
{ "type": "Feature", "properties": { }, "geometry": { "type": "Polygon", "coordinates": [ [ [ 74.886194468123833, 20.500667468292267 ], [ 74.888703904730789, 20.508959926886345 ], [ 74.899093713677189, 20.508959926886345 ], [ 74.89658392891937, 20.500667468292267 ], [ 74.886194468123833, 20.500667468292267 ] ] ] } },
{ "type": "Feature", "properties": { }, "geometry": { "type": "Polygon", "coordinates": [ [ [ 74.927752311305966, 20.500667468292267 ], [ 74.917362850510429, 20.500667468292267 ], [ 74.919873331569974, 20.508959926886345 ], [ 74.930263140516359, 20.508959926886345 ], [ 74.927752311305966, 20.500667468292267 ] ] ] } },
{ "type": "Feature", "properties": { }, "geometry": { "type": "Polygon", "coordinates": [ [ [ 75.088627579909243, 20.517252556486959 ], [ 75.078237422638509, 20.517252556486959 ], [ 75.080755633405502, 20.525545357175773 ], [ 75.091146139174114, 20.525545357175773 ], [ 75.088627579909243, 20.517252556486959 ] ] ] } },
{ "type": "Feature", "properties": { }, "geometry": { "type": "Polygon", "coordinates": [ [ [ 74.91417869687487, 20.5587182724469 ], [ 74.903786795378537, 20.5587182724469 ], [ 74.90630499219867, 20.567011929802273 ], [ 74.916697243061208, 20.567011929802273 ], [ 74.91417869687487, 20.5587182724469 ] ] ] } },
{ "type": "Feature", "properties": { }, "geometry": { "type": "Polygon", "coordinates": [ [ [ 74.989145861759965, 20.600188275827232 ], [ 74.978752211693887, 20.600188275827232 ], [ 74.981278777565009, 20.60848279189344 ], [ 74.991672777866867, 20.60848279189344 ], [ 74.989145861759965, 20.600188275827232 ] ] ] } },
{ "type": "Feature", "properties": { }, "geometry": { "type": "Polygon", "coordinates": [ [ [ 74.866944774244587, 20.60848279189344 ], [ 74.856550773942729, 20.60848279189344 ], [ 74.859074390504603, 20.61677747994732 ], [ 74.869468741216295, 20.61677747994732 ], [ 74.866944774244587, 20.60848279189344 ] ] ] } },
{ "type": "Feature", "properties": { }, "geometry": { "type": "Polygon", "coordinates": [ [ [ 74.82876022920297, 20.85739861678919 ], [ 74.818355640675705, 20.85739861678919 ], [ 74.820913112568576, 20.865698502631528 ], [ 74.831318056749765, 20.865698502631528 ], [ 74.82876022920297, 20.85739861678919 ] ] ] } },
{ "type": "Feature", "properties": { }, "geometry": { "type": "Polygon", "coordinates": [ [ [ 74.935367498561732, 20.865698502631528 ], [ 74.924962554380542, 20.865698502631528 ], [ 74.927524846990821, 20.873998563008499 ], [ 74.937930147001509, 20.873998563008499 ], [ 74.935367498561732, 20.865698502631528 ] ] ] } },
{ "type": "Feature", "properties": { }, "geometry": { "type": "Polygon", "coordinates": [ [ [ 75.119961445696475, 20.890599207696177 ], [ 75.122533947377335, 20.898899792171868 ], [ 75.132940315930355, 20.898899792171868 ], [ 75.130367457893044, 20.890599207696177 ], [ 75.119961445696475, 20.890599207696177 ] ] ] } },
{ "type": "Feature", "properties": { }, "geometry": { "type": "Polygon", "coordinates": [ [ [ 75.054461323447526, 21.114776607749519 ], [ 75.057063512293851, 21.123081942593537 ], [ 75.067479569068482, 21.123081942593537 ], [ 75.064877019102937, 21.114776607749519 ], [ 75.054461323447526, 21.114776607749519 ] ] ] } },
{ "type": "Feature", "properties": { }, "geometry": { "type": "Polygon", "coordinates": [ [ [ 75.325522568774289, 21.247683263753188 ], [ 75.315101073932254, 21.247683263753188 ], [ 75.317731367315034, 21.255991442168042 ], [ 75.328153226115802, 21.255991442168042 ], [ 75.325522568774289, 21.247683263753188 ] ] ] } },
{ "type": "Feature", "properties": { }, "geometry": { "type": "Polygon", "coordinates": [ [ [ 75.102096960436128, 21.430504534885721 ], [ 75.091667417328949, 21.430504534885721 ], [ 75.094316147260173, 21.438816658061501 ], [ 75.104746058251607, 21.438816658061501 ], [ 75.102096960436128, 21.430504534885721 ] ] ] } },
{ "type": "Feature", "properties": { }, "geometry": { "type": "Polygon", "coordinates": [ [ [ 74.166179958878104, 15.914256895719982 ], [ 74.155958459138731, 15.914256895719982 ], [ 74.157831858252294, 15.922466436618405 ], [ 74.168053616217009, 15.922466436618405 ], [ 74.166179958878104, 15.914256895719982 ] ] ] } },
{ "type": "Feature", "properties": { }, "geometry": { "type": "Polygon", "coordinates": [ [ [ 74.174210012650761, 16.563211181781949 ], [ 74.163967643933617, 16.563211181781949 ], [ 74.16592479143317, 16.571431070870823 ], [ 74.176167430440955, 16.571431070870823 ], [ 74.174210012650761, 16.563211181781949 ] ] ] } },
{ "type": "Feature", "properties": { }, "geometry": { "type": "Polygon", "coordinates": [ [ [ 74.228132000544633, 16.702967562813882 ], [ 74.217885015909204, 16.702967562813882 ], [ 74.21986170889349, 16.711189739004869 ], [ 74.230108966443495, 16.711189739004869 ], [ 74.228132000544633, 16.702967562813882 ] ] ] } },
{ "type": "Feature", "properties": { }, "geometry": { "type": "Polygon", "coordinates": [ [ [ 74.379519668332634, 16.735857079099922 ], [ 74.369271591110802, 16.735857079099922 ], [ 74.371256595842297, 16.744079796553621 ], [ 74.381504946597559, 16.744079796553621 ], [ 74.379519668332634, 16.735857079099922 ] ] ] } },
{ "type": "Feature", "properties": { }, "geometry": { "type": "Polygon", "coordinates": [ [ [ 74.321999601723817, 16.752302649509026 ], [ 74.31175097728034, 16.752302649509026 ], [ 74.313736585941413, 16.76052563804058 ], [ 74.323985484227961, 16.76052563804058 ], [ 74.321999601723817, 16.752302649509026 ] ] ] } },
{ "type": "Feature", "properties": { }, "geometry": { "type": "Polygon", "coordinates": [ [ [ 74.254228283840106, 16.768748762222714 ], [ 74.256214493726333, 16.776972022129911 ], [ 74.266463940163661, 16.776972022129911 ], [ 74.264477456124581, 16.768748762222714 ], [ 74.254228283840106, 16.768748762222714 ] ] ] } },
{ "type": "Feature", "properties": { }, "geometry": { "type": "Polygon", "coordinates": [ [ [ 74.187861906308584, 16.875661754694018 ], [ 74.189860243255367, 16.883886785809342 ], [ 74.200113267791821, 16.883886785809342 ], [ 74.198114654675237, 16.875661754694018 ], [ 74.187861906308584, 16.875661754694018 ] ] ] } },
{ "type": "Feature", "properties": { }, "geometry": { "type": "Polygon", "coordinates": [ [ [ 74.375848697107415, 17.015505935043823 ], [ 74.365591232696474, 17.015505935043823 ], [ 74.367612623230428, 17.023733301396177 ], [ 74.377870366457671, 17.023733301396177 ], [ 74.375848697107415, 17.015505935043823 ] ] ] } },
{ "type": "Feature", "properties": { }, "geometry": { "type": "Polygon", "coordinates": [ [ [ 74.39838585291217, 17.023733301396177 ], [ 74.388128109684928, 17.023733301396177 ], [ 74.390151189142742, 17.031960805788767 ], [ 74.400409211342321, 17.031960805788767 ], [ 74.39838585291217, 17.023733301396177 ] ] ] } },
{ "type": "Feature", "properties": { }, "geometry": { "type": "Polygon", "coordinates": [ [ [ 74.45372520811847, 17.04018844829648 ], [ 74.443466906790519, 17.04018844829648 ], [ 74.445493646030101, 17.048416228994245 ], [ 74.455752226642488, 17.048416228994245 ], [ 74.45372520811847, 17.04018844829648 ] ] ] } },
{ "type": "Feature", "properties": { }, "geometry": { "type": "Polygon", "coordinates": [ [ [ 74.312004628886541, 17.08955720795689 ], [ 74.301744649509644, 17.08955720795689 ], [ 74.303773986419472, 17.09778581936899 ], [ 74.314034246017968, 17.09778581936899 ], [ 74.312004628886541, 17.08955720795689 ] ] ] } },
{ "type": "Feature", "properties": { }, "geometry": { "type": "Polygon", "coordinates": [ [ [ 74.328357697716811, 17.114243458412808 ], [ 74.318096877206074, 17.114243458412808 ], [ 74.320129891783495, 17.122472486194596 ], [ 74.330390992984917, 17.122472486194596 ], [ 74.328357697716811, 17.114243458412808 ] ] ] } },
{ "type": "Feature", "properties": { }, "geometry": { "type": "Polygon", "coordinates": [ [ [ 74.229723895129723, 17.171849573253063 ], [ 74.219461106497889, 17.171849573253063 ], [ 74.22149895792974, 17.180079575191758 ], [ 74.231762028348015, 17.180079575191758 ], [ 74.229723895129723, 17.171849573253063 ] ] ] } },
{ "type": "Feature", "properties": { }, "geometry": { "type": "Polygon", "coordinates": [ [ [ 74.436991877720203, 17.262387277604184 ], [ 74.426725980813927, 17.262387277604184 ], [ 74.428781414087339, 17.270618817803093 ], [ 74.439047594505567, 17.270618817803093 ], [ 74.436991877720203, 17.262387277604184 ] ] ] } },
{ "type": "Feature", "properties": { }, "geometry": { "type": "Polygon", "coordinates": [ [ [ 74.239880941882163, 17.295314280461636 ], [ 74.241935533376093, 17.303546382286218 ], [ 74.252202849413294, 17.303546382286218 ], [ 74.250147973778851, 17.295314280461636 ], [ 74.239880941882163, 17.295314280461636 ] ] ] } },
{ "type": "Feature", "properties": { }, "geometry": { "type": "Polygon", "coordinates": [ [ [ 74.523447834969161, 17.402342592144787 ], [ 74.525524381486676, 17.410576527585576 ], [ 74.535795405671351, 17.410576527585576 ], [ 74.533718572966521, 17.402342592144787 ], [ 74.523447834969161, 17.402342592144787 ] ] ] } },
{ "type": "Feature", "properties": { }, "geometry": { "type": "Polygon", "coordinates": [ [ [ 74.332447172232094, 17.418810604602232 ], [ 74.322175861702405, 17.418810604602232 ], [ 74.324248967016104, 17.427044823270325 ], [ 74.334520564048532, 17.427044823270325 ], [ 74.332447172232094, 17.418810604602232 ] ] ] } },
{ "type": "Feature", "properties": { }, "geometry": { "type": "Polygon", "coordinates": [ [ [ 74.593926760567271, 17.558811648272954 ], [ 74.583650558007591, 17.558811648272954 ], [ 74.585749470418406, 17.567048286591064 ], [ 74.596025962168127, 17.567048286591064 ], [ 74.593926760567271, 17.558811648272954 ] ] ] } },
{ "type": "Feature", "properties": { }, "geometry": { "type": "Polygon", "coordinates": [ [ [ 74.44209218267288, 17.60823362491012 ], [ 74.431814242596019, 17.60823362491012 ], [ 74.433915415193511, 17.616471122450715 ], [ 74.444193645411445, 17.616471122450715 ], [ 74.44209218267288, 17.60823362491012 ] ] ] } },
{ "type": "Feature", "properties": { }, "geometry": { "type": "Polygon", "coordinates": [ [ [ 74.623726761048388, 17.715332305273794 ], [ 74.613445036753347, 17.715332305273794 ], [ 74.615565548385632, 17.723571673842631 ], [ 74.625847564886953, 17.723571673842631 ], [ 74.623726761048388, 17.715332305273794 ] ] ] } },
{ "type": "Feature", "properties": { }, "geometry": { "type": "Polygon", "coordinates": [ [ [ 74.627354964772181, 17.888389482633603 ], [ 74.617067070678686, 17.888389482633603 ], [ 74.619210708001361, 17.896631900815773 ], [ 74.629498897650748, 17.896631900815773 ], [ 74.627354964772181, 17.888389482633603 ] ] ] } },
{ "type": "Feature", "properties": { }, "geometry": { "type": "Polygon", "coordinates": [ [ [ 74.539952822264851, 17.987308157545439 ], [ 74.529661370937021, 17.987308157545439 ], [ 74.531815673643479, 17.995552333485037 ], [ 74.542107422448851, 17.995552333485037 ], [ 74.539952822264851, 17.987308157545439 ] ] ] } },
{ "type": "Feature", "properties": { }, "geometry": { "type": "Polygon", "coordinates": [ [ [ 74.593566166475725, 17.995552333485037 ], [ 74.583274417670353, 17.995552333485037 ], [ 74.585431370093588, 18.003796656401924 ], [ 74.595723416536899, 18.003796656401924 ], [ 74.593566166475725, 17.995552333485037 ] ] ] } },
{ "type": "Feature", "properties": { }, "geometry": { "type": "Polygon", "coordinates": [ [ [ 74.730049558506806, 18.04502047832753 ], [ 74.72571742830587, 18.028530507782484 ], [ 74.715424487985985, 18.028530507782484 ], [ 74.719756021466566, 18.04502047832753 ], [ 74.730049558506806, 18.04502047832753 ] ] ] } },
{ "type": "Feature", "properties": { }, "geometry": { "type": "Polygon", "coordinates": [ [ [ 74.598397509286826, 18.053265684717463 ], [ 74.588103673645492, 18.053265684717463 ], [ 74.590268471486482, 18.061511038621259 ], [ 74.600562605889579, 18.061511038621259 ], [ 74.598397509286826, 18.053265684717463 ] ] ] } },
{ "type": "Feature", "properties": { }, "geometry": { "type": "Polygon", "coordinates": [ [ [ 74.66016052313492, 18.053265684717463 ], [ 74.639572851852236, 18.053265684717463 ], [ 74.641739143502022, 18.061511038621259 ], [ 74.664495467027493, 18.069756540115641 ], [ 74.66016052313492, 18.053265684717463 ] ] ] } },
{ "type": "Feature", "properties": { }, "geometry": { "type": "Polygon", "coordinates": [ [ [ 74.6769594199842, 18.078002189277328 ], [ 74.666664687575434, 18.078002189277328 ], [ 74.66883507423492, 18.086247986183075 ], [ 74.67913010588768, 18.086247986183075 ], [ 74.6769594199842, 18.078002189277328 ] ] ] } },
{ "type": "Feature", "properties": { }, "geometry": { "type": "Polygon", "coordinates": [ [ [ 74.562097999867447, 18.110986264132293 ], [ 74.551802069517692, 18.110986264132293 ], [ 74.553973524806523, 18.119232652782003 ], [ 74.564269755043767, 18.119232652782003 ], [ 74.562097999867447, 18.110986264132293 ] ] ] } },
{ "type": "Feature", "properties": { }, "geometry": { "type": "Polygon", "coordinates": [ [ [ 74.574565985280998, 18.119232652782003 ], [ 74.564269755043767, 18.119232652782003 ], [ 74.566442675978337, 18.127479189559715 ], [ 74.576739206264037, 18.127479189559715 ], [ 74.574565985280998, 18.119232652782003 ] ] ] } },
{ "type": "Feature", "properties": { }, "geometry": { "type": "Polygon", "coordinates": [ [ [ 74.671585067906491, 18.135725874542263 ], [ 74.673763324913949, 18.143972707806508 ], [ 74.68406045577963, 18.143972707806508 ], [ 74.681881898401642, 18.135725874542263 ], [ 74.671585067906491, 18.135725874542263 ] ] ] } },
{ "type": "Feature", "properties": { }, "geometry": { "type": "Polygon", "coordinates": [ [ [ 74.694357586645324, 18.143972707806508 ], [ 74.696537612936694, 18.152219689429298 ], [ 74.706835044334014, 18.152219689429298 ], [ 74.704654717511019, 18.143972707806508 ], [ 74.694357586645324, 18.143972707806508 ] ] ] } },
{ "type": "Feature", "properties": { }, "geometry": { "type": "Polygon", "coordinates": [ [ [ 74.725248979242423, 18.143972707806508 ], [ 74.714951848376714, 18.143972707806508 ], [ 74.717132475731319, 18.152219689429298 ], [ 74.727429907128624, 18.152219689429298 ], [ 74.725248979242423, 18.143972707806508 ] ] ] } },
{ "type": "Feature", "properties": { }, "geometry": { "type": "Polygon", "coordinates": [ [ [ 74.616336951335185, 18.160466819487528 ], [ 74.606039219245133, 18.160466819487528 ], [ 74.608218875791252, 18.168714098058093 ], [ 74.618516908735231, 18.168714098058093 ], [ 74.616336951335185, 18.160466819487528 ] ] ] } },
{ "type": "Feature", "properties": { }, "geometry": { "type": "Polygon", "coordinates": [ [ [ 74.60228305787291, 18.185209101043874 ], [ 74.59198442273744, 18.185209101043874 ], [ 74.594166981303175, 18.193456825612966 ], [ 74.604465917776324, 18.193456825612966 ], [ 74.60228305787291, 18.185209101043874 ] ] ] } },
{ "type": "Feature", "properties": { }, "geometry": { "type": "Polygon", "coordinates": [ [ [ 74.748651028400289, 18.193456825612966 ], [ 74.738352091927126, 18.193456825612966 ], [ 74.740540039958134, 18.201704699002121 ], [ 74.750839277930268, 18.201704699002121 ], [ 74.748651028400289, 18.193456825612966 ] ] ] } },
{ "type": "Feature", "properties": { }, "geometry": { "type": "Polygon", "coordinates": [ [ [ 74.654409620402561, 18.226449212859805 ], [ 74.644109476965085, 18.226449212859805 ], [ 74.646299089362827, 18.23469768229911 ], [ 74.656599534945002, 18.23469768229911 ], [ 74.654409620402561, 18.226449212859805 ] ] ] } },
{ "type": "Feature", "properties": { }, "geometry": { "type": "Polygon", "coordinates": [ [ [ 74.613209046652699, 18.226449212859805 ], [ 74.602908903215237, 18.226449212859805 ], [ 74.605097307034185, 18.23469768229911 ], [ 74.61539775261636, 18.23469768229911 ], [ 74.613209046652699, 18.226449212859805 ] ] ] } },
{ "type": "Feature", "properties": { }, "geometry": { "type": "Polygon", "coordinates": [ [ [ 74.756583969630483, 18.300690815670613 ], [ 74.746281101072526, 18.300690815670613 ], [ 74.748483687594117, 18.30894063073071 ], [ 74.758786859751908, 18.30894063073071 ], [ 74.756583969630483, 18.300690815670613 ] ] ] } },
{ "type": "Feature", "properties": { }, "geometry": { "type": "Polygon", "coordinates": [ [ [ 74.774239995524454, 18.366693537649066 ], [ 74.77645229052402, 18.374944554063863 ], [ 74.786757897311674, 18.374944554063863 ], [ 74.784545297416088, 18.366693537649066 ], [ 74.774239995524454, 18.366693537649066 ] ] ] } },
{ "type": "Feature", "properties": { }, "geometry": { "type": "Polygon", "coordinates": [ [ [ 74.673396222647511, 18.374944554063863 ], [ 74.675606643978057, 18.383195720995662 ], [ 74.685912555823919, 18.383195720995662 ], [ 74.683701829435137, 18.374944554063863 ], [ 74.673396222647511, 18.374944554063863 ] ] ] } },
{ "type": "Feature", "properties": { }, "geometry": { "type": "Polygon", "coordinates": [ [ [ 74.602003018400339, 18.41620189543934 ], [ 74.591695884698808, 18.41620189543934 ], [ 74.593909434009177, 18.424453816116124 ], [ 74.60421687358054, 18.424453816116124 ], [ 74.602003018400339, 18.41620189543934 ] ] ] } },
{ "type": "Feature", "properties": { }, "geometry": { "type": "Polygon", "coordinates": [ [ [ 74.713949076244887, 18.449210484342693 ], [ 74.703640718089233, 18.449210484342693 ], [ 74.705862036629384, 18.45746300940835 ], [ 74.716170701304861, 18.45746300940835 ], [ 74.713949076244887, 18.449210484342693 ] ] ] } },
{ "type": "Feature", "properties": { }, "geometry": { "type": "Polygon", "coordinates": [ [ [ 74.582953714310023, 18.498727905648323 ], [ 74.572643514595597, 18.498727905648323 ], [ 74.574867602744533, 18.506981339621127 ], [ 74.58517810995501, 18.506981339621127 ], [ 74.582953714310023, 18.498727905648323 ] ] ] } },
{ "type": "Feature", "properties": { }, "geometry": { "type": "Polygon", "coordinates": [ [ [ 74.855933770732449, 18.630801103375589 ], [ 74.845618631517254, 18.630801103375589 ], [ 74.847868732719476, 18.639056974757736 ], [ 74.858184182041086, 18.639056974757736 ], [ 74.855933770732449, 18.630801103375589 ] ] ] } },
{ "type": "Feature", "properties": { }, "geometry": { "type": "Polygon", "coordinates": [ [ [ 74.78822546267466, 18.647312999138553 ], [ 74.76759394349159, 18.647312999138553 ], [ 74.769843934127252, 18.655569176595865 ], [ 74.790476074177235, 18.655569176595865 ], [ 74.78822546267466, 18.647312999138553 ] ] ] } },
{ "type": "Feature", "properties": { }, "geometry": { "type": "Polygon", "coordinates": [ [ [ 74.686686559317209, 18.804206635706759 ], [ 74.676364873478633, 18.804206635706759 ], [ 74.678633365093219, 18.812465736422606 ], [ 74.688955364480236, 18.812465736422606 ], [ 74.686686559317209, 18.804206635706759 ] ] ] } },
{ "type": "Feature", "properties": { }, "geometry": { "type": "Polygon", "coordinates": [ [ [ 74.82769069367491, 18.828984401840614 ], [ 74.817368066697881, 18.828984401840614 ], [ 74.819644209128668, 18.837243966699077 ], [ 74.829967150147326, 18.837243966699077 ], [ 74.82769069367491, 18.828984401840614 ] ] ] } },
{ "type": "Feature", "properties": { }, "geometry": { "type": "Polygon", "coordinates": [ [ [ 74.883775614196708, 18.919848146070628 ], [ 74.88606615045066, 18.928109418808337 ], [ 74.896392556792506, 18.928109418808337 ], [ 74.894101704685298, 18.919848146070628 ], [ 74.883775614196708, 18.919848146070628 ] ] ] } },
{ "type": "Feature", "properties": { }, "geometry": { "type": "Polygon", "coordinates": [ [ [ 74.719669846118805, 18.961156067858543 ], [ 74.721960982626712, 18.969418120037918 ], [ 74.732288970709845, 18.969418120037918 ], [ 74.729997517523543, 18.961156067858543 ], [ 74.719669846118805, 18.961156067858543 ] ] ] } },
{ "type": "Feature", "properties": { }, "geometry": { "type": "Polygon", "coordinates": [ [ [ 74.976736101167816, 18.994205213631318 ], [ 74.966407162058445, 18.994205213631318 ], [ 74.968710378644744, 19.002467890775772 ], [ 74.979039635093386, 19.002467890775772 ], [ 74.976736101167816, 18.994205213631318 ] ] ] } },
{ "type": "Feature", "properties": { }, "geometry": { "type": "Polygon", "coordinates": [ [ [ 74.793113019017724, 19.002467890775772 ], [ 74.782783762569082, 19.002467890775772 ], [ 74.785082463955419, 19.01073072435771 ], [ 74.795412037908633, 19.01073072435771 ], [ 74.793113019017724, 19.002467890775772 ] ] ] } },
{ "type": "Feature", "properties": { }, "geometry": { "type": "Polygon", "coordinates": [ [ [ 74.759879708229022, 19.06857494627835 ], [ 74.749547907111221, 19.06857494627835 ], [ 74.751854600608326, 19.076839034188158 ], [ 74.76218672055478, 19.076839034188158 ], [ 74.759879708229022, 19.06857494627835 ] ] ] } },
{ "type": "Feature", "properties": { }, "geometry": { "type": "Polygon", "coordinates": [ [ [ 74.908102344843428, 19.374451469637357 ], [ 74.897758636376736, 19.374451469637357 ], [ 74.90011184249407, 19.382721424420453 ], [ 74.910455875948813, 19.382721424420453 ], [ 74.908102344843428, 19.374451469637357 ] ] ] } },
{ "type": "Feature", "properties": { }, "geometry": { "type": "Polygon", "coordinates": [ [ [ 74.827703608310841, 19.382721424420453 ], [ 74.817359574856098, 19.382721424420453 ], [ 74.819711391055549, 19.390991539269844 ], [ 74.830055749665675, 19.390991539269844 ], [ 74.827703608310841, 19.382721424420453 ] ] ] } },
{ "type": "Feature", "properties": { }, "geometry": { "type": "Polygon", "coordinates": [ [ [ 75.019884741909209, 19.548154239544221 ], [ 75.009534173504306, 19.548154239544221 ], [ 75.01191485490429, 19.556427572390181 ], [ 75.022265751819518, 19.556427572390181 ], [ 75.019884741909209, 19.548154239544221 ] ] ] } },
{ "type": "Feature", "properties": { }, "geometry": { "type": "Polygon", "coordinates": [ [ [ 74.960160370328197, 19.556427572390181 ], [ 74.949809473412969, 19.556427572390181 ], [ 74.952189401732184, 19.564701066970791 ], [ 74.962540627325922, 19.564701066970791 ], [ 74.960160370328197, 19.556427572390181 ] ] ] } },
{ "type": "Feature", "properties": { }, "geometry": { "type": "Polygon", "coordinates": [ [ [ 74.904375359949299, 19.614345435342894 ], [ 74.906761843946015, 19.622620064296768 ], [ 74.917115375002965, 19.622620064296768 ], [ 74.914728561149033, 19.614345435342894 ], [ 74.904375359949299, 19.614345435342894 ] ] ] } },
{ "type": "Feature", "properties": { }, "geometry": { "type": "Polygon", "coordinates": [ [ [ 75.066083561682078, 19.672271250628501 ], [ 75.06848322366875, 19.680547017863447 ], [ 75.07883906844846, 19.680547017863447 ], [ 75.076439075423707, 19.672271250628501 ], [ 75.066083561682078, 19.672271250628501 ] ] ] } },
{ "type": "Feature", "properties": { }, "geometry": { "type": "Polygon", "coordinates": [ [ [ 74.998390877893371, 19.688822948029323 ], [ 74.988034701906699, 19.688822948029323 ], [ 74.990434161498627, 19.697099041206009 ], [ 75.000790668861171, 19.697099041206009 ], [ 74.998390877893371, 19.688822948029323 ] ] ] } },
{ "type": "Feature", "properties": { }, "geometry": { "type": "Polygon", "coordinates": [ [ [ 75.104355742486703, 19.697099041206009 ], [ 75.093999235124144, 19.697099041206009 ], [ 75.096403233603539, 19.705375297473417 ], [ 75.106760072510937, 19.705375297473417 ], [ 75.104355742486703, 19.697099041206009 ] ] ] } },
{ "type": "Feature", "properties": { }, "geometry": { "type": "Polygon", "coordinates": [ [ [ 75.082906913937222, 19.730205045619289 ], [ 75.072549079381091, 19.730205045619289 ], [ 75.074956984948599, 19.738481955048986 ], [ 75.085315151725865, 19.738481955048986 ], [ 75.082906913937222, 19.730205045619289 ] ] ] } },
{ "type": "Feature", "properties": { }, "geometry": { "type": "Polygon", "coordinates": [ [ [ 75.206498033864264, 19.763313664601156 ], [ 75.196138869408301, 19.763313664601156 ], [ 75.19855534376525, 19.771591228472989 ], [ 75.20891484111938, 19.771591228472989 ], [ 75.206498033864264, 19.763313664601156 ] ] ] } },
{ "type": "Feature", "properties": { }, "geometry": { "type": "Polygon", "coordinates": [ [ [ 75.165061376040413, 19.763313664601156 ], [ 75.154702211584436, 19.763313664601156 ], [ 75.157117354348813, 19.771591228472989 ], [ 75.167476851702929, 19.771591228472989 ], [ 75.165061376040413, 19.763313664601156 ] ] ] } },
{ "type": "Feature", "properties": { }, "geometry": { "type": "Polygon", "coordinates": [ [ [ 75.127766848018737, 19.812981506593665 ], [ 75.117405683632526, 19.812981506593665 ], [ 75.119826534061389, 19.821260054530875 ], [ 75.130188032362611, 19.821260054530875 ], [ 75.127766848018737, 19.812981506593665 ] ] ] } },
{ "type": "Feature", "properties": { }, "geometry": { "type": "Polygon", "coordinates": [ [ [ 75.109465035760152, 19.821260054530875 ], [ 75.099103537458916, 19.821260054530875 ], [ 75.101524949552442, 19.829538766759459 ], [ 75.11188678193831, 19.829538766759459 ], [ 75.109465035760152, 19.821260054530875 ] ] ] } },
{ "type": "Feature", "properties": { }, "geometry": { "type": "Polygon", "coordinates": [ [ [ 75.222787758307078, 19.854375889995321 ], [ 75.225217774047692, 19.862655260191364 ], [ 75.23558094446939, 19.862655260191364 ], [ 75.233150593965135, 19.854375889995321 ], [ 75.222787758307078, 19.854375889995321 ] ] ] } },
{ "type": "Feature", "properties": { }, "geometry": { "type": "Polygon", "coordinates": [ [ [ 75.175831496010801, 19.870934795079865 ], [ 75.178262302559517, 19.879214494741085 ], [ 75.188626143018112, 19.879214494741085 ], [ 75.186195001365988, 19.870934795079865 ], [ 75.175831496010801, 19.870934795079865 ] ] ] } },
{ "type": "Feature", "properties": { }, "geometry": { "type": "Polygon", "coordinates": [ [ [ 75.118509287521931, 19.887494359255296 ], [ 75.108145111789995, 19.887494359255296 ], [ 75.110576036174407, 19.895774388702829 ], [ 75.12094054734969, 19.895774388702829 ], [ 75.118509287521931, 19.887494359255296 ] ] ] } },
{ "type": "Feature", "properties": { }, "geometry": { "type": "Polygon", "coordinates": [ [ [ 74.963046651542854, 19.887494359255296 ], [ 74.952682475810917, 19.887494359255296 ], [ 74.95510836854514, 19.895774388702829 ], [ 74.965472879720423, 19.895774388702829 ], [ 74.963046651542854, 19.887494359255296 ] ] ] } },
{ "type": "Feature", "properties": { }, "geometry": { "type": "Polygon", "coordinates": [ [ [ 75.100211524999139, 19.895774388702829 ], [ 75.089847013823857, 19.895774388702829 ], [ 75.092278499253638, 19.90405458316399 ], [ 75.102643346042299, 19.90405458316399 ], [ 75.100211524999139, 19.895774388702829 ] ] ] } },
{ "type": "Feature", "properties": { }, "geometry": { "type": "Polygon", "coordinates": [ [ [ 75.219093407809709, 19.912334942719113 ], [ 75.20872822523755, 19.912334942719113 ], [ 75.21116587100677, 19.920615467448556 ], [ 75.221531389532529, 19.920615467448556 ], [ 75.219093407809709, 19.912334942719113 ] ] ] } },
{ "type": "Feature", "properties": { }, "geometry": { "type": "Polygon", "coordinates": [ [ [ 75.058116931823022, 19.9288961574327 ], [ 75.047751077173501, 19.9288961574327 ], [ 75.050185812148456, 19.937177012751924 ], [ 75.060552003091971, 19.937177012751924 ], [ 75.058116931823022, 19.9288961574327 ] ] ] } },
{ "type": "Feature", "properties": { }, "geometry": { "type": "Polygon", "coordinates": [ [ [ 75.139268737861343, 20.02827735638833 ], [ 75.141720317367344, 20.036560202005429 ], [ 75.162460796898472, 20.036560202005429 ], [ 75.160008540712013, 20.02827735638833 ], [ 75.139268737861343, 20.02827735638833 ] ] ] } },
{ "type": "Feature", "properties": { }, "geometry": { "type": "Polygon", "coordinates": [ [ [ 75.211858047838703, 20.02827735638833 ], [ 75.214311995726334, 20.036560202005429 ], [ 75.224682235491912, 20.036560202005429 ], [ 75.222227949264038, 20.02827735638833 ], [ 75.211858047838703, 20.02827735638833 ] ] ] } },
{ "type": "Feature", "properties": { }, "geometry": { "type": "Polygon", "coordinates": [ [ [ 75.097789132159974, 20.02827735638833 ], [ 75.100239358305032, 20.036560202005429 ], [ 75.11060959807061, 20.036560202005429 ], [ 75.108159033585324, 20.02827735638833 ], [ 75.097789132159974, 20.02827735638833 ] ] ] } },
{ "type": "Feature", "properties": { }, "geometry": { "type": "Polygon", "coordinates": [ [ [ 75.232052530008147, 20.061409737469845 ], [ 75.221681274196783, 20.061409737469845 ], [ 75.224140179732288, 20.06969324909787 ], [ 75.234511774567423, 20.06969324909787 ], [ 75.232052530008147, 20.061409737469845 ] ] ] } },
{ "type": "Feature", "properties": { }, "geometry": { "type": "Polygon", "coordinates": [ [ [ 75.08384988433059, 20.086260772547849 ], [ 75.073477610934859, 20.086260772547849 ], [ 75.075935145151419, 20.094544784531244 ], [ 75.086307758084047, 20.094544784531244 ], [ 75.08384988433059, 20.086260772547849 ] ] ] } },
{ "type": "Feature", "properties": { }, "geometry": { "type": "Polygon", "coordinates": [ [ [ 75.303146747219074, 20.160822897261557 ], [ 75.292771411826308, 20.160822897261557 ], [ 75.297723006470918, 20.177394099758658 ], [ 75.30809902419287, 20.177394099758658 ], [ 75.303146747219074, 20.160822897261557 ] ] ] } },
{ "type": "Feature", "properties": { }, "geometry": { "type": "Polygon", "coordinates": [ [ [ 75.097618888855791, 20.202252161869108 ], [ 75.087241846352953, 20.202252161869108 ], [ 75.089716068629443, 20.210538518460339 ], [ 75.100093453069348, 20.210538518460339 ], [ 75.097618888855791, 20.202252161869108 ] ] ] } },
{ "type": "Feature", "properties": { }, "geometry": { "type": "Polygon", "coordinates": [ [ [ 75.079338684189551, 20.210538518460339 ], [ 75.068961299749674, 20.210538518460339 ], [ 75.07143608083328, 20.218825043130419 ], [ 75.081813807381991, 20.218825043130419 ], [ 75.079338684189551, 20.210538518460339 ] ] ] } },
{ "type": "Feature", "properties": { }, "geometry": { "type": "Polygon", "coordinates": [ [ [ 75.164835619771807, 20.218825043130419 ], [ 75.154457893223082, 20.218825043130419 ], [ 75.15693665556968, 20.227111735960342 ], [ 75.167314724399077, 20.227111735960342 ], [ 75.164835619771807, 20.218825043130419 ] ] ] } },
{ "type": "Feature", "properties": { }, "geometry": { "type": "Polygon", "coordinates": [ [ [ 75.317579223384485, 20.243685626423908 ], [ 75.30720046947809, 20.243685626423908 ], [ 75.309687766175202, 20.251972824219646 ], [ 75.320066862878051, 20.251972824219646 ], [ 75.317579223384485, 20.243685626423908 ] ] ] } },
{ "type": "Feature", "properties": { }, "geometry": { "type": "Polygon", "coordinates": [ [ [ 75.143622218929679, 20.251972824219646 ], [ 75.146105276281688, 20.260260190499451 ], [ 75.156484715952999, 20.260260190499451 ], [ 75.154001315632513, 20.251972824219646 ], [ 75.143622218929679, 20.251972824219646 ] ] ] } },
{ "type": "Feature", "properties": { }, "geometry": { "type": "Polygon", "coordinates": [ [ [ 75.301796871351257, 20.260260190499451 ], [ 75.304286321547011, 20.26854772534443 ], [ 75.314666104358835, 20.26854772534443 ], [ 75.312176311022583, 20.260260190499451 ], [ 75.301796871351257, 20.260260190499451 ] ] ] } },
{ "type": "Feature", "properties": { }, "geometry": { "type": "Polygon", "coordinates": [ [ [ 75.356185235606148, 20.26854772534443 ], [ 75.345805452794323, 20.26854772534443 ], [ 75.348297524896239, 20.276835428835696 ], [ 75.358677651020713, 20.276835428835696 ], [ 75.356185235606148, 20.26854772534443 ] ] ] } },
{ "type": "Feature", "properties": { }, "geometry": { "type": "Polygon", "coordinates": [ [ [ 75.096690665310391, 20.26854772534443 ], [ 75.101659576059149, 20.285123301054391 ], [ 75.112040045668408, 20.285123301054391 ], [ 75.107070448122229, 20.26854772534443 ], [ 75.096690665310391, 20.26854772534443 ] ] ] } },
{ "type": "Feature", "properties": { }, "geometry": { "type": "Polygon", "coordinates": [ [ [ 75.092930678946686, 20.359721757152844 ], [ 75.082547110219394, 20.359721757152844 ], [ 75.085043281694794, 20.368011321112149 ], [ 75.095427195631046, 20.368011321112149 ], [ 75.092930678946686, 20.359721757152844 ] ] ] } },
{ "type": "Feature", "properties": { }, "geometry": { "type": "Polygon", "coordinates": [ [ [ 75.149846257672607, 20.376301054692547 ], [ 75.139461998354705, 20.376301054692547 ], [ 75.141962395132651, 20.384590957975401 ], [ 75.152347000004909, 20.384590957975401 ], [ 75.149846257672607, 20.376301054692547 ] ] ] } },
{ "type": "Feature", "properties": { }, "geometry": { "type": "Polygon", "coordinates": [ [ [ 75.359696263420389, 20.417752269758946 ], [ 75.349310274602544, 20.417752269758946 ], [ 75.351823507453332, 20.426043022774937 ], [ 75.36220984268985, 20.426043022774937 ], [ 75.359696263420389, 20.417752269758946 ] ] ] } },
{ "type": "Feature", "properties": { }, "geometry": { "type": "Polygon", "coordinates": [ [ [ 75.239436135171957, 20.500667468292267 ], [ 75.229046674376434, 20.500667468292267 ], [ 75.231567599961863, 20.508959926886345 ], [ 75.241957408908263, 20.508959926886345 ], [ 75.239436135171957, 20.500667468292267 ] ] ] } },
{ "type": "Feature", "properties": { }, "geometry": { "type": "Polygon", "coordinates": [ [ [ 75.451343628056449, 20.649957953677536 ], [ 75.45389318913891, 20.6582535028984 ], [ 75.464289294512241, 20.6582535028984 ], [ 75.461739382148963, 20.649957953677536 ], [ 75.451343628056449, 20.649957953677536 ] ] ] } },
{ "type": "Feature", "properties": { }, "geometry": { "type": "Polygon", "coordinates": [ [ [ 75.339536030032207, 20.6582535028984 ], [ 75.342082990470388, 20.666549224598512 ], [ 75.35247944729889, 20.666549224598512 ], [ 75.349932135405538, 20.6582535028984 ], [ 75.339536030032207, 20.6582535028984 ] ] ] } },
{ "type": "Feature", "properties": { }, "geometry": { "type": "Polygon", "coordinates": [ [ [ 75.437859941627735, 20.741218495000325 ], [ 75.427460313849352, 20.741218495000325 ], [ 75.430022047205753, 20.749515946005506 ], [ 75.440422028185395, 20.749515946005506 ], [ 75.437859941627735, 20.741218495000325 ] ] ] } },
{ "type": "Feature", "properties": { }, "geometry": { "type": "Polygon", "coordinates": [ [ [ 75.338832250216399, 20.791005803408275 ], [ 75.328430500606402, 20.791005803408275 ], [ 75.330995952600858, 20.799304295939837 ], [ 75.341398056462083, 20.799304295939837 ], [ 75.338832250216399, 20.791005803408275 ] ] ] } },
{ "type": "Feature", "properties": { }, "geometry": { "type": "Polygon", "coordinates": [ [ [ 75.25523960425167, 20.890599207696177 ], [ 75.244833592055116, 20.890599207696177 ], [ 75.24741037001354, 20.898899792171868 ], [ 75.257816738566561, 20.898899792171868 ], [ 75.25523960425167, 20.890599207696177 ] ] ] } },
{ "type": "Feature", "properties": { }, "geometry": { "type": "Polygon", "coordinates": [ [ [ 75.335757311071063, 20.948706974071399 ], [ 75.356574331839809, 20.948706974071399 ], [ 75.353986706647873, 20.940405339169878 ], [ 75.333170400702571, 20.940405339169878 ], [ 75.335757311071063, 20.948706974071399 ] ] ] } },
{ "type": "Feature", "properties": { }, "geometry": { "type": "Polygon", "coordinates": [ [ [ 75.533496650725382, 20.981915268104693 ], [ 75.523086708933079, 20.981915268104693 ], [ 75.525686085021931, 20.990217780633202 ], [ 75.536096385106703, 20.990217780633202 ], [ 75.533496650725382, 20.981915268104693 ] ] ] } },
{ "type": "Feature", "properties": { }, "geometry": { "type": "Polygon", "coordinates": [ [ [ 75.502397667203752, 21.147999010055706 ], [ 75.49198052600876, 21.147999010055706 ], [ 75.494602656455754, 21.156305053796686 ], [ 75.505020159478619, 21.156305053796686 ], [ 75.502397667203752, 21.147999010055706 ] ] ] } },
{ "type": "Feature", "properties": { }, "geometry": { "type": "Polygon", "coordinates": [ [ [ 75.622240452076085, 21.164611274969616 ], [ 75.624869498750755, 21.172917673657619 ], [ 75.635287725961319, 21.172917673657619 ], [ 75.632658317104131, 21.164611274969616 ], [ 75.622240452076085, 21.164611274969616 ] ] ] } },
{ "type": "Feature", "properties": { }, "geometry": { "type": "Polygon", "coordinates": [ [ [ 74.392820657122442, 16.620753220774606 ], [ 74.394791318027316, 16.628974049012744 ], [ 74.405035853385556, 16.628974049012744 ], [ 74.403064921110811, 16.620753220774606 ], [ 74.392820657122442, 16.620753220774606 ] ] ] } },
{ "type": "Feature", "properties": { }, "geometry": { "type": "Polygon", "coordinates": [ [ [ 74.646598434890208, 16.653637340790198 ], [ 74.636353084496307, 16.653637340790198 ], [ 74.6383344850762, 16.661858707317901 ], [ 74.648580107457434, 16.661858707317901 ], [ 74.646598434890208, 16.653637340790198 ] ] ] } },
{ "type": "Feature", "properties": { }, "geometry": { "type": "Polygon", "coordinates": [ [ [ 74.605284494133116, 16.694745521752623 ], [ 74.595037782257648, 16.694745521752623 ], [ 74.597023447419886, 16.702967562813882 ], [ 74.607270432055316, 16.702967562813882 ], [ 74.605284494133116, 16.694745521752623 ] ] ] } },
{ "type": "Feature", "properties": { }, "geometry": { "type": "Polygon", "coordinates": [ [ [ 74.527279435393481, 16.711189739004869 ], [ 74.51703217784349, 16.711189739004869 ], [ 74.519017910027529, 16.719412050399946 ], [ 74.529265440646768, 16.719412050399946 ], [ 74.527279435393481, 16.711189739004869 ] ] ] } },
{ "type": "Feature", "properties": { }, "geometry": { "type": "Polygon", "coordinates": [ [ [ 74.811686746369048, 16.78519541783664 ], [ 74.801437025623954, 16.78519541783664 ], [ 74.803440027332073, 16.79341894941739 ], [ 74.813690022539916, 16.79341894941739 ], [ 74.811686746369048, 16.78519541783664 ] ] ] } },
{ "type": "Feature", "properties": { }, "geometry": { "type": "Polygon", "coordinates": [ [ [ 74.577690503150848, 16.834538648039651 ], [ 74.567439133303395, 16.834538648039651 ], [ 74.569442316870564, 16.84276299642962 ], [ 74.579693962111335, 16.84276299642962 ], [ 74.577690503150848, 16.834538648039651 ] ] ] } },
{ "type": "Feature", "properties": { }, "geometry": { "type": "Polygon", "coordinates": [ [ [ 74.669741079541552, 16.875661754694018 ], [ 74.659488331174899, 16.875661754694018 ], [ 74.661499371931811, 16.883886785809342 ], [ 74.67175239646825, 16.883886785809342 ], [ 74.669741079541552, 16.875661754694018 ] ] ] } },
{ "type": "Feature", "properties": { }, "geometry": { "type": "Polygon", "coordinates": [ [ [ 74.728904653870629, 16.949691964689276 ], [ 74.718649414378675, 16.949691964689276 ], [ 74.720671758883938, 16.95791822941468 ], [ 74.730927275945504, 16.95791822941468 ], [ 74.728904653870629, 16.949691964689276 ] ] ] } },
{ "type": "Feature", "properties": { }, "geometry": { "type": "Polygon", "coordinates": [ [ [ 74.464120915992623, 16.999051616160241 ], [ 74.46614283038852, 17.007278706656795 ], [ 74.476400016139067, 17.007278706656795 ], [ 74.47437782323874, 16.999051616160241 ], [ 74.464120915992623, 16.999051616160241 ] ] ] } },
{ "type": "Feature", "properties": { }, "geometry": { "type": "Polygon", "coordinates": [ [ [ 74.515275016086164, 17.04018844829648 ], [ 74.51730371031681, 17.048416228994245 ], [ 74.527562290929183, 17.048416228994245 ], [ 74.525533317414101, 17.04018844829648 ], [ 74.515275016086164, 17.04018844829648 ] ] ] } },
{ "type": "Feature", "properties": { }, "geometry": { "type": "Polygon", "coordinates": [ [ [ 74.630005500820161, 17.130701652916372 ], [ 74.619744118771621, 17.130701652916372 ], [ 74.62178754871988, 17.138930958653205 ], [ 74.632049211771985, 17.138930958653205 ], [ 74.630005500820161, 17.130701652916372 ] ] ] } },
{ "type": "Feature", "properties": { }, "geometry": { "type": "Polygon", "coordinates": [ [ [ 74.570556461656437, 17.344709001838954 ], [ 74.560287722557618, 17.344709001838954 ], [ 74.562357691936427, 17.352941948363341 ], [ 74.572626716119643, 17.352941948363341 ], [ 74.570556461656437, 17.344709001838954 ] ] ] } },
{ "type": "Feature", "properties": { }, "geometry": { "type": "Polygon", "coordinates": [ [ [ 74.642668475021665, 17.427044823270325 ], [ 74.652940072054108, 17.427044823270325 ], [ 74.650857798652126, 17.418810604602232 ], [ 74.640586488122452, 17.418810604602232 ], [ 74.642668475021665, 17.427044823270325 ] ] ] } },
{ "type": "Feature", "properties": { }, "geometry": { "type": "Polygon", "coordinates": [ [ [ 74.642668475021665, 17.427044823270325 ], [ 74.632396877989223, 17.427044823270325 ], [ 74.634479724790978, 17.435279183665426 ], [ 74.644751608483958, 17.435279183665426 ], [ 74.642668475021665, 17.427044823270325 ] ] ] } },
{ "type": "Feature", "properties": { }, "geometry": { "type": "Polygon", "coordinates": [ [ [ 74.74973696487875, 17.484688326537729 ], [ 74.739463357907127, 17.484688326537729 ], [ 74.741556826968946, 17.492923681139409 ], [ 74.751830721706597, 17.492923681139409 ], [ 74.74973696487875, 17.484688326537729 ] ] ] } },
{ "type": "Feature", "properties": { }, "geometry": { "type": "Polygon", "coordinates": [ [ [ 74.712828898026785, 17.501159178073284 ], [ 74.702554715365025, 17.501159178073284 ], [ 74.704649332330916, 17.509394817415046 ], [ 74.714923803074896, 17.509394817415046 ], [ 74.712828898026785, 17.501159178073284 ] ] ] } },
{ "type": "Feature", "properties": { }, "geometry": { "type": "Polygon", "coordinates": [ [ [ 74.850591724967032, 17.51763059924042 ], [ 74.840316965982709, 17.51763059924042 ], [ 74.842417632179448, 17.525866523625158 ], [ 74.852692679562338, 17.525866523625158 ], [ 74.850591724967032, 17.51763059924042 ] ] ] } },
{ "type": "Feature", "properties": { }, "geometry": { "type": "Polygon", "coordinates": [ [ [ 74.930933855006572, 17.55057515289311 ], [ 74.933041445037205, 17.558811648272954 ], [ 74.943317647596899, 17.558811648272954 ], [ 74.941209768534591, 17.55057515289311 ], [ 74.930933855006572, 17.55057515289311 ] ] ] } },
{ "type": "Feature", "properties": { }, "geometry": { "type": "Polygon", "coordinates": [ [ [ 75.089602407514917, 17.60823362491012 ], [ 75.091722149140736, 17.616471122450715 ], [ 75.102000379358671, 17.616471122450715 ], [ 75.099880347591778, 17.60823362491012 ], [ 75.089602407514917, 17.60823362491012 ] ] ] } },
{ "type": "Feature", "properties": { }, "geometry": { "type": "Polygon", "coordinates": [ [ [ 75.093843049740443, 17.624708763460674 ], [ 75.083564529222826, 17.624708763460674 ], [ 75.085686298612401, 17.632946548015916 ], [ 75.095965109588391, 17.632946548015916 ], [ 75.093843049740443, 17.624708763460674 ] ] ] } },
{ "type": "Feature", "properties": { }, "geometry": { "type": "Polygon", "coordinates": [ [ [ 74.949991240069608, 18.02028574347402 ], [ 74.939698597869082, 18.02028574347402 ], [ 74.941869175023371, 18.028530507782484 ], [ 74.95216211534327, 18.028530507782484 ], [ 74.949991240069608, 18.02028574347402 ] ] ] } },
{ "type": "Feature", "properties": { }, "geometry": { "type": "Polygon", "coordinates": [ [ [ 75.104380873077616, 18.02028574347402 ], [ 75.094088230877077, 18.02028574347402 ], [ 75.096263279821599, 18.028530507782484 ], [ 75.106556220141471, 18.028530507782484 ], [ 75.104380873077616, 18.02028574347402 ] ] ] } },
{ "type": "Feature", "properties": { }, "geometry": { "type": "Polygon", "coordinates": [ [ [ 75.075677399181814, 18.028530507782484 ], [ 75.065384458861942, 18.028530507782484 ], [ 75.067559784287312, 18.03677541937477 ], [ 75.077853022887069, 18.03677541937477 ], [ 75.075677399181814, 18.028530507782484 ] ] ] } },
{ "type": "Feature", "properties": { }, "geometry": { "type": "Polygon", "coordinates": [ [ [ 75.016685589473653, 18.078002189277328 ], [ 75.006390857064872, 18.078002189277328 ], [ 75.008571118775706, 18.086247986183075 ], [ 75.018866150428451, 18.086247986183075 ], [ 75.016685589473653, 18.078002189277328 ] ] ] } },
{ "type": "Feature", "properties": { }, "geometry": { "type": "Polygon", "coordinates": [ [ [ 74.84167513852455, 18.078002189277328 ], [ 74.83138040611577, 18.078002189277328 ], [ 74.833555580678947, 18.086247986183075 ], [ 74.843850612331693, 18.086247986183075 ], [ 74.84167513852455, 18.078002189277328 ] ] ] } },
{ "type": "Feature", "properties": { }, "geometry": { "type": "Polygon", "coordinates": [ [ [ 75.017303885482178, 18.119232652782003 ], [ 75.007007655244934, 18.119232652782003 ], [ 75.009193478263242, 18.127479189559715 ], [ 75.019490008548942, 18.127479189559715 ], [ 75.017303885482178, 18.119232652782003 ] ] ] } },
{ "type": "Feature", "properties": { }, "geometry": { "type": "Polygon", "coordinates": [ [ [ 74.942813636651593, 18.226449212859805 ], [ 74.94501201124551, 18.23469768229911 ], [ 74.95531245682767, 18.23469768229911 ], [ 74.953113780089041, 18.226449212859805 ], [ 74.942813636651593, 18.226449212859805 ] ] ] } },
{ "type": "Feature", "properties": { }, "geometry": { "type": "Polygon", "coordinates": [ [ [ 75.181922259635215, 18.23469768229911 ], [ 75.184128762511079, 18.242946300943508 ], [ 75.194429510399445, 18.242946300943508 ], [ 75.192222705217361, 18.23469768229911 ], [ 75.181922259635215, 18.23469768229911 ] ] ] } },
{ "type": "Feature", "properties": { }, "geometry": { "type": "Polygon", "coordinates": [ [ [ 75.038437188389835, 18.275942269113113 ], [ 75.028135229660521, 18.275942269113113 ], [ 75.030342781808471, 18.284191634938956 ], [ 75.040645043652219, 18.284191634938956 ], [ 75.038437188389835, 18.275942269113113 ] ] ] } },
{ "type": "Feature", "properties": { }, "geometry": { "type": "Polygon", "coordinates": [ [ [ 75.126842921304188, 18.374944554063863 ], [ 75.116537314516535, 18.374944554063863 ], [ 75.118760853350395, 18.383195720995662 ], [ 75.129066765196256, 18.383195720995662 ], [ 75.126842921304188, 18.374944554063863 ] ] ] } },
{ "type": "Feature", "properties": { }, "geometry": { "type": "Polygon", "coordinates": [ [ [ 75.067231294121044, 18.383195720995662 ], [ 75.056925382275182, 18.383195720995662 ], [ 75.059148272343691, 18.391447038521779 ], [ 75.06945448941002, 18.391447038521779 ], [ 75.067231294121044, 18.383195720995662 ] ] ] } },
{ "type": "Feature", "properties": { }, "geometry": { "type": "Polygon", "coordinates": [ [ [ 75.038535838211047, 18.391447038521779 ], [ 75.028229621144717, 18.391447038521779 ], [ 75.030452776940564, 18.399698506719531 ], [ 75.040759299389634, 18.399698506719531 ], [ 75.038535838211047, 18.391447038521779 ] ] ] } },
{ "type": "Feature", "properties": { }, "geometry": { "type": "Polygon", "coordinates": [ [ [ 74.979737976175144, 18.440958110490389 ], [ 74.981966388291454, 18.449210484342693 ], [ 74.971658030135814, 18.449210484342693 ], [ 74.973887318191487, 18.45746300940835 ], [ 74.994504647542428, 18.45746300940835 ], [ 74.990046027973506, 18.440958110490389 ], [ 74.979737976175144, 18.440958110490389 ] ] ] } },
{ "type": "Feature", "properties": { }, "geometry": { "type": "Polygon", "coordinates": [ [ [ 74.951041313824533, 18.449210484342693 ], [ 74.940732955668906, 18.449210484342693 ], [ 74.942961324165097, 18.45746300940835 ], [ 74.953269988840546, 18.45746300940835 ], [ 74.951041313824533, 18.449210484342693 ] ] ] } },
{ "type": "Feature", "properties": { }, "geometry": { "type": "Polygon", "coordinates": [ [ [ 75.229366984026754, 18.449210484342693 ], [ 75.219058625871128, 18.449210484342693 ], [ 75.221295270402649, 18.45746300940835 ], [ 75.231603935078127, 18.45746300940835 ], [ 75.229366984026754, 18.449210484342693 ] ] ] } },
{ "type": "Feature", "properties": { }, "geometry": { "type": "Polygon", "coordinates": [ [ [ 75.183187528163373, 18.506981339621127 ], [ 75.185430946023345, 18.515234925349766 ], [ 75.19574176089273, 18.515234925349766 ], [ 75.19349803537385, 18.506981339621127 ], [ 75.183187528163373, 18.506981339621127 ] ] ] } },
{ "type": "Feature", "properties": { }, "geometry": { "type": "Polygon", "coordinates": [ [ [ 75.21729056853485, 18.556505133045665 ], [ 75.206978212926941, 18.556505133045665 ], [ 75.209229070291002, 18.564759630938632 ], [ 75.21954173453571, 18.564759630938632 ], [ 75.21729056853485, 18.556505133045665 ] ] ] } },
{ "type": "Feature", "properties": { }, "geometry": { "type": "Polygon", "coordinates": [ [ [ 75.021355811984563, 18.556505133045665 ], [ 75.011043456376655, 18.556505133045665 ], [ 75.013288449641394, 18.564759630938632 ], [ 75.023601113886116, 18.564759630938632 ], [ 75.021355811984563, 18.556505133045665 ] ] ] } },
{ "type": "Feature", "properties": { }, "geometry": { "type": "Polygon", "coordinates": [ [ [ 75.304297874733336, 18.573014281130686 ], [ 75.293984901688688, 18.573014281130686 ], [ 75.296240610406855, 18.581269083699478 ], [ 75.306553892414613, 18.581269083699478 ], [ 75.304297874733336, 18.573014281130686 ] ] ] } },
{ "type": "Feature", "properties": { }, "geometry": { "type": "Polygon", "coordinates": [ [ [ 75.138961288786874, 18.647312999138553 ], [ 75.128645529195339, 18.647312999138553 ], [ 75.130906385001907, 18.655569176595865 ], [ 75.141222455026906, 18.655569176595865 ], [ 75.138961288786874, 18.647312999138553 ] ] ] } },
{ "type": "Feature", "properties": { }, "geometry": { "type": "Polygon", "coordinates": [ [ [ 74.97588692018806, 18.729881675000314 ], [ 74.965568048896102, 18.729881675000314 ], [ 74.967835213992927, 18.738139387505619 ], [ 74.978154397355951, 18.738139387505619 ], [ 74.97588692018806, 18.729881675000314 ] ] ] } },
{ "type": "Feature", "properties": { }, "geometry": { "type": "Polygon", "coordinates": [ [ [ 75.246453164794431, 18.738139387505619 ], [ 75.236133981431422, 18.738139387505619 ], [ 75.238410455991882, 18.74639725394438 ], [ 75.248729951589965, 18.74639725394438 ], [ 75.246453164794431, 18.738139387505619 ] ] ] } },
{ "type": "Feature", "properties": { }, "geometry": { "type": "Polygon", "coordinates": [ [ [ 74.98847358071896, 18.738139387505619 ], [ 74.978154397355951, 18.738139387505619 ], [ 74.980423066040061, 18.74639725394438 ], [ 74.990742561638129, 18.74639725394438 ], [ 74.98847358071896, 18.738139387505619 ] ] ] } },
{ "type": "Feature", "properties": { }, "geometry": { "type": "Polygon", "coordinates": [ [ [ 75.034291966525771, 18.754655274394601 ], [ 75.03656458195708, 18.762913448934306 ], [ 75.046884702517403, 18.762913448934306 ], [ 75.044611774522934, 18.754655274394601 ], [ 75.034291966525771, 18.754655274394601 ] ] ] } },
{ "type": "Feature", "properties": { }, "geometry": { "type": "Polygon", "coordinates": [ [ [ 75.06752494363802, 18.762913448934306 ], [ 75.069799690487287, 18.77117177764152 ], [ 75.080120123774861, 18.77117177764152 ], [ 75.077845064198328, 18.762913448934306 ], [ 75.06752494363802, 18.762913448934306 ] ] ] } },
{ "type": "Feature", "properties": { }, "geometry": { "type": "Polygon", "coordinates": [ [ [ 75.466654335016912, 18.936370847277605 ], [ 75.456327612656864, 18.936370847277605 ], [ 75.45863793158874, 18.944632431556798 ], [ 75.468964970131992, 18.944632431556798 ], [ 75.466654335016912, 18.936370847277605 ] ] ] } },
{ "type": "Feature", "properties": { }, "geometry": { "type": "Polygon", "coordinates": [ [ [ 75.13738551106421, 18.977680328340867 ], [ 75.127057206137522, 18.977680328340867 ], [ 75.129363096015553, 18.98594269284585 ], [ 75.139691717950967, 18.98594269284585 ], [ 75.13738551106421, 18.977680328340867 ] ] ] } },
{ "type": "Feature", "properties": { }, "geometry": { "type": "Polygon", "coordinates": [ [ [ 75.229741485554612, 19.159488569231204 ], [ 75.219406168200962, 19.159488569231204 ], [ 75.221739853859873, 19.167754390062253 ], [ 75.232075491867249, 19.167754390062253 ], [ 75.229741485554612, 19.159488569231204 ] ] ] } },
{ "type": "Feature", "properties": { }, "geometry": { "type": "Polygon", "coordinates": [ [ [ 75.1737419827911, 19.217352636038363 ], [ 75.163404417370401, 19.217352636038363 ], [ 75.165744322378671, 19.22561956460229 ], [ 75.176082209617178, 19.22561956460229 ], [ 75.1737419827911, 19.217352636038363 ] ] ] } },
{ "type": "Feature", "properties": { }, "geometry": { "type": "Polygon", "coordinates": [ [ [ 75.515402131166596, 19.291760708023677 ], [ 75.517763286990785, 19.300029066500379 ], [ 75.52810407808569, 19.300029066500379 ], [ 75.52574259894395, 19.291760708023677 ], [ 75.515402131166596, 19.291760708023677 ] ] ] } },
{ "type": "Feature", "properties": { }, "geometry": { "type": "Polygon", "coordinates": [ [ [ 75.540807890507253, 19.308297584251523 ], [ 75.538444869180594, 19.300029066500379 ], [ 75.52810407808569, 19.300029066500379 ], [ 75.53046677592792, 19.308297584251523 ], [ 75.540807890507253, 19.308297584251523 ] ] ] } },
{ "type": "Feature", "properties": { }, "geometry": { "type": "Polygon", "coordinates": [ [ [ 75.473145256682301, 19.324835097893597 ], [ 75.462803494633405, 19.324835097893597 ], [ 75.465167582573699, 19.333104093942801 ], [ 75.475509668607856, 19.333104093942801 ], [ 75.473145256682301, 19.324835097893597 ] ] ] } },
{ "type": "Feature", "properties": { }, "geometry": { "type": "Polygon", "coordinates": [ [ [ 75.533472135153048, 19.390991539269844 ], [ 75.535847608919426, 19.399261814264808 ], [ 75.546192292852226, 19.399261814264808 ], [ 75.543816493763174, 19.390991539269844 ], [ 75.533472135153048, 19.390991539269844 ] ] ] } },
{ "type": "Feature", "properties": { }, "geometry": { "type": "Polygon", "coordinates": [ [ [ 75.415619816102463, 19.448886831733315 ], [ 75.417999607267689, 19.457158229968478 ], [ 75.428346573148318, 19.457158229968478 ], [ 75.425966455487853, 19.448886831733315 ], [ 75.415619816102463, 19.448886831733315 ] ] ] } },
{ "type": "Feature", "properties": { }, "geometry": { "type": "Polygon", "coordinates": [ [ [ 75.45300188868552, 19.50678999854841 ], [ 75.44265296031061, 19.50678999854841 ], [ 75.445041641352205, 19.515062523914949 ], [ 75.455390897397052, 19.515062523914949 ], [ 75.45300188868552, 19.50678999854841 ] ] ] } },
{ "type": "Feature", "properties": { }, "geometry": { "type": "Polygon", "coordinates": [ [ [ 75.48655958313536, 19.622620064296768 ], [ 75.476206052078396, 19.622620064296768 ], [ 75.478611907023492, 19.630894855622831 ], [ 75.488965768106226, 19.630894855622831 ], [ 75.48655958313536, 19.622620064296768 ] ] ] } },
{ "type": "Feature", "properties": { }, "geometry": { "type": "Polygon", "coordinates": [ [ [ 75.283549350256251, 19.672271250628501 ], [ 75.273193836514622, 19.672271250628501 ], [ 75.275600119263032, 19.680547017863447 ], [ 75.285955964042742, 19.680547017863447 ], [ 75.283549350256251, 19.672271250628501 ] ] ] } },
{ "type": "Feature", "properties": { }, "geometry": { "type": "Polygon", "coordinates": [ [ [ 75.39192556538697, 19.688822948029323 ], [ 75.381569389400298, 19.688822948029323 ], [ 75.38398144127558, 19.697099041206009 ], [ 75.394337948638139, 19.697099041206009 ], [ 75.39192556538697, 19.688822948029323 ] ] ] } },
{ "type": "Feature", "properties": { }, "geometry": { "type": "Polygon", "coordinates": [ [ [ 75.277292449812748, 19.721928299600112 ], [ 75.266934947308613, 19.721928299600112 ], [ 75.269347935947579, 19.730205045619289 ], [ 75.27970577050371, 19.730205045619289 ], [ 75.277292449812748, 19.721928299600112 ] ] ] } },
{ "type": "Feature", "properties": { }, "geometry": { "type": "Polygon", "coordinates": [ [ [ 75.221692708368096, 19.779868956155479 ], [ 75.211332877946461, 19.779868956155479 ], [ 75.213752144671375, 19.788146847728683 ], [ 75.224112308329921, 19.788146847728683 ], [ 75.221692708368096, 19.779868956155479 ] ] ] } },
{ "type": "Feature", "properties": { }, "geometry": { "type": "Polygon", "coordinates": [ [ [ 75.303906642584423, 19.812981506593665 ], [ 75.293545478198197, 19.812981506593665 ], [ 75.295972005182236, 19.821260054530875 ], [ 75.306333503483458, 19.821260054530875 ], [ 75.303906642584423, 19.812981506593665 ] ] ] } },
{ "type": "Feature", "properties": { }, "geometry": { "type": "Polygon", "coordinates": [ [ [ 75.337417998387124, 19.821260054530875 ], [ 75.339847094427469, 19.829538766759459 ], [ 75.350208926813352, 19.829538766759459 ], [ 75.347779496688361, 19.821260054530875 ], [ 75.337417998387124, 19.821260054530875 ] ] ] } },
{ "type": "Feature", "properties": { }, "geometry": { "type": "Polygon", "coordinates": [ [ [ 75.352639590831942, 19.837817643359596 ], [ 75.355071489072074, 19.846096684411478 ], [ 75.36543399013631, 19.846096684411478 ], [ 75.363001757472134, 19.837817643359596 ], [ 75.352639590831942, 19.837817643359596 ] ] ] } },
{ "type": "Feature", "properties": { }, "geometry": { "type": "Polygon", "coordinates": [ [ [ 75.274601936597406, 19.854375889995321 ], [ 75.264239100939335, 19.854375889995321 ], [ 75.266670455734499, 19.862655260191364 ], [ 75.277033626156197, 19.862655260191364 ], [ 75.274601936597406, 19.854375889995321 ] ] ] } },
{ "type": "Feature", "properties": { }, "geometry": { "type": "Polygon", "coordinates": [ [ [ 75.295327607913521, 19.854375889995321 ], [ 75.284964772255449, 19.854375889995321 ], [ 75.28739679657788, 19.862655260191364 ], [ 75.297759966999564, 19.862655260191364 ], [ 75.295327607913521, 19.854375889995321 ] ] ] } },
{ "type": "Feature", "properties": { }, "geometry": { "type": "Polygon", "coordinates": [ [ [ 75.429434559480114, 19.887494359255296 ], [ 75.419070383748178, 19.887494359255296 ], [ 75.421511371432956, 19.895774388702829 ], [ 75.431875882608253, 19.895774388702829 ], [ 75.429434559480114, 19.887494359255296 ] ] ] } },
{ "type": "Feature", "properties": { }, "geometry": { "type": "Polygon", "coordinates": [ [ [ 75.315428626428798, 19.887494359255296 ], [ 75.305064450696847, 19.887494359255296 ], [ 75.307501748504833, 19.895774388702829 ], [ 75.317866259680116, 19.895774388702829 ], [ 75.315428626428798, 19.887494359255296 ] ] ] } },
{ "type": "Feature", "properties": { }, "geometry": { "type": "Polygon", "coordinates": [ [ [ 75.400782349082405, 19.895774388702829 ], [ 75.390417837907123, 19.895774388702829 ], [ 75.392859056125133, 19.90405458316399 ], [ 75.403223902913808, 19.90405458316399 ], [ 75.400782349082405, 19.895774388702829 ] ] ] } },
{ "type": "Feature", "properties": { }, "geometry": { "type": "Polygon", "coordinates": [ [ [ 75.710631068125778, 19.962020571524292 ], [ 75.700263867278423, 19.962020571524292 ], [ 75.702724427603343, 19.970302088988124 ], [ 75.713091965426059, 19.970302088988124 ], [ 75.710631068125778, 19.962020571524292 ] ] ] } },
{ "type": "Feature", "properties": { }, "geometry": { "type": "Polygon", "coordinates": [ [ [ 75.81873815764348, 20.011712163976949 ], [ 75.808368932386358, 20.011712163976949 ], [ 75.810840007372221, 20.019994677072379 ], [ 75.821209570628085, 20.019994677072379 ], [ 75.81873815764348, 20.011712163976949 ] ] ] } },
{ "type": "Feature", "properties": { }, "geometry": { "type": "Polygon", "coordinates": [ [ [ 75.592576619079964, 20.053126392465536 ], [ 75.595046483405667, 20.061409737469845 ], [ 75.605417739217032, 20.061409737469845 ], [ 75.602947536038499, 20.053126392465536 ], [ 75.592576619079964, 20.053126392465536 ] ] ] } },
{ "type": "Feature", "properties": { }, "geometry": { "type": "Polygon", "coordinates": [ [ [ 75.470591413669382, 20.061409737469845 ], [ 75.473058455775458, 20.06969324909787 ], [ 75.483430050610608, 20.06969324909787 ], [ 75.480962669480732, 20.061409737469845 ], [ 75.470591413669382, 20.061409737469845 ] ] ] } },
{ "type": "Feature", "properties": { }, "geometry": { "type": "Polygon", "coordinates": [ [ [ 75.361435467901245, 20.077976927430299 ], [ 75.351063533871326, 20.077976927430299 ], [ 75.353528992619488, 20.086260772547849 ], [ 75.363901266015219, 20.086260772547849 ], [ 75.361435467901245, 20.077976927430299 ] ] ] } },
{ "type": "Feature", "properties": { }, "geometry": { "type": "Polygon", "coordinates": [ [ [ 75.384150525749391, 20.119397822484 ], [ 75.373776893178999, 20.119397822484 ], [ 75.376248910321451, 20.127682502738367 ], [ 75.386622883113574, 20.127682502738367 ], [ 75.384150525749391, 20.119397822484 ] ] ] } },
{ "type": "Feature", "properties": { }, "geometry": { "type": "Polygon", "coordinates": [ [ [ 75.321908730327067, 20.119397822484 ], [ 75.311535097756675, 20.119397822484 ], [ 75.31400507356868, 20.127682502738367 ], [ 75.324379046360804, 20.127682502738367 ], [ 75.321908730327067, 20.119397822484 ] ] ] } },
{ "type": "Feature", "properties": { }, "geometry": { "type": "Polygon", "coordinates": [ [ [ 75.544711183238135, 20.135967350262465 ], [ 75.53433687005294, 20.135967350262465 ], [ 75.536816485619951, 20.144252365137124 ], [ 75.547191139369573, 20.144252365137124 ], [ 75.544711183238135, 20.135967350262465 ] ] ] } },
{ "type": "Feature", "properties": { }, "geometry": { "type": "Polygon", "coordinates": [ [ [ 75.424716981278678, 20.18567995259923 ], [ 75.414340622134759, 20.18567995259923 ], [ 75.416823290366167, 20.193965973275731 ], [ 75.427199991103706, 20.193965973275731 ], [ 75.424716981278678, 20.18567995259923 ] ] ] } },
{ "type": "Feature", "properties": { }, "geometry": { "type": "Polygon", "coordinates": [ [ [ 75.61107786136705, 20.218825043130419 ], [ 75.600700134818325, 20.218825043130419 ], [ 75.603193615233522, 20.227111735960342 ], [ 75.613571684062919, 20.227111735960342 ], [ 75.61107786136705, 20.218825043130419 ] ] ] } },
{ "type": "Feature", "properties": { }, "geometry": { "type": "Polygon", "coordinates": [ [ [ 75.416388376304468, 20.227111735960342 ], [ 75.406010307475071, 20.227111735960342 ], [ 75.408498533412128, 20.235398597031164 ], [ 75.418876944694077, 20.235398597031164 ], [ 75.416388376304468, 20.227111735960342 ] ] ] } },
{ "type": "Feature", "properties": { }, "geometry": { "type": "Polygon", "coordinates": [ [ [ 75.753122443750485, 20.276835428835696 ], [ 75.755629161442741, 20.285123301054391 ], [ 75.766009631052015, 20.285123301054391 ], [ 75.763502569874944, 20.276835428835696 ], [ 75.753122443750485, 20.276835428835696 ] ] ] } },
{ "type": "Feature", "properties": { }, "geometry": { "type": "Polygon", "coordinates": [ [ [ 75.402693194727803, 20.285123301054391 ], [ 75.405189484820809, 20.293411342081654 ], [ 75.415570298087061, 20.293411342081654 ], [ 75.413073664337048, 20.285123301054391 ], [ 75.402693194727803, 20.285123301054391 ] ] ] } },
{ "type": "Feature", "properties": { }, "geometry": { "type": "Polygon", "coordinates": [ [ [ 75.646453639334467, 20.301699551998674 ], [ 75.636072482238944, 20.301699551998674 ], [ 75.638578843153709, 20.309987930886624 ], [ 75.648960344250781, 20.309987930886624 ], [ 75.646453639334467, 20.301699551998674 ] ] ] } },
{ "type": "Feature", "properties": { }, "geometry": { "type": "Polygon", "coordinates": [ [ [ 75.511498597092725, 20.301699551998674 ], [ 75.501117439997202, 20.301699551998674 ], [ 75.503619328891773, 20.309987930886624 ], [ 75.514000829988845, 20.309987930886624 ], [ 75.511498597092725, 20.301699551998674 ] ] ] } },
{ "type": "Feature", "properties": { }, "geometry": { "type": "Polygon", "coordinates": [ [ [ 75.659341845347839, 20.309987930886624 ], [ 75.648960344250781, 20.309987930886624 ], [ 75.651468305035309, 20.318276478826718 ], [ 75.661850150306279, 20.318276478826718 ], [ 75.659341845347839, 20.309987930886624 ] ] ] } },
{ "type": "Feature", "properties": { }, "geometry": { "type": "Polygon", "coordinates": [ [ [ 75.514000829988845, 20.309987930886624 ], [ 75.519009057005306, 20.326565195900184 ], [ 75.539773436239827, 20.326565195900184 ], [ 75.537268007054635, 20.318276478826718 ], [ 75.514000829988845, 20.309987930886624 ] ] ] } },
{ "type": "Feature", "properties": { }, "geometry": { "type": "Polygon", "coordinates": [ [ [ 75.500749983536039, 20.334854082188251 ], [ 75.49036744940004, 20.334854082188251 ], [ 75.492873664780717, 20.343143137772199 ], [ 75.503256543607932, 20.343143137772199 ], [ 75.500749983536039, 20.334854082188251 ] ] ] } },
{ "type": "Feature", "properties": { }, "geometry": { "type": "Polygon", "coordinates": [ [ [ 75.752445635461044, 20.343143137772199 ], [ 75.742062756633828, 20.343143137772199 ], [ 75.744578503220339, 20.351432362733291 ], [ 75.754961726911318, 20.351432362733291 ], [ 75.752445635461044, 20.343143137772199 ] ] ] } },
{ "type": "Feature", "properties": { }, "geometry": { "type": "Polygon", "coordinates": [ [ [ 75.445972015674826, 20.359721757152844 ], [ 75.448480269463857, 20.368011321112149 ], [ 75.458864183400124, 20.368011321112149 ], [ 75.456355584402132, 20.359721757152844 ], [ 75.445972015674826, 20.359721757152844 ] ] ] } },
{ "type": "Feature", "properties": { }, "geometry": { "type": "Polygon", "coordinates": [ [ [ 75.811917257232921, 20.368011321112149 ], [ 75.814438854017865, 20.376301054692547 ], [ 75.824823113335768, 20.376301054692547 ], [ 75.822301171169173, 20.368011321112149 ], [ 75.811917257232921, 20.368011321112149 ] ] ] } },
{ "type": "Feature", "properties": { }, "geometry": { "type": "Polygon", "coordinates": [ [ [ 75.546961985150517, 20.384590957975401 ], [ 75.53657738027826, 20.384590957975401 ], [ 75.539092164827437, 20.392881031042069 ], [ 75.549477115426839, 20.392881031042069 ], [ 75.546961985150517, 20.384590957975401 ] ] ] } },
{ "type": "Feature", "properties": { }, "geometry": { "type": "Polygon", "coordinates": [ [ [ 75.733884872851064, 20.384590957975401 ], [ 75.723500267978807, 20.384590957975401 ], [ 75.72602127561629, 20.392881031042069 ], [ 75.736406226215664, 20.392881031042069 ], [ 75.733884872851064, 20.384590957975401 ] ] ] } },
{ "type": "Feature", "properties": { }, "geometry": { "type": "Polygon", "coordinates": [ [ [ 75.689524501425481, 20.409461686852428 ], [ 75.679138858853349, 20.409461686852428 ], [ 75.681661916773663, 20.417752269758946 ], [ 75.692047905591494, 20.417752269758946 ], [ 75.689524501425481, 20.409461686852428 ] ] ] } },
{ "type": "Feature", "properties": { }, "geometry": { "type": "Polygon", "coordinates": [ [ [ 75.824270025590309, 20.442625039461216 ], [ 75.813882996997364, 20.442625039461216 ], [ 75.816415261553075, 20.450916303294484 ], [ 75.82680263708383, 20.450916303294484 ], [ 75.824270025590309, 20.442625039461216 ] ] ] } },
{ "type": "Feature", "properties": { }, "geometry": { "type": "Polygon", "coordinates": [ [ [ 75.850111957820019, 20.459207737563162 ], [ 75.839724235178252, 20.459207737563162 ], [ 75.842259722220447, 20.467499342348805 ], [ 75.852647792146371, 20.467499342348805 ], [ 75.850111957820019, 20.459207737563162 ] ] ] } },
{ "type": "Feature", "properties": { }, "geometry": { "type": "Polygon", "coordinates": [ [ [ 75.586678940322741, 20.61677747994732 ], [ 75.576284589611049, 20.61677747994732 ], [ 75.578833650330367, 20.625072340070759 ], [ 75.589228351625991, 20.625072340070759 ], [ 75.586678940322741, 20.61677747994732 ] ] ] } },
{ "type": "Feature", "properties": { }, "geometry": { "type": "Polygon", "coordinates": [ [ [ 75.885402257398127, 20.641662576853943 ], [ 75.875006854412163, 20.641662576853943 ], [ 75.877569545849525, 20.649957953677536 ], [ 75.887965299942024, 20.649957953677536 ], [ 75.885402257398127, 20.641662576853943 ] ] ] } },
{ "type": "Feature", "properties": { }, "geometry": { "type": "Polygon", "coordinates": [ [ [ 75.781448227538277, 20.641662576853943 ], [ 75.784007759016887, 20.649957953677536 ], [ 75.794403513109401, 20.649957953677536 ], [ 75.791843630524255, 20.641662576853943 ], [ 75.781448227538277, 20.641662576853943 ] ] ] } },
{ "type": "Feature", "properties": { }, "geometry": { "type": "Polygon", "coordinates": [ [ [ 75.648078669222144, 20.882298798002555 ], [ 75.650668067720702, 20.890599207696177 ], [ 75.661074079917242, 20.890599207696177 ], [ 75.658484325237936, 20.882298798002555 ], [ 75.648078669222144, 20.882298798002555 ] ] ] } },
{ "type": "Feature", "properties": { }, "geometry": { "type": "Polygon", "coordinates": [ [ [ 75.921224384831064, 20.890599207696177 ], [ 75.910818372634509, 20.890599207696177 ], [ 75.913417957406651, 20.898899792171868 ], [ 75.923824325959671, 20.898899792171868 ], [ 75.921224384831064, 20.890599207696177 ] ] ] } },
{ "type": "Feature", "properties": { }, "geometry": { "type": "Polygon", "coordinates": [ [ [ 75.590756372533519, 20.965310770037288 ], [ 75.580347146797479, 20.965310770037288 ], [ 75.582946113562258, 20.973612931266963 ], [ 75.593355697238323, 20.973612931266963 ], [ 75.590756372533519, 20.965310770037288 ] ] ] } },
{ "type": "Feature", "properties": { }, "geometry": { "type": "Polygon", "coordinates": [ [ [ 75.590750691452811, 20.998520468935187 ], [ 75.580340032899258, 20.998520468935187 ], [ 75.582943760614683, 21.006823333093408 ], [ 75.59335477781336, 21.006823333093408 ], [ 75.590750691452811, 20.998520468935187 ] ] ] } },
{ "type": "Feature", "properties": { }, "geometry": { "type": "Polygon", "coordinates": [ [ [ 75.963260451686537, 21.123081942593537 ], [ 75.952844394911907, 21.123081942593537 ], [ 75.955478931362478, 21.131387454537212 ], [ 75.96589534943341, 21.131387454537212 ], [ 75.963260451686537, 21.123081942593537 ] ] ] } },
{ "type": "Feature", "properties": { }, "geometry": { "type": "Polygon", "coordinates": [ [ [ 76.158847901213178, 21.181224249943849 ], [ 76.148429311642701, 21.181224249943849 ], [ 76.151079060937263, 21.189531003911455 ], [ 76.161498013045104, 21.189531003911455 ], [ 76.158847901213178, 21.181224249943849 ] ] ] } },
{ "type": "Feature", "properties": { }, "geometry": { "type": "Polygon", "coordinates": [ [ [ 75.391591649232581, 17.221231678375531 ], [ 75.381327167531097, 17.221231678375531 ], [ 75.383403486981564, 17.229462518236723 ], [ 75.393668251410148, 17.229462518236723 ], [ 75.391591649232581, 17.221231678375531 ] ] ] } },
{ "type": "Feature", "properties": { }, "geometry": { "type": "Polygon", "coordinates": [ [ [ 75.106469689900322, 17.311778624705592 ], [ 75.096202089565409, 17.311778624705592 ], [ 75.098282564881671, 17.320011007795159 ], [ 75.108550449671597, 17.320011007795159 ], [ 75.106469689900322, 17.311778624705592 ] ] ] } },
{ "type": "Feature", "properties": { }, "geometry": { "type": "Polygon", "coordinates": [ [ [ 75.280314914959419, 17.55057515289311 ], [ 75.282432332066819, 17.558811648272954 ], [ 75.292708534626513, 17.558811648272954 ], [ 75.290590828487453, 17.55057515289311 ], [ 75.280314914959419, 17.55057515289311 ] ] ] } },
{ "type": "Feature", "properties": { }, "geometry": { "type": "Polygon", "coordinates": [ [ [ 75.58044220629796, 17.558811648272954 ], [ 75.582569170142918, 17.567048286591064 ], [ 75.592845661892653, 17.567048286591064 ], [ 75.590718408857654, 17.558811648272954 ], [ 75.58044220629796, 17.558811648272954 ] ] ] } },
{ "type": "Feature", "properties": { }, "geometry": { "type": "Polygon", "coordinates": [ [ [ 75.677581271562488, 17.616471122450715 ], [ 75.667303041344567, 17.616471122450715 ], [ 75.669440198727628, 17.624708763460674 ], [ 75.679718719245272, 17.624708763460674 ], [ 75.677581271562488, 17.616471122450715 ] ] ] } },
{ "type": "Feature", "properties": { }, "geometry": { "type": "Polygon", "coordinates": [ [ [ 75.714076958553534, 17.75653059345489 ], [ 75.703793771635532, 17.75653059345489 ], [ 75.705950825047708, 17.764770685072879 ], [ 75.716234304967969, 17.764770685072879 ], [ 75.714076958553534, 17.75653059345489 ] ] ] } },
{ "type": "Feature", "properties": { }, "geometry": { "type": "Polygon", "coordinates": [ [ [ 75.731368590179102, 17.822455386139112 ], [ 75.721083054779982, 17.822455386139112 ], [ 75.723249498942934, 17.830696638597736 ], [ 75.733535328619908, 17.830696638597736 ], [ 75.731368590179102, 17.822455386139112 ] ] ] } },
{ "type": "Feature", "properties": { }, "geometry": { "type": "Polygon", "coordinates": [ [ [ 75.63122631738905, 17.871905084141076 ], [ 75.62093901392771, 17.871905084141076 ], [ 75.623109265363823, 17.880147210434171 ], [ 75.633396864061311, 17.880147210434171 ], [ 75.63122631738905, 17.871905084141076 ] ] ] } },
{ "type": "Feature", "properties": { }, "geometry": { "type": "Polygon", "coordinates": [ [ [ 75.596588724692637, 17.896631900815773 ], [ 75.586300535043264, 17.896631900815773 ], [ 75.588473129585452, 17.904874465057091 ], [ 75.598761614950661, 17.904874465057091 ], [ 75.596588724692637, 17.896631900815773 ] ] ] } },
{ "type": "Feature", "properties": { }, "geometry": { "type": "Polygon", "coordinates": [ [ [ 75.778025235678925, 17.921360032022918 ], [ 75.767736158402172, 17.921360032022918 ], [ 75.769917314866163, 17.929603034900328 ], [ 75.780206688338737, 17.929603034900328 ], [ 75.778025235678925, 17.921360032022918 ] ] ] } },
{ "type": "Feature", "properties": { }, "geometry": { "type": "Polygon", "coordinates": [ [ [ 75.633978153804165, 17.921360032022918 ], [ 75.623689076527384, 17.921360032022918 ], [ 75.625866086249772, 17.929603034900328 ], [ 75.636155459722374, 17.929603034900328 ], [ 75.633978153804165, 17.921360032022918 ] ] ] } },
{ "type": "Feature", "properties": { }, "geometry": { "type": "Polygon", "coordinates": [ [ [ 75.625587281008521, 18.04502047832753 ], [ 75.627781073421644, 18.053265684717463 ], [ 75.638074909063008, 18.053265684717463 ], [ 75.635880818048761, 18.04502047832753 ], [ 75.625587281008521, 18.04502047832753 ] ] ] } },
{ "type": "Feature", "properties": { }, "geometry": { "type": "Polygon", "coordinates": [ [ [ 75.689544087269738, 18.053265684717463 ], [ 75.69174085261912, 18.061511038621259 ], [ 75.702034987022216, 18.061511038621259 ], [ 75.699837922911101, 18.053265684717463 ], [ 75.689544087269738, 18.053265684717463 ] ] ] } },
{ "type": "Feature", "properties": { }, "geometry": { "type": "Polygon", "coordinates": [ [ [ 75.51083274509466, 18.078002189277328 ], [ 75.50053801268588, 18.078002189277328 ], [ 75.502732638107744, 18.086247986183075 ], [ 75.51302766976049, 18.086247986183075 ], [ 75.51083274509466, 18.078002189277328 ] ] ] } },
{ "type": "Feature", "properties": { }, "geometry": { "type": "Polygon", "coordinates": [ [ [ 75.531422209912193, 18.078002189277328 ], [ 75.521127477503413, 18.078002189277328 ], [ 75.523322701413221, 18.086247986183075 ], [ 75.533617733065981, 18.086247986183075 ], [ 75.531422209912193, 18.078002189277328 ] ] ] } },
{ "type": "Feature", "properties": { }, "geometry": { "type": "Polygon", "coordinates": [ [ [ 75.52181916710677, 18.119232652782003 ], [ 75.51152293686954, 18.119232652782003 ], [ 75.513723462262334, 18.127479189559715 ], [ 75.52401999254802, 18.127479189559715 ], [ 75.52181916710677, 18.119232652782003 ] ] ] } },
{ "type": "Feature", "properties": { }, "geometry": { "type": "Polygon", "coordinates": [ [ [ 75.451944280548162, 18.127479189559715 ], [ 75.441647750262462, 18.127479189559715 ], [ 75.44384735504407, 18.135725874542263 ], [ 75.454144185539235, 18.135725874542263 ], [ 75.451944280548162, 18.127479189559715 ] ] ] } },
{ "type": "Feature", "properties": { }, "geometry": { "type": "Polygon", "coordinates": [ [ [ 75.607269445058193, 18.284191634938956 ], [ 75.596967183214431, 18.284191634938956 ], [ 75.59919259365401, 18.292441150432417 ], [ 75.609495158773953, 18.292441150432417 ], [ 75.607269445058193, 18.284191634938956 ] ] ] } },
{ "type": "Feature", "properties": { }, "geometry": { "type": "Polygon", "coordinates": [ [ [ 75.873766323779776, 18.31719059568989 ], [ 75.863462847860248, 18.31719059568989 ], [ 75.865700607296617, 18.32544071062533 ], [ 75.876004387139801, 18.32544071062533 ], [ 75.873766323779776, 18.31719059568989 ] ] ] } },
{ "type": "Feature", "properties": { }, "geometry": { "type": "Polygon", "coordinates": [ [ [ 75.589729293161199, 18.333690975614228 ], [ 75.569121125303639, 18.333690975614228 ], [ 75.571352446863386, 18.341941390733815 ], [ 75.591961223216174, 18.341941390733815 ], [ 75.589729293161199, 18.333690975614228 ] ] ] } },
{ "type": "Feature", "properties": { }, "geometry": { "type": "Polygon", "coordinates": [ [ [ 75.338803720825922, 18.358442671673973 ], [ 75.341031599564459, 18.366693537649066 ], [ 75.351336901456079, 18.366693537649066 ], [ 75.349108717983682, 18.358442671673973 ], [ 75.338803720825922, 18.358442671673973 ] ] ] } },
{ "type": "Feature", "properties": { }, "geometry": { "type": "Polygon", "coordinates": [ [ [ 75.534598666823754, 18.358442671673973 ], [ 75.536832335505537, 18.366693537649066 ], [ 75.547137637397171, 18.366693537649066 ], [ 75.544903663981543, 18.358442671673973 ], [ 75.534598666823754, 18.358442671673973 ] ] ] } },
{ "type": "Feature", "properties": { }, "geometry": { "type": "Polygon", "coordinates": [ [ [ 75.600900833536173, 18.374944554063863 ], [ 75.590595226748533, 18.374944554063863 ], [ 75.592832798260361, 18.383195720995662 ], [ 75.603138710106208, 18.383195720995662 ], [ 75.600900833536173, 18.374944554063863 ] ] ] } },
{ "type": "Feature", "properties": { }, "geometry": { "type": "Polygon", "coordinates": [ [ [ 75.500964116289282, 18.424453816116124 ], [ 75.490656676717904, 18.424453816116124 ], [ 75.492898026406706, 18.432705887774002 ], [ 75.503205772010332, 18.432705887774002 ], [ 75.500964116289282, 18.424453816116124 ] ] ] } },
{ "type": "Feature", "properties": { }, "geometry": { "type": "Polygon", "coordinates": [ [ [ 75.671324488185391, 18.482221492660063 ], [ 75.661014902974671, 18.482221492660063 ], [ 75.663269196398147, 18.490474623353808 ], [ 75.673579088779348, 18.490474623353808 ], [ 75.671324488185391, 18.482221492660063 ] ] ] } },
{ "type": "Feature", "properties": { }, "geometry": { "type": "Polygon", "coordinates": [ [ [ 75.908444948032027, 18.482221492660063 ], [ 75.912969477473183, 18.498727905648323 ], [ 75.923279677187637, 18.498727905648323 ], [ 75.918754533242733, 18.482221492660063 ], [ 75.908444948032027, 18.482221492660063 ] ] ] } },
{ "type": "Feature", "properties": { }, "geometry": { "type": "Polygon", "coordinates": [ [ [ 75.898135362821293, 18.482221492660063 ], [ 75.887825777610573, 18.482221492660063 ], [ 75.890086828784575, 18.490474623353808 ], [ 75.900396721165777, 18.490474623353808 ], [ 75.898135362821293, 18.482221492660063 ] ] ] } },
{ "type": "Feature", "properties": { }, "geometry": { "type": "Polygon", "coordinates": [ [ [ 75.518608997632498, 18.564759630938632 ], [ 75.508296333387776, 18.564759630938632 ], [ 75.510557335626359, 18.573014281130686 ], [ 75.520870308671022, 18.573014281130686 ], [ 75.518608997632498, 18.564759630938632 ] ] ] } },
{ "type": "Feature", "properties": { }, "geometry": { "type": "Polygon", "coordinates": [ [ [ 75.823191766373114, 18.696852362754228 ], [ 75.825480327956754, 18.705109460305398 ], [ 75.835798264019033, 18.705109460305398 ], [ 75.833509391019845, 18.696852362754228 ], [ 75.823191766373114, 18.696852362754228 ] ] ] } },
{ "type": "Feature", "properties": { }, "geometry": { "type": "Polygon", "coordinates": [ [ [ 75.693632874116659, 18.713366711478162 ], [ 75.695919791175129, 18.721624116350487 ], [ 75.706238350559971, 18.721624116350487 ], [ 75.70395112175828, 18.713366711478162 ], [ 75.693632874116659, 18.713366711478162 ] ] ] } },
{ "type": "Feature", "properties": { }, "geometry": { "type": "Polygon", "coordinates": [ [ [ 75.796815350532825, 18.713366711478162 ], [ 75.78649710289119, 18.713366711478162 ], [ 75.78878682563861, 18.721624116350487 ], [ 75.799105385023452, 18.721624116350487 ], [ 75.796815350532825, 18.713366711478162 ] ] ] } },
{ "type": "Feature", "properties": { }, "geometry": { "type": "Polygon", "coordinates": [ [ [ 75.62481145389475, 18.762913448934306 ], [ 75.614491333334442, 18.762913448934306 ], [ 75.616782654728738, 18.77117177764152 ], [ 75.627103088016298, 18.77117177764152 ], [ 75.62481145389475, 18.762913448934306 ] ] ] } },
{ "type": "Feature", "properties": { }, "geometry": { "type": "Polygon", "coordinates": [ [ [ 75.56632531237625, 18.812465736422606 ], [ 75.556003312989247, 18.812465736422606 ], [ 75.558299659316575, 18.820724991774519 ], [ 75.568621972416395, 18.820724991774519 ], [ 75.56632531237625, 18.812465736422606 ] ] ] } },
{ "type": "Feature", "properties": { }, "geometry": { "type": "Polygon", "coordinates": [ [ [ 75.6512004772149, 18.820724991774519 ], [ 75.64087816411508, 18.820724991774519 ], [ 75.643178224859, 18.828984401840614 ], [ 75.653500851836014, 18.828984401840614 ], [ 75.6512004772149, 18.820724991774519 ] ] ] } },
{ "type": "Feature", "properties": { }, "geometry": { "type": "Polygon", "coordinates": [ [ [ 76.029742405023413, 18.845503686428078 ], [ 76.019419149798637, 18.845503686428078 ], [ 76.021734143854658, 18.853763561105808 ], [ 76.032057713450087, 18.853763561105808 ], [ 76.029742405023413, 18.845503686428078 ] ] ] } },
{ "type": "Feature", "properties": { }, "geometry": { "type": "Polygon", "coordinates": [ [ [ 75.708626473845058, 18.87854411561359 ], [ 75.698301960150076, 18.87854411561359 ], [ 75.700611722539364, 18.886804610868516 ], [ 75.710936551263501, 18.886804610868516 ], [ 75.708626473845058, 18.87854411561359 ] ] ] } },
{ "type": "Feature", "properties": { }, "geometry": { "type": "Polygon", "coordinates": [ [ [ 75.989706926815344, 18.886804610868516 ], [ 75.979382098091193, 18.886804610868516 ], [ 75.981701578528529, 18.895065261463383 ], [ 75.992026722446568, 18.895065261463383 ], [ 75.989706926815344, 18.886804610868516 ] ] ] } },
{ "type": "Feature", "properties": { }, "geometry": { "type": "Polygon", "coordinates": [ [ [ 75.640971829232925, 18.895065261463383 ], [ 75.64328211540132, 18.903326067476481 ], [ 75.653607574678048, 18.903326067476481 ], [ 75.651296973150963, 18.895065261463383 ], [ 75.640971829232925, 18.895065261463383 ] ] ] } },
{ "type": "Feature", "properties": { }, "geometry": { "type": "Polygon", "coordinates": [ [ [ 75.800480231009146, 18.911587028986123 ], [ 75.802797667681091, 18.919848146070628 ], [ 75.813123758169681, 18.919848146070628 ], [ 75.810806005809383, 18.911587028986123 ], [ 75.800480231009146, 18.911587028986123 ] ] ] } },
{ "type": "Feature", "properties": { }, "geometry": { "type": "Polygon", "coordinates": [ [ [ 75.89237355040477, 18.944632431556798 ], [ 75.882046511861518, 18.944632431556798 ], [ 75.884371006903777, 18.95289417172431 ], [ 75.894698361795236, 18.95289417172431 ], [ 75.89237355040477, 18.944632431556798 ] ] ] } },
{ "type": "Feature", "properties": { }, "geometry": { "type": "Polygon", "coordinates": [ [ [ 75.756062415558588, 19.01073072435771 ], [ 75.776721563465031, 19.01073072435771 ], [ 75.774392381639302, 19.002467890775772 ], [ 75.753733868742017, 19.002467890775772 ], [ 75.756062415558588, 19.01073072435771 ] ] ] } },
{ "type": "Feature", "properties": { }, "geometry": { "type": "Polygon", "coordinates": [ [ [ 75.939660484817693, 19.002467890775772 ], [ 75.929331228369037, 19.002467890775772 ], [ 75.931665172763417, 19.01073072435771 ], [ 75.941994746716645, 19.01073072435771 ], [ 75.939660484817693, 19.002467890775772 ] ] ] } },
{ "type": "Feature", "properties": { }, "geometry": { "type": "Polygon", "coordinates": [ [ [ 75.554118958598423, 19.027256861148128 ], [ 75.543788749139907, 19.027256861148128 ], [ 75.546114257135471, 19.035520164513692 ], [ 75.556444784594774, 19.035520164513692 ], [ 75.554118958598423, 19.027256861148128 ] ] ] } },
{ "type": "Feature", "properties": { }, "geometry": { "type": "Polygon", "coordinates": [ [ [ 75.635749903250769, 19.060311015434628 ], [ 75.625418420795981, 19.060311015434628 ], [ 75.627751002123532, 19.06857494627835 ], [ 75.638082803241332, 19.06857494627835 ], [ 75.635749903250769, 19.060311015434628 ] ] ] } },
{ "type": "Feature", "properties": { }, "geometry": { "type": "Polygon", "coordinates": [ [ [ 75.658746405476904, 19.06857494627835 ], [ 75.648414604359118, 19.06857494627835 ], [ 75.650749035949929, 19.076839034188158 ], [ 75.661081155896383, 19.076839034188158 ], [ 75.658746405476904, 19.06857494627835 ] ] ] } },
{ "type": "Feature", "properties": { }, "geometry": { "type": "Polygon", "coordinates": [ [ [ 75.850793769758269, 19.12642686444007 ], [ 75.853142460418439, 19.134692054015492 ], [ 75.863476816807534, 19.134692054015492 ], [ 75.861127806157896, 19.12642686444007 ], [ 75.850793769758269, 19.12642686444007 ] ] ] } },
{ "type": "Feature", "properties": { }, "geometry": { "type": "Polygon", "coordinates": [ [ [ 75.927835105303586, 19.14295740128663 ], [ 75.930188475352949, 19.151222906332265 ], [ 75.940523472219013, 19.151222906332265 ], [ 75.93816978184816, 19.14295740128663 ], [ 75.927835105303586, 19.14295740128663 ] ] ] } },
{ "type": "Feature", "properties": { }, "geometry": { "type": "Polygon", "coordinates": [ [ [ 76.061287413888991, 19.176020368904233 ], [ 76.05095145506175, 19.176020368904233 ], [ 76.053313238644179, 19.184286505835999 ], [ 76.06364951845751, 19.184286505835999 ], [ 76.061287413888991, 19.176020368904233 ] ] ] } },
{ "type": "Feature", "properties": { }, "geometry": { "type": "Polygon", "coordinates": [ [ [ 75.758666619238255, 19.382721424420453 ], [ 75.748322585783527, 19.382721424420453 ], [ 75.750703665965347, 19.390991539269844 ], [ 75.761048024575445, 19.390991539269844 ], [ 75.758666619238255, 19.382721424420453 ] ] ] } },
{ "type": "Feature", "properties": { }, "geometry": { "type": "Polygon", "coordinates": [ [ [ 75.962369691188258, 19.407532249484643 ], [ 75.95202468176538, 19.407532249484643 ], [ 75.954415626478806, 19.41580284500866 ], [ 75.964760961559165, 19.41580284500866 ], [ 75.962369691188258, 19.407532249484643 ] ] ] } },
{ "type": "Feature", "properties": { }, "geometry": { "type": "Polygon", "coordinates": [ [ [ 75.929796205896722, 19.473701508859421 ], [ 75.919448586522535, 19.473701508859421 ], [ 75.921847741212773, 19.481973389674089 ], [ 75.932195687585391, 19.481973389674089 ], [ 75.929796205896722, 19.473701508859421 ] ] ] } },
{ "type": "Feature", "properties": { }, "geometry": { "type": "Polygon", "coordinates": [ [ [ 75.76586857874257, 19.515062523914949 ], [ 75.755519322697722, 19.515062523914949 ], [ 75.75791906349609, 19.523335210618256 ], [ 75.768268647378875, 19.523335210618256 ], [ 75.76586857874257, 19.515062523914949 ] ] ] } },
{ "type": "Feature", "properties": { }, "geometry": { "type": "Polygon", "coordinates": [ [ [ 76.039068089075187, 19.564701066970791 ], [ 76.028716863481435, 19.564701066970791 ], [ 76.031132210165765, 19.5729747233657 ], [ 76.041483764606269, 19.5729747233657 ], [ 76.039068089075187, 19.564701066970791 ] ] ] } },
{ "type": "Feature", "properties": { }, "geometry": { "type": "Polygon", "coordinates": [ [ [ 75.967665981117818, 19.639169809400851 ], [ 75.957311789840702, 19.639169809400851 ], [ 75.959735300058043, 19.647444925710619 ], [ 75.970089821698195, 19.647444925710619 ], [ 75.967665981117818, 19.639169809400851 ] ] ] } },
{ "type": "Feature", "properties": { }, "geometry": { "type": "Polygon", "coordinates": [ [ [ 75.964586033413482, 19.663995646244615 ], [ 75.954230850541123, 19.663995646244615 ], [ 75.956657743462017, 19.672271250628501 ], [ 75.967013257203632, 19.672271250628501 ], [ 75.964586033413482, 19.663995646244615 ] ] ] } },
{ "type": "Feature", "properties": { }, "geometry": { "type": "Polygon", "coordinates": [ [ [ 76.239965628569408, 19.755036264459903 ], [ 76.229606796842276, 19.755036264459903 ], [ 76.232055315004857, 19.763313664601156 ], [ 76.24241447946082, 19.763313664601156 ], [ 76.239965628569408, 19.755036264459903 ] ] ] } },
{ "type": "Feature", "properties": { }, "geometry": { "type": "Polygon", "coordinates": [ [ [ 76.156527037598977, 19.788146847728683 ], [ 76.146166873940444, 19.788146847728683 ], [ 76.148617377463054, 19.796424903272705 ], [ 76.158977874527977, 19.796424903272705 ], [ 76.156527037598977, 19.788146847728683 ] ] ] } },
{ "type": "Feature", "properties": { }, "geometry": { "type": "Polygon", "coordinates": [ [ [ 76.20832785589171, 19.788146847728683 ], [ 76.197967692233149, 19.788146847728683 ], [ 76.200419862787655, 19.796424903272705 ], [ 76.210780359852592, 19.796424903272705 ], [ 76.20832785589171, 19.788146847728683 ] ] ] } },
{ "type": "Feature", "properties": { }, "geometry": { "type": "Polygon", "coordinates": [ [ [ 75.86830054610688, 19.829538766759459 ], [ 75.870747922841687, 19.837817643359596 ], [ 75.891472256122071, 19.837817643359596 ], [ 75.889024210878617, 19.829538766759459 ], [ 75.86830054610688, 19.829538766759459 ] ] ] } },
{ "type": "Feature", "properties": { }, "geometry": { "type": "Polygon", "coordinates": [ [ [ 76.070084062504861, 19.846096684411478 ], [ 76.059721561440639, 19.846096684411478 ], [ 76.062177446610121, 19.854375889995321 ], [ 76.072540282268164, 19.854375889995321 ], [ 76.070084062504861, 19.846096684411478 ] ] ] } },
{ "type": "Feature", "properties": { }, "geometry": { "type": "Polygon", "coordinates": [ [ [ 76.124354460558493, 19.854375889995321 ], [ 76.113991624900422, 19.854375889995321 ], [ 76.116450430313549, 19.862655260191364 ], [ 76.126813600735247, 19.862655260191364 ], [ 76.124354460558493, 19.854375889995321 ] ] ] } },
{ "type": "Feature", "properties": { }, "geometry": { "type": "Polygon", "coordinates": [ [ [ 75.991559486073669, 19.895774388702829 ], [ 75.986641858329463, 19.879214494741085 ], [ 75.976278017870868, 19.879214494741085 ], [ 75.981194974898372, 19.895774388702829 ], [ 75.991559486073669, 19.895774388702829 ] ] ] } },
{ "type": "Feature", "properties": { }, "geometry": { "type": "Polygon", "coordinates": [ [ [ 75.947117686335204, 19.920615467448556 ], [ 75.936752167809445, 19.920615467448556 ], [ 75.939214577033582, 19.9288961574327 ], [ 75.949580431683117, 19.9288961574327 ], [ 75.947117686335204, 19.920615467448556 ] ] ] } },
{ "type": "Feature", "properties": { }, "geometry": { "type": "Polygon", "coordinates": [ [ [ 75.886873482530746, 19.962020571524292 ], [ 75.87650628168339, 19.962020571524292 ], [ 75.878972570589312, 19.970302088988124 ], [ 75.889340108412028, 19.970302088988124 ], [ 75.886873482530746, 19.962020571524292 ] ] ] } },
{ "type": "Feature", "properties": { }, "geometry": { "type": "Polygon", "coordinates": [ [ [ 76.215691684377646, 19.986865621208175 ], [ 76.205323472092843, 19.986865621208175 ], [ 76.207803966621412, 19.995147636125413 ], [ 76.218172516393068, 19.995147636125413 ], [ 76.215691684377646, 19.986865621208175 ] ] ] } },
{ "type": "Feature", "properties": { }, "geometry": { "type": "Polygon", "coordinates": [ [ [ 76.062189964716495, 20.02827735638833 ], [ 76.051820063291146, 20.02827735638833 ], [ 76.054301416737786, 20.036560202005429 ], [ 76.06467165650335, 20.036560202005429 ], [ 76.062189964716495, 20.02827735638833 ] ] ] } },
{ "type": "Feature", "properties": { }, "geometry": { "type": "Polygon", "coordinates": [ [ [ 76.072124250728137, 20.061409737469845 ], [ 76.061752994916773, 20.061409737469845 ], [ 76.064239361378029, 20.06969324909787 ], [ 76.074610956213164, 20.06969324909787 ], [ 76.072124250728137, 20.061409737469845 ] ] ] } },
{ "type": "Feature", "properties": { }, "geometry": { "type": "Polygon", "coordinates": [ [ [ 76.108214718054541, 20.077976927430299 ], [ 76.097842784024635, 20.077976927430299 ], [ 76.100332677111865, 20.086260772547849 ], [ 76.110704950507596, 20.086260772547849 ], [ 76.108214718054541, 20.077976927430299 ] ] ] } },
{ "type": "Feature", "properties": { }, "geometry": { "type": "Polygon", "coordinates": [ [ [ 75.918603081942621, 20.102828963461224 ], [ 75.908230129301927, 20.102828963461224 ], [ 75.910717331548312, 20.111113309418545 ], [ 75.921090624068228, 20.111113309418545 ], [ 75.918603081942621, 20.102828963461224 ] ] ] } },
{ "type": "Feature", "properties": { }, "geometry": { "type": "Polygon", "coordinates": [ [ [ 76.281656424366759, 20.102828963461224 ], [ 76.28415586226555, 20.111113309418545 ], [ 76.294529154785479, 20.111113309418545 ], [ 76.292029377007438, 20.102828963461224 ], [ 76.281656424366759, 20.102828963461224 ] ] ] } },
{ "type": "Feature", "properties": { }, "geometry": { "type": "Polygon", "coordinates": [ [ [ 75.965073949691103, 20.119397822484 ], [ 75.967565359472744, 20.127682502738367 ], [ 75.977939332264853, 20.127682502738367 ], [ 75.975447582261481, 20.119397822484 ], [ 75.965073949691103, 20.119397822484 ] ] ] } },
{ "type": "Feature", "properties": { }, "geometry": { "type": "Polygon", "coordinates": [ [ [ 76.341028379989325, 20.127682502738367 ], [ 76.330654407197201, 20.127682502738367 ], [ 76.333158985312608, 20.135967350262465 ], [ 76.343533298497789, 20.135967350262465 ], [ 76.341028379989325, 20.127682502738367 ] ] ] } },
{ "type": "Feature", "properties": { }, "geometry": { "type": "Polygon", "coordinates": [ [ [ 76.060931114601885, 20.127682502738367 ], [ 76.050557141809747, 20.127682502738367 ], [ 76.053052529312467, 20.135967350262465 ], [ 76.063426842497648, 20.135967350262465 ], [ 76.060931114601885, 20.127682502738367 ] ] ] } },
{ "type": "Feature", "properties": { }, "geometry": { "type": "Polygon", "coordinates": [ [ [ 76.239790166645889, 20.135967350262465 ], [ 76.250164479831071, 20.135967350262465 ], [ 76.247662624860183, 20.127682502738367 ], [ 76.237288652068045, 20.127682502738367 ], [ 76.239790166645889, 20.135967350262465 ] ] ] } },
{ "type": "Feature", "properties": { }, "geometry": { "type": "Polygon", "coordinates": [ [ [ 76.239790166645889, 20.135967350262465 ], [ 76.229415853460694, 20.135967350262465 ], [ 76.231918286844589, 20.144252365137124 ], [ 76.242292940594211, 20.144252365137124 ], [ 76.239790166645889, 20.135967350262465 ] ] ] } },
{ "type": "Feature", "properties": { }, "geometry": { "type": "Polygon", "coordinates": [ [ [ 76.177544287534744, 20.135967350262465 ], [ 76.167169974349548, 20.135967350262465 ], [ 76.169670364346857, 20.144252365137124 ], [ 76.180045018096479, 20.144252365137124 ], [ 76.177544287534744, 20.135967350262465 ] ] ] } },
{ "type": "Feature", "properties": { }, "geometry": { "type": "Polygon", "coordinates": [ [ [ 75.912797150717822, 20.152537547443195 ], [ 75.892047161746888, 20.152537547443195 ], [ 75.894540864607237, 20.160822897261557 ], [ 75.915291535392782, 20.160822897261557 ], [ 75.912797150717822, 20.152537547443195 ] ] ] } },
{ "type": "Feature", "properties": { }, "geometry": { "type": "Polygon", "coordinates": [ [ [ 76.117077128178977, 20.210538518460339 ], [ 76.09632235929918, 20.210538518460339 ], [ 76.098831009157209, 20.218825043130419 ], [ 76.119586462254674, 20.218825043130419 ], [ 76.117077128178977, 20.210538518460339 ] ] ] } },
{ "type": "Feature", "properties": { }, "geometry": { "type": "Polygon", "coordinates": [ [ [ 76.14034191535211, 20.218825043130419 ], [ 76.142853194361876, 20.227111735960342 ], [ 76.153231263191259, 20.227111735960342 ], [ 76.150719641900835, 20.218825043130419 ], [ 76.14034191535211, 20.218825043130419 ] ] ] } },
{ "type": "Feature", "properties": { }, "geometry": { "type": "Polygon", "coordinates": [ [ [ 76.383783733977339, 20.26854772534443 ], [ 76.386310137342974, 20.276835428835696 ], [ 76.396690263467448, 20.276835428835696 ], [ 76.394163516789177, 20.26854772534443 ], [ 76.383783733977339, 20.26854772534443 ] ] ] } },
{ "type": "Feature", "properties": { }, "geometry": { "type": "Polygon", "coordinates": [ [ [ 75.981168379357072, 20.309987930886624 ], [ 75.970786878259986, 20.309987930886624 ], [ 75.973305508435388, 20.318276478826718 ], [ 75.983687353706358, 20.318276478826718 ], [ 75.981168379357072, 20.309987930886624 ] ] ] } },
{ "type": "Feature", "properties": { }, "geometry": { "type": "Polygon", "coordinates": [ [ [ 76.053838887036562, 20.309987930886624 ], [ 76.04345738593949, 20.309987930886624 ], [ 76.04597842533218, 20.318276478826718 ], [ 76.05636027060315, 20.318276478826718 ], [ 76.053838887036562, 20.309987930886624 ] ] ] } },
{ "type": "Feature", "properties": { }, "geometry": { "type": "Polygon", "coordinates": [ [ [ 76.03559658006121, 20.318276478826718 ], [ 76.025214734790254, 20.318276478826718 ], [ 76.030259224471735, 20.334854082188251 ], [ 76.040641758607734, 20.334854082188251 ], [ 76.03559658006121, 20.318276478826718 ] ] ] } },
{ "type": "Feature", "properties": { }, "geometry": { "type": "Polygon", "coordinates": [ [ [ 75.991251848486925, 20.343143137772199 ], [ 75.98086896965971, 20.343143137772199 ], [ 75.983392648112542, 20.351432362733291 ], [ 75.993775871803507, 20.351432362733291 ], [ 75.991251848486925, 20.343143137772199 ] ] ] } },
{ "type": "Feature", "properties": { }, "geometry": { "type": "Polygon", "coordinates": [ [ [ 76.344036079230506, 20.376301054692547 ], [ 76.333651819912617, 20.376301054692547 ], [ 76.33619195544172, 20.384590957975401 ], [ 76.346576560313977, 20.384590957975401 ], [ 76.344036079230506, 20.376301054692547 ] ] ] } },
{ "type": "Feature", "properties": { }, "geometry": { "type": "Polygon", "coordinates": [ [ [ 75.936249473399741, 20.40117127397394 ], [ 75.925864176900433, 20.40117127397394 ], [ 75.92839428058447, 20.409461686852428 ], [ 75.938779923156588, 20.409461686852428 ], [ 75.936249473399741, 20.40117127397394 ] ] ] } },
{ "type": "Feature", "properties": { }, "geometry": { "type": "Polygon", "coordinates": [ [ [ 76.486486314714995, 20.434333945981873 ], [ 76.476099632886786, 20.434333945981873 ], [ 76.478652826945421, 20.442625039461216 ], [ 76.489039855538365, 20.442625039461216 ], [ 76.486486314714995, 20.434333945981873 ] ] ] } },
{ "type": "Feature", "properties": { }, "geometry": { "type": "Polygon", "coordinates": [ [ [ 76.250138197900768, 20.442625039461216 ], [ 76.252685033845495, 20.450916303294484 ], [ 76.263072409376264, 20.450916303294484 ], [ 76.260525226493712, 20.442625039461216 ], [ 76.250138197900768, 20.442625039461216 ] ] ] } },
{ "type": "Feature", "properties": { }, "geometry": { "type": "Polygon", "coordinates": [ [ [ 76.255233140848389, 20.459207737563162 ], [ 76.252685033845495, 20.450916303294484 ], [ 76.24229765831474, 20.450916303294484 ], [ 76.244845418206651, 20.459207737563162 ], [ 76.255233140848389, 20.459207737563162 ] ] ] } },
{ "type": "Feature", "properties": { }, "geometry": { "type": "Polygon", "coordinates": [ [ [ 76.151355914430866, 20.459207737563162 ], [ 76.140968191789113, 20.459207737563162 ], [ 76.143513750072415, 20.467499342348805 ], [ 76.153901819998339, 20.467499342348805 ], [ 76.151355914430866, 20.459207737563162 ] ] ] } },
{ "type": "Feature", "properties": { }, "geometry": { "type": "Polygon", "coordinates": [ [ [ 76.213320762184097, 20.525545357175773 ], [ 76.202930256415485, 20.525545357175773 ], [ 76.205487377937686, 20.533838329034474 ], [ 76.215878232377747, 20.533838329034474 ], [ 76.213320762184097, 20.525545357175773 ] ] ] } },
{ "type": "Feature", "properties": { }, "geometry": { "type": "Polygon", "coordinates": [ [ [ 76.153533105737409, 20.533838329034474 ], [ 76.143142251297348, 20.533838329034474 ], [ 76.145698553084216, 20.542131472144742 ], [ 76.156089756369354, 20.542131472144742 ], [ 76.153533105737409, 20.533838329034474 ] ] ] } },
{ "type": "Feature", "properties": { }, "geometry": { "type": "Polygon", "coordinates": [ [ [ 76.340142846006572, 20.666549224598512 ], [ 76.329746389178069, 20.666549224598512 ], [ 76.332328018218419, 20.674845118859864 ], [ 76.342724826676488, 20.674845118859864 ], [ 76.340142846006572, 20.666549224598512 ] ] ] } },
{ "type": "Feature", "properties": { }, "geometry": { "type": "Polygon", "coordinates": [ [ [ 76.438842504263164, 20.716327181456172 ], [ 76.428443935039766, 20.716327181456172 ], [ 76.431036075113866, 20.724624112807799 ], [ 76.441434997014184, 20.724624112807799 ], [ 76.438842504263164, 20.716327181456172 ] ] ] } },
{ "type": "Feature", "properties": { }, "geometry": { "type": "Polygon", "coordinates": [ [ [ 76.199620639698864, 20.749515946005506 ], [ 76.189220658719222, 20.749515946005506 ], [ 76.191809456884641, 20.757813570392855 ], [ 76.202209791240406, 20.757813570392855 ], [ 76.199620639698864, 20.749515946005506 ] ] ] } },
{ "type": "Feature", "properties": { }, "geometry": { "type": "Polygon", "coordinates": [ [ [ 76.501245706166614, 20.81590180271218 ], [ 76.49084289327736, 20.81590180271218 ], [ 76.493451532194442, 20.824200817117596 ], [ 76.503854699860554, 20.824200817117596 ], [ 76.501245706166614, 20.81590180271218 ] ] ] } },
{ "type": "Feature", "properties": { }, "geometry": { "type": "Polygon", "coordinates": [ [ [ 76.438828828831177, 20.81590180271218 ], [ 76.441435693863852, 20.824200817117596 ], [ 76.451838861529964, 20.824200817117596 ], [ 76.449231641720417, 20.81590180271218 ], [ 76.438828828831177, 20.81590180271218 ] ] ] } },
{ "type": "Feature", "properties": { }, "geometry": { "type": "Polygon", "coordinates": [ [ [ 76.535179104427698, 20.890599207696177 ], [ 76.537800070587707, 20.898899792171868 ], [ 76.548206439140728, 20.898899792171868 ], [ 76.545585116624238, 20.890599207696177 ], [ 76.535179104427698, 20.890599207696177 ] ] ] } },
{ "type": "Feature", "properties": { }, "geometry": { "type": "Polygon", "coordinates": [ [ [ 76.506665682482691, 20.932103879545785 ], [ 76.496257886745767, 20.932103879545785 ], [ 76.498883533638747, 20.940405339169878 ], [ 76.509291686611377, 20.940405339169878 ], [ 76.506665682482691, 20.932103879545785 ] ] ] } },
{ "type": "Feature", "properties": { }, "geometry": { "type": "Polygon", "coordinates": [ [ [ 76.626850109776569, 21.048340294625266 ], [ 76.616437296705371, 21.048340294625266 ], [ 76.619083964575083, 21.056644215659521 ], [ 76.629497137350526, 21.056644215659521 ], [ 76.626850109776569, 21.048340294625266 ] ] ] } },
{ "type": "Feature", "properties": { }, "geometry": { "type": "Polygon", "coordinates": [ [ [ 76.619269027384789, 21.089861664985143 ], [ 76.60885441402489, 21.089861664985143 ], [ 76.611506864897834, 21.098166469028314 ], [ 76.62192183884595, 21.098166469028314 ], [ 76.619269027384789, 21.089861664985143 ] ] ] } },
{ "type": "Feature", "properties": { }, "geometry": { "type": "Polygon", "coordinates": [ [ [ 75.651869085475653, 16.99082466347928 ], [ 75.641612456578088, 16.99082466347928 ], [ 75.643665249294628, 16.999051616160241 ], [ 75.65392215654073, 16.999051616160241 ], [ 75.651869085475653, 16.99082466347928 ] ] ] } },
{ "type": "Feature", "properties": { }, "geometry": { "type": "Polygon", "coordinates": [ [ [ 75.635620941576988, 17.130701652916372 ], [ 75.625359559528462, 17.130701652916372 ], [ 75.627430527827755, 17.138930958653205 ], [ 75.637692190879875, 17.138930958653205 ], [ 75.635620941576988, 17.130701652916372 ] ] ] } },
{ "type": "Feature", "properties": { }, "geometry": { "type": "Polygon", "coordinates": [ [ [ 75.635856978350517, 17.213000978356092 ], [ 75.625592779219247, 17.213000978356092 ], [ 75.629757833267277, 17.229462518236723 ], [ 75.640022597695847, 17.229462518236723 ], [ 75.635856978350517, 17.213000978356092 ] ] ] } },
{ "type": "Feature", "properties": { }, "geometry": { "type": "Polygon", "coordinates": [ [ [ 75.633927511398085, 17.245924617785388 ], [ 75.623662181044608, 17.245924617785388 ], [ 75.62574847161271, 17.254155877623386 ], [ 75.636014085164078, 17.254155877623386 ], [ 75.633927511398085, 17.245924617785388 ] ] ] } },
{ "type": "Feature", "properties": { }, "geometry": { "type": "Polygon", "coordinates": [ [ [ 75.95108041660076, 17.402342592144787 ], [ 75.953196743154649, 17.410576527585576 ], [ 75.96346776733931, 17.410576527585576 ], [ 75.961351154598105, 17.402342592144787 ], [ 75.95108041660076, 17.402342592144787 ] ] ] } },
{ "type": "Feature", "properties": { }, "geometry": { "type": "Polygon", "coordinates": [ [ [ 75.875260118914198, 17.427044823270325 ], [ 75.877377651641027, 17.435279183665426 ], [ 75.887649535333992, 17.435279183665426 ], [ 75.885531715946641, 17.427044823270325 ], [ 75.875260118914198, 17.427044823270325 ] ] ] } },
{ "type": "Feature", "properties": { }, "geometry": { "type": "Polygon", "coordinates": [ [ [ 75.943250959601642, 17.451748329939079 ], [ 75.932978502114096, 17.451748329939079 ], [ 75.935100968639688, 17.459983115968857 ], [ 75.945373713261318, 17.459983115968857 ], [ 75.943250959601642, 17.451748329939079 ] ] ] } },
{ "type": "Feature", "properties": { }, "geometry": { "type": "Polygon", "coordinates": [ [ [ 75.818192089928218, 17.484688326537729 ], [ 75.80791848295658, 17.484688326537729 ], [ 75.810041879685102, 17.492923681139409 ], [ 75.820315774422752, 17.492923681139409 ], [ 75.818192089928218, 17.484688326537729 ] ] ] } },
{ "type": "Feature", "properties": { }, "geometry": { "type": "Polygon", "coordinates": [ [ [ 75.962397796913663, 17.525866523625158 ], [ 75.952122749530787, 17.525866523625158 ], [ 75.954255732346894, 17.534102590645002 ], [ 75.964531068286547, 17.534102590645002 ], [ 75.962397796913663, 17.525866523625158 ] ] ] } },
{ "type": "Feature", "properties": { }, "geometry": { "type": "Polygon", "coordinates": [ [ [ 76.005632412045173, 17.534102590645002 ], [ 75.99535707610552, 17.534102590645002 ], [ 75.997492383633201, 17.542338800375724 ], [ 76.007768008287897, 17.542338800375724 ], [ 76.005632412045173, 17.534102590645002 ] ] ] } },
{ "type": "Feature", "properties": { }, "geometry": { "type": "Polygon", "coordinates": [ [ [ 75.717923005734804, 17.534102590645002 ], [ 75.697372333855469, 17.534102590645002 ], [ 75.699499268647159, 17.542338800375724 ], [ 75.720050517956537, 17.542338800375724 ], [ 75.717923005734804, 17.534102590645002 ] ] ] } },
{ "type": "Feature", "properties": { }, "geometry": { "type": "Polygon", "coordinates": [ [ [ 75.966665509669141, 17.542338800375724 ], [ 75.970937903566366, 17.558811648272954 ], [ 75.981214106126046, 17.558811648272954 ], [ 75.976941134323823, 17.542338800375724 ], [ 75.966665509669141, 17.542338800375724 ] ] ] } },
{ "type": "Feature", "properties": { }, "geometry": { "type": "Polygon", "coordinates": [ [ [ 76.024458315381622, 17.567048286591064 ], [ 76.020180688977248, 17.55057515289311 ], [ 76.009904775449215, 17.55057515289311 ], [ 76.014181823631887, 17.567048286591064 ], [ 76.024458315381622, 17.567048286591064 ] ] ] } },
{ "type": "Feature", "properties": { }, "geometry": { "type": "Polygon", "coordinates": [ [ [ 75.88659381311291, 17.55057515289311 ], [ 75.888728283088795, 17.558811648272954 ], [ 75.89900448564849, 17.558811648272954 ], [ 75.896869726640929, 17.55057515289311 ], [ 75.88659381311291, 17.55057515289311 ] ] ] } },
{ "type": "Feature", "properties": { }, "geometry": { "type": "Polygon", "coordinates": [ [ [ 75.893000732027573, 17.575285067923279 ], [ 75.882723950929375, 17.575285067923279 ], [ 75.884861640937487, 17.583521992345428 ], [ 75.895138711542586, 17.583521992345428 ], [ 75.893000732027573, 17.575285067923279 ] ] ] } },
{ "type": "Feature", "properties": { }, "geometry": { "type": "Polygon", "coordinates": [ [ [ 75.839892033125537, 17.60823362491012 ], [ 75.829614093048676, 17.60823362491012 ], [ 75.831754724831356, 17.616471122450715 ], [ 75.842032955049291, 17.616471122450715 ], [ 75.839892033125537, 17.60823362491012 ] ] ] } },
{ "type": "Feature", "properties": { }, "geometry": { "type": "Polygon", "coordinates": [ [ [ 75.788502332741245, 17.60823362491012 ], [ 75.778224392664399, 17.60823362491012 ], [ 75.780363573741738, 17.616471122450715 ], [ 75.790641803959673, 17.616471122450715 ], [ 75.788502332741245, 17.60823362491012 ] ] ] } },
{ "type": "Feature", "properties": { }, "geometry": { "type": "Polygon", "coordinates": [ [ [ 75.870725853356106, 17.60823362491012 ], [ 75.860447913279259, 17.60823362491012 ], [ 75.862589415485147, 17.616471122450715 ], [ 75.872867645703067, 17.616471122450715 ], [ 75.870725853356106, 17.60823362491012 ] ] ] } },
{ "type": "Feature", "properties": { }, "geometry": { "type": "Polygon", "coordinates": [ [ [ 75.885289129597837, 17.624708763460674 ], [ 75.875010609080206, 17.624708763460674 ], [ 75.87715474376472, 17.632946548015916 ], [ 75.88743355474071, 17.632946548015916 ], [ 75.885289129597837, 17.624708763460674 ] ] ] } },
{ "type": "Feature", "properties": { }, "geometry": { "type": "Polygon", "coordinates": [ [ [ 75.910137354813244, 17.641184476192389 ], [ 75.899858253220145, 17.641184476192389 ], [ 75.902005312903398, 17.649422548066049 ], [ 75.912284705272342, 17.649422548066049 ], [ 75.910137354813244, 17.641184476192389 ] ] ] } },
{ "type": "Feature", "properties": { }, "geometry": { "type": "Polygon", "coordinates": [ [ [ 75.755950830916888, 17.641184476192389 ], [ 75.758093819738463, 17.649422548066049 ], [ 75.768373212107377, 17.649422548066049 ], [ 75.766229932509972, 17.641184476192389 ], [ 75.755950830916888, 17.641184476192389 ] ] ] } },
{ "type": "Feature", "properties": { }, "geometry": { "type": "Polygon", "coordinates": [ [ [ 75.883594178437249, 17.657660763712872 ], [ 75.873314495133698, 17.657660763712872 ], [ 75.877612730863646, 17.674137626629953 ], [ 75.887892996512946, 17.674137626629953 ], [ 75.883594178437249, 17.657660763712872 ] ] ] } },
{ "type": "Feature", "properties": { }, "geometry": { "type": "Polygon", "coordinates": [ [ [ 75.834343129142042, 17.665899123208838 ], [ 75.824063154745062, 17.665899123208838 ], [ 75.82621140261719, 17.674137626629953 ], [ 75.836491668266461, 17.674137626629953 ], [ 75.834343129142042, 17.665899123208838 ] ] ] } },
{ "type": "Feature", "properties": { }, "geometry": { "type": "Polygon", "coordinates": [ [ [ 75.890044164873444, 17.682376274052235 ], [ 75.879763607812947, 17.682376274052235 ], [ 75.88191565785641, 17.6906150655517 ], [ 75.892196506487039, 17.6906150655517 ], [ 75.890044164873444, 17.682376274052235 ] ] ] } },
{ "type": "Feature", "properties": { }, "geometry": { "type": "Polygon", "coordinates": [ [ [ 75.925193442711702, 17.698854001204406 ], [ 75.953881598270854, 17.6906150655517 ], [ 75.951727507236427, 17.682376274052235 ], [ 75.920885836054921, 17.682376274052235 ], [ 75.925193442711702, 17.698854001204406 ] ] ] } },
{ "type": "Feature", "properties": { }, "geometry": { "type": "Polygon", "coordinates": [ [ [ 75.912758203748311, 17.6906150655517 ], [ 75.902477355117668, 17.6906150655517 ], [ 75.904631161992199, 17.698854001204406 ], [ 75.914912302351951, 17.698854001204406 ], [ 75.912758203748311, 17.6906150655517 ] ] ] } },
{ "type": "Feature", "properties": { }, "geometry": { "type": "Polygon", "coordinates": [ [ [ 75.974443295532126, 17.6906150655517 ], [ 75.976599144510459, 17.698854001204406 ], [ 75.98688028487021, 17.698854001204406 ], [ 75.984724144162755, 17.6906150655517 ], [ 75.974443295532126, 17.6906150655517 ] ] ] } },
{ "type": "Feature", "properties": { }, "geometry": { "type": "Polygon", "coordinates": [ [ [ 75.945755723431205, 17.698854001204406 ], [ 75.935474583071453, 17.698854001204406 ], [ 75.937630439580133, 17.707093081086416 ], [ 75.947911871828012, 17.707093081086416 ], [ 75.945755723431205, 17.698854001204406 ] ] ] } },
{ "type": "Feature", "properties": { }, "geometry": { "type": "Polygon", "coordinates": [ [ [ 75.980914367995069, 17.715332305273794 ], [ 75.970632643700014, 17.715332305273794 ], [ 75.97279172655908, 17.723571673842631 ], [ 75.983073743060388, 17.723571673842631 ], [ 75.980914367995069, 17.715332305273794 ] ] ] } },
{ "type": "Feature", "properties": { }, "geometry": { "type": "Polygon", "coordinates": [ [ [ 75.754716433503958, 17.715332305273794 ], [ 75.744434709208903, 17.715332305273794 ], [ 75.746587363530168, 17.723571673842631 ], [ 75.756869380031489, 17.723571673842631 ], [ 75.754716433503958, 17.715332305273794 ] ] ] } },
{ "type": "Feature", "properties": { }, "geometry": { "type": "Polygon", "coordinates": [ [ [ 75.808279462538067, 17.723571673842631 ], [ 75.797997446036732, 17.723571673842631 ], [ 75.800152734446755, 17.731811186869038 ], [ 75.810435043313461, 17.731811186869038 ], [ 75.808279462538067, 17.723571673842631 ] ] ] } },
{ "type": "Feature", "properties": { }, "geometry": { "type": "Polygon", "coordinates": [ [ [ 75.974951985180709, 17.731811186869038 ], [ 75.964669676314003, 17.731811186869038 ], [ 75.966830818453602, 17.740050844429121 ], [ 75.977113419844855, 17.740050844429121 ], [ 75.974951985180709, 17.731811186869038 ] ] ] } },
{ "type": "Feature", "properties": { }, "geometry": { "type": "Polygon", "coordinates": [ [ [ 75.788218664409882, 17.764770685072879 ], [ 75.777935184489593, 17.764770685072879 ], [ 75.780095462895659, 17.773010921529178 ], [ 75.790379235977511, 17.773010921529178 ], [ 75.788218664409882, 17.764770685072879 ] ] ] } },
{ "type": "Feature", "properties": { }, "geometry": { "type": "Polygon", "coordinates": [ [ [ 75.897547501477135, 17.789491829261465 ], [ 75.887263141594005, 17.789491829261465 ], [ 75.889429880013552, 17.797732500689882 ], [ 75.899714533536439, 17.797732500689882 ], [ 75.897547501477135, 17.789491829261465 ] ] ] } },
{ "type": "Feature", "properties": { }, "geometry": { "type": "Polygon", "coordinates": [ [ [ 75.766014037738927, 17.797732500689882 ], [ 75.768178427262328, 17.805973317261461 ], [ 75.778463374584433, 17.805973317261461 ], [ 75.776298691261815, 17.797732500689882 ], [ 75.766014037738927, 17.797732500689882 ] ] ] } },
{ "type": "Feature", "properties": { }, "geometry": { "type": "Polygon", "coordinates": [ [ [ 75.83639362538969, 17.830696638597736 ], [ 75.838564483472382, 17.838938036504612 ], [ 75.848850607586854, 17.838938036504612 ], [ 75.846679455066663, 17.830696638597736 ], [ 75.83639362538969, 17.830696638597736 ] ] ] } },
{ "type": "Feature", "properties": { }, "geometry": { "type": "Polygon", "coordinates": [ [ [ 75.779599103243129, 17.888389482633603 ], [ 75.769311209149649, 17.888389482633603 ], [ 75.77148794873213, 17.896631900815773 ], [ 75.781776138381517, 17.896631900815773 ], [ 75.779599103243129, 17.888389482633603 ] ] ] } },
{ "type": "Feature", "properties": { }, "geometry": { "type": "Polygon", "coordinates": [ [ [ 76.013143907778854, 17.954332922028271 ], [ 76.002853644758147, 17.954332922028271 ], [ 76.005046048598899, 17.962576510824505 ], [ 76.015336608455996, 17.962576510824505 ], [ 76.013143907778854, 17.954332922028271 ] ] ] } },
{ "type": "Feature", "properties": { }, "geometry": { "type": "Polygon", "coordinates": [ [ [ 75.907206964719293, 18.02028574347402 ], [ 75.896914322518754, 18.02028574347402 ], [ 75.899112624772329, 18.028530507782484 ], [ 75.909405565092214, 18.028530507782484 ], [ 75.907206964719293, 18.02028574347402 ] ] ] } },
{ "type": "Feature", "properties": { }, "geometry": { "type": "Polygon", "coordinates": [ [ [ 75.888824767065643, 18.143972707806508 ], [ 75.878527636199948, 18.143972707806508 ], [ 75.880742223627195, 18.152219689429298 ], [ 75.891039655024514, 18.152219689429298 ], [ 75.888824767065643, 18.143972707806508 ] ] ] } },
{ "type": "Feature", "properties": { }, "geometry": { "type": "Polygon", "coordinates": [ [ [ 75.910209720078328, 18.185209101043874 ], [ 75.899911084942872, 18.185209101043874 ], [ 75.902131913391926, 18.193456825612966 ], [ 75.912430849865046, 18.193456825612966 ], [ 75.910209720078328, 18.185209101043874 ] ] ] } },
{ "type": "Feature", "properties": { }, "geometry": { "type": "Polygon", "coordinates": [ [ [ 76.001500106797181, 18.218200892548545 ], [ 75.991200265342925, 18.218200892548545 ], [ 75.993428267273018, 18.226449212859805 ], [ 76.003728410710465, 18.226449212859805 ], [ 76.001500106797181, 18.218200892548545 ] ] ] } },
{ "type": "Feature", "properties": { }, "geometry": { "type": "Polygon", "coordinates": [ [ [ 76.193602055572512, 18.242946300943508 ], [ 76.183301307684118, 18.242946300943508 ], [ 76.185538329177717, 18.251195068870032 ], [ 76.195839379533894, 18.251195068870032 ], [ 76.193602055572512, 18.242946300943508 ] ] ] } },
{ "type": "Feature", "properties": { }, "geometry": { "type": "Polygon", "coordinates": [ [ [ 76.036380207318615, 18.30894063073071 ], [ 76.038621938492142, 18.31719059568989 ], [ 76.04892541441167, 18.31719059568989 ], [ 76.046683379476406, 18.30894063073071 ], [ 76.036380207318615, 18.30894063073071 ] ] ] } },
{ "type": "Feature", "properties": { }, "geometry": { "type": "Polygon", "coordinates": [ [ [ 75.953954830056247, 18.30894063073071 ], [ 75.956194131135959, 18.31719059568989 ], [ 75.966497607055487, 18.31719059568989 ], [ 75.964258002214038, 18.30894063073071 ], [ 75.953954830056247, 18.30894063073071 ] ] ] } },
{ "type": "Feature", "properties": { }, "geometry": { "type": "Polygon", "coordinates": [ [ [ 76.028318462572628, 18.31719059568989 ], [ 76.0180149866531, 18.31719059568989 ], [ 76.020257304944209, 18.32544071062533 ], [ 76.030561084787394, 18.32544071062533 ], [ 76.028318462572628, 18.31719059568989 ] ] ] } },
{ "type": "Feature", "properties": { }, "geometry": { "type": "Polygon", "coordinates": [ [ [ 75.994763360249209, 18.383195720995662 ], [ 75.984457448403333, 18.383195720995662 ], [ 75.986707808313014, 18.391447038521779 ], [ 75.997014025379343, 18.391447038521779 ], [ 75.994763360249209, 18.383195720995662 ] ] ] } },
{ "type": "Feature", "properties": { }, "geometry": { "type": "Polygon", "coordinates": [ [ [ 76.03243942984669, 18.407950125666261 ], [ 76.02213260185259, 18.407950125666261 ], [ 76.026643534428885, 18.424453816116124 ], [ 76.036950974000234, 18.424453816116124 ], [ 76.03243942984669, 18.407950125666261 ] ] ] } },
{ "type": "Feature", "properties": { }, "geometry": { "type": "Polygon", "coordinates": [ [ [ 76.161649494994492, 18.46571568576482 ], [ 76.151340523636605, 18.46571568576482 ], [ 76.153607157502279, 18.473968513489563 ], [ 76.163916435705246, 18.473968513489563 ], [ 76.161649494994492, 18.46571568576482 ] ] ] } },
{ "type": "Feature", "properties": { }, "geometry": { "type": "Polygon", "coordinates": [ [ [ 75.988658706254796, 18.473968513489563 ], [ 75.978349428051843, 18.473968513489563 ], [ 75.980612044507069, 18.482221492660063 ], [ 75.990921629717789, 18.482221492660063 ], [ 75.988658706254796, 18.473968513489563 ] ] ] } },
{ "type": "Feature", "properties": { }, "geometry": { "type": "Polygon", "coordinates": [ [ [ 75.962256075452984, 18.490474623353808 ], [ 75.951946183071783, 18.490474623353808 ], [ 75.954210276330954, 18.498727905648323 ], [ 75.964520476045408, 18.498727905648323 ], [ 75.962256075452984, 18.490474623353808 ] ] ] } },
{ "type": "Feature", "properties": { }, "geometry": { "type": "Polygon", "coordinates": [ [ [ 76.159195828786594, 18.531742552384816 ], [ 76.148884398110738, 18.531742552384816 ], [ 76.15116003780723, 18.539996593846389 ], [ 76.161471776630748, 18.539996593846389 ], [ 76.159195828786594, 18.531742552384816 ] ] ] } },
{ "type": "Feature", "properties": { }, "geometry": { "type": "Polygon", "coordinates": [ [ [ 75.967820032873249, 18.54825078737413 ], [ 75.970092527912286, 18.556505133045665 ], [ 75.980404883520194, 18.556505133045665 ], [ 75.978132080007441, 18.54825078737413 ], [ 75.967820032873249, 18.54825078737413 ] ] ] } },
{ "type": "Feature", "properties": { }, "geometry": { "type": "Polygon", "coordinates": [ [ [ 76.28744581443182, 18.622545384914325 ], [ 76.28973812164422, 18.630801103375589 ], [ 76.300053260859428, 18.630801103375589 ], [ 76.297760643704052, 18.622545384914325 ], [ 76.28744581443182, 18.622545384914325 ] ] ] } },
{ "type": "Feature", "properties": { }, "geometry": { "type": "Polygon", "coordinates": [ [ [ 76.310368400074623, 18.630801103375589 ], [ 76.300053260859428, 18.630801103375589 ], [ 76.302347087067446, 18.639056974757736 ], [ 76.312662536389055, 18.639056974757736 ], [ 76.310368400074623, 18.630801103375589 ] ] ] } },
{ "type": "Feature", "properties": { }, "geometry": { "type": "Polygon", "coordinates": [ [ [ 76.178561695208032, 18.639056974757736 ], [ 76.168246245886422, 18.639056974757736 ], [ 76.170537247940445, 18.647312999138553 ], [ 76.180853007531979, 18.647312999138553 ], [ 76.178561695208032, 18.639056974757736 ] ] ] } },
{ "type": "Feature", "properties": { }, "geometry": { "type": "Polygon", "coordinates": [ [ [ 76.279469514696288, 18.705109460305398 ], [ 76.269151578634023, 18.705109460305398 ], [ 76.271454742047055, 18.713366711478162 ], [ 76.281772989688662, 18.713366711478162 ], [ 76.279469514696288, 18.705109460305398 ] ] ] } },
{ "type": "Feature", "properties": { }, "geometry": { "type": "Polygon", "coordinates": [ [ [ 76.057069369644196, 18.721624116350487 ], [ 76.046750810259368, 18.721624116350487 ], [ 76.049049534551003, 18.729881675000314 ], [ 76.059368405842932, 18.729881675000314 ], [ 76.057069369644196, 18.721624116350487 ] ] ] } },
{ "type": "Feature", "properties": { }, "geometry": { "type": "Polygon", "coordinates": [ [ [ 76.239401529004994, 18.74639725394438 ], [ 76.229082033406911, 18.74639725394438 ], [ 76.23138969419594, 18.754655274394601 ], [ 76.241709502193103, 18.754655274394601 ], [ 76.239401529004994, 18.74639725394438 ] ] ] } },
{ "type": "Feature", "properties": { }, "geometry": { "type": "Polygon", "coordinates": [ [ [ 76.244018687513361, 18.762913448934306 ], [ 76.233698566953038, 18.762913448934306 ], [ 76.236008651983198, 18.77117177764152 ], [ 76.246329085270773, 18.77117177764152 ], [ 76.244018687513361, 18.762913448934306 ] ] ] } },
{ "type": "Feature", "properties": { }, "geometry": { "type": "Polygon", "coordinates": [ [ [ 76.065174453095423, 18.787688897870709 ], [ 76.05485339386081, 18.787688897870709 ], [ 76.057161479584948, 18.795947689548829 ], [ 76.067482852039404, 18.795947689548829 ], [ 76.065174453095423, 18.787688897870709 ] ] ] } },
{ "type": "Feature", "properties": { }, "geometry": { "type": "Polygon", "coordinates": [ [ [ 76.059470775847188, 18.804206635706759 ], [ 76.061781282952836, 18.812465736422606 ], [ 76.072103282339839, 18.812465736422606 ], [ 76.069792461685765, 18.804206635706759 ], [ 76.059470775847188, 18.804206635706759 ] ] ] } },
{ "type": "Feature", "properties": { }, "geometry": { "type": "Polygon", "coordinates": [ [ [ 76.134035278661912, 18.812465736422606 ], [ 76.136349192906067, 18.820724991774519 ], [ 76.146671506005887, 18.820724991774519 ], [ 76.144357278048929, 18.812465736422606 ], [ 76.134035278661912, 18.812465736422606 ] ] ] } },
{ "type": "Feature", "properties": { }, "geometry": { "type": "Polygon", "coordinates": [ [ [ 76.165001276822949, 18.812465736422606 ], [ 76.154679277435932, 18.812465736422606 ], [ 76.156993819105693, 18.820724991774519 ], [ 76.167316132205514, 18.820724991774519 ], [ 76.165001276822949, 18.812465736422606 ] ] ] } },
{ "type": "Feature", "properties": { }, "geometry": { "type": "Polygon", "coordinates": [ [ [ 76.274148539775013, 18.870283775620333 ], [ 76.263824340944524, 18.870283775620333 ], [ 76.266150213373436, 18.87854411561359 ], [ 76.276474727068404, 18.87854411561359 ], [ 76.274148539775013, 18.870283775620333 ] ] ] } },
{ "type": "Feature", "properties": { }, "geometry": { "type": "Polygon", "coordinates": [ [ [ 76.361400760884479, 18.886804610868516 ], [ 76.351075932160327, 18.886804610868516 ], [ 76.353406759578277, 18.895065261463383 ], [ 76.36373190349633, 18.895065261463383 ], [ 76.361400760884479, 18.886804610868516 ] ] ] } },
{ "type": "Feature", "properties": { }, "geometry": { "type": "Polygon", "coordinates": [ [ [ 76.384767064010418, 18.969418120037918 ], [ 76.374439075927285, 18.969418120037918 ], [ 76.376782102265125, 18.977680328340867 ], [ 76.387110407191798, 18.977680328340867 ], [ 76.384767064010418, 18.969418120037918 ] ] ] } },
{ "type": "Feature", "properties": { }, "geometry": { "type": "Polygon", "coordinates": [ [ [ 76.097917869244924, 18.977680328340867 ], [ 76.08758956431825, 18.977680328340867 ], [ 76.08992493600914, 18.98594269284585 ], [ 76.100253557944569, 18.98594269284585 ], [ 76.097917869244924, 18.977680328340867 ] ] ] } },
{ "type": "Feature", "properties": { }, "geometry": { "type": "Polygon", "coordinates": [ [ [ 76.329827124498209, 18.994205213631318 ], [ 76.319498185388824, 18.994205213631318 ], [ 76.321842973417674, 19.002467890775772 ], [ 76.332172229866316, 19.002467890775772 ], [ 76.329827124498209, 18.994205213631318 ] ] ] } },
{ "type": "Feature", "properties": { }, "geometry": { "type": "Polygon", "coordinates": [ [ [ 76.301184460520389, 19.002467890775772 ], [ 76.290855204071732, 19.002467890775772 ], [ 76.293200261126287, 19.01073072435771 ], [ 76.30352983507953, 19.01073072435771 ], [ 76.301184460520389, 19.002467890775772 ] ] ] } },
{ "type": "Feature", "properties": { }, "geometry": { "type": "Polygon", "coordinates": [ [ [ 76.284823298543387, 19.12642686444007 ], [ 76.287185428761006, 19.134692054015492 ], [ 76.297519785150115, 19.134692054015492 ], [ 76.295157334943013, 19.12642686444007 ], [ 76.284823298543387, 19.12642686444007 ] ] ] } },
{ "type": "Feature", "properties": { }, "geometry": { "type": "Polygon", "coordinates": [ [ [ 76.309350425743119, 19.176020368904233 ], [ 76.311720233977908, 19.184286505835999 ], [ 76.322056513791267, 19.184286505835999 ], [ 76.319686384570389, 19.176020368904233 ], [ 76.309350425743119, 19.176020368904233 ] ] ] } },
{ "type": "Feature", "properties": { }, "geometry": { "type": "Polygon", "coordinates": [ [ [ 76.457173894987449, 19.258688865279687 ], [ 76.446834718812653, 19.258688865279687 ], [ 76.449220364853446, 19.266956587449382 ], [ 76.459559863678805, 19.266956587449382 ], [ 76.457173894987449, 19.258688865279687 ] ] ] } },
{ "type": "Feature", "properties": { }, "geometry": { "type": "Polygon", "coordinates": [ [ [ 76.367322575526984, 19.341373249582986 ], [ 76.356980165340559, 19.341373249582986 ], [ 76.359374582649096, 19.349642564893333 ], [ 76.369717317154866, 19.349642564893333 ], [ 76.367322575526984, 19.341373249582986 ] ] ] } },
{ "type": "Feature", "properties": { }, "geometry": { "type": "Polygon", "coordinates": [ [ [ 76.297491707120585, 19.457158229968478 ], [ 76.28714474123997, 19.457158229968478 ], [ 76.289553194305469, 19.465429788984036 ], [ 76.299900486849012, 19.465429788984036 ], [ 76.297491707120585, 19.457158229968478 ] ] ] } },
{ "type": "Feature", "properties": { }, "geometry": { "type": "Polygon", "coordinates": [ [ [ 76.432002263568677, 19.457158229968478 ], [ 76.421655297688062, 19.457158229968478 ], [ 76.424067997371566, 19.465429788984036 ], [ 76.434415289915108, 19.465429788984036 ], [ 76.432002263568677, 19.457158229968478 ] ] ] } },
{ "type": "Feature", "properties": { }, "geometry": { "type": "Polygon", "coordinates": [ [ [ 76.517193630263463, 19.465429788984036 ], [ 76.506846337719921, 19.465429788984036 ], [ 76.509262890851574, 19.473701508859421 ], [ 76.51961051022576, 19.473701508859421 ], [ 76.517193630263463, 19.465429788984036 ] ] ] } },
{ "type": "Feature", "properties": { }, "geometry": { "type": "Polygon", "coordinates": [ [ [ 76.302310503367693, 19.473701508859421 ], [ 76.291962883993506, 19.473701508859421 ], [ 76.29437381062678, 19.481973389674089 ], [ 76.304721756999399, 19.481973389674089 ], [ 76.302310503367693, 19.473701508859421 ] ] ] } },
{ "type": "Feature", "properties": { }, "geometry": { "type": "Polygon", "coordinates": [ [ [ 76.273427943463744, 19.622620064296768 ], [ 76.263074412406795, 19.622620064296768 ], [ 76.265505349311283, 19.630894855622831 ], [ 76.275859210394017, 19.630894855622831 ], [ 76.273427943463744, 19.622620064296768 ] ] ] } },
{ "type": "Feature", "properties": { }, "geometry": { "type": "Polygon", "coordinates": [ [ [ 76.330062675817103, 19.639169809400851 ], [ 76.332498079103843, 19.647444925710619 ], [ 76.34285260074401, 19.647444925710619 ], [ 76.340416867094234, 19.639169809400851 ], [ 76.330062675817103, 19.639169809400851 ] ] ] } },
{ "type": "Feature", "properties": { }, "geometry": { "type": "Polygon", "coordinates": [ [ [ 76.523765908521426, 19.663995646244615 ], [ 76.526210999251518, 19.672271250628501 ], [ 76.536566512993147, 19.672271250628501 ], [ 76.5341210913938, 19.663995646244615 ], [ 76.523765908521426, 19.663995646244615 ] ] ] } },
{ "type": "Feature", "properties": { }, "geometry": { "type": "Polygon", "coordinates": [ [ [ 76.355049932147637, 19.688822948029323 ], [ 76.344693756160964, 19.688822948029323 ], [ 76.34713662599286, 19.697099041206009 ], [ 76.357493133355405, 19.697099041206009 ], [ 76.355049932147637, 19.688822948029323 ] ] ] } },
{ "type": "Feature", "properties": { }, "geometry": { "type": "Polygon", "coordinates": [ [ [ 76.549713299630639, 19.821260054530875 ], [ 76.539351801329403, 19.821260054530875 ], [ 76.54181965118849, 19.829538766759459 ], [ 76.552181483574358, 19.829538766759459 ], [ 76.549713299630639, 19.821260054530875 ] ] ] } },
{ "type": "Feature", "properties": { }, "geometry": { "type": "Polygon", "coordinates": [ [ [ 76.34740758829065, 19.837817643359596 ], [ 76.337045421650444, 19.837817643359596 ], [ 76.339509090175198, 19.846096684411478 ], [ 76.349871591239449, 19.846096684411478 ], [ 76.34740758829065, 19.837817643359596 ] ] ] } },
{ "type": "Feature", "properties": { }, "geometry": { "type": "Polygon", "coordinates": [ [ [ 76.557121612524327, 19.846096684411478 ], [ 76.546759111460076, 19.846096684411478 ], [ 76.549230722539036, 19.854375889995321 ], [ 76.559593558197108, 19.854375889995321 ], [ 76.557121612524327, 19.846096684411478 ] ] ] } },
{ "type": "Feature", "properties": { }, "geometry": { "type": "Polygon", "coordinates": [ [ [ 76.345959680091156, 19.937177012751924 ], [ 76.335593489147627, 19.937177012751924 ], [ 76.338071178417877, 19.945458033486648 ], [ 76.348437705825674, 19.945458033486648 ], [ 76.345959680091156, 19.937177012751924 ] ] ] } },
{ "type": "Feature", "properties": { }, "geometry": { "type": "Polygon", "coordinates": [ [ [ 76.710870104485409, 19.978583772189253 ], [ 76.7005022295169, 19.978583772189253 ], [ 76.702997661763519, 19.986865621208175 ], [ 76.713365874048321, 19.986865621208175 ], [ 76.710870104485409, 19.978583772189253 ] ] ] } },
{ "type": "Feature", "properties": { }, "geometry": { "type": "Polygon", "coordinates": [ [ [ 76.671893024909096, 19.986865621208175 ], [ 76.661524812624279, 19.986865621208175 ], [ 76.664020156573827, 19.995147636125413 ], [ 76.674388706345482, 19.995147636125413 ], [ 76.671893024909096, 19.986865621208175 ] ] ] } },
{ "type": "Feature", "properties": { }, "geometry": { "type": "Polygon", "coordinates": [ [ [ 76.619665941330425, 20.019994677072379 ], [ 76.622164641684762, 20.02827735638833 ], [ 76.632534543110097, 20.02827735638833 ], [ 76.630035504586303, 20.019994677072379 ], [ 76.619665941330425, 20.019994677072379 ] ] ] } },
{ "type": "Feature", "properties": { }, "geometry": { "type": "Polygon", "coordinates": [ [ [ 76.452634680499315, 20.119397822484 ], [ 76.455142080702743, 20.127682502738367 ], [ 76.465516053494866, 20.127682502738367 ], [ 76.463008313069693, 20.119397822484 ], [ 76.452634680499315, 20.119397822484 ] ] ] } },
{ "type": "Feature", "properties": { }, "geometry": { "type": "Polygon", "coordinates": [ [ [ 76.426195322077831, 20.169108414673076 ], [ 76.415819645606248, 20.169108414673076 ], [ 76.418332920442282, 20.177394099758658 ], [ 76.428708938164249, 20.177394099758658 ], [ 76.426195322077831, 20.169108414673076 ] ] ] } },
{ "type": "Feature", "properties": { }, "geometry": { "type": "Polygon", "coordinates": [ [ [ 76.623438655044069, 20.674845118859864 ], [ 76.613041846586, 20.674845118859864 ], [ 76.615634255050054, 20.683141185764459 ], [ 76.626031415312099, 20.683141185764459 ], [ 76.623438655044069, 20.674845118859864 ] ] ] } },
{ "type": "Feature", "properties": { }, "geometry": { "type": "Polygon", "coordinates": [ [ [ 76.91454929186969, 20.674845118859864 ], [ 76.904152483411636, 20.674845118859864 ], [ 76.906754742387562, 20.683141185764459 ], [ 76.917151902649607, 20.683141185764459 ], [ 76.91454929186969, 20.674845118859864 ] ] ] } },
{ "type": "Feature", "properties": { }, "geometry": { "type": "Polygon", "coordinates": [ [ [ 76.644489580258508, 20.907200551512116 ], [ 76.634082855173276, 20.907200551512116 ], [ 76.636709617384085, 20.915501485799489 ], [ 76.647116699177332, 20.915501485799489 ], [ 76.644489580258508, 20.907200551512116 ] ] ] } },
{ "type": "Feature", "properties": { }, "geometry": { "type": "Polygon", "coordinates": [ [ [ 76.868614795957683, 20.990217780633202 ], [ 76.858204495872897, 20.990217780633202 ], [ 76.8608510349856, 20.998520468935187 ], [ 76.871261693539154, 20.998520468935187 ], [ 76.868614795957683, 20.990217780633202 ] ] ] } },
{ "type": "Feature", "properties": { }, "geometry": { "type": "Polygon", "coordinates": [ [ [ 76.754455210656076, 21.056644215659521 ], [ 76.744042037880618, 21.056644215659521 ], [ 76.746694324424084, 21.064948313129729 ], [ 76.75710785708047, 21.064948313129729 ], [ 76.754455210656076, 21.056644215659521 ] ] ] } },
{ "type": "Feature", "properties": { }, "geometry": { "type": "Polygon", "coordinates": [ [ [ 76.85129088546185, 21.131387454537212 ], [ 76.840874467390918, 21.131387454537212 ], [ 76.843541020801979, 21.139693143663578 ], [ 76.85395780034635, 21.139693143663578 ], [ 76.85129088546185, 21.131387454537212 ] ] ] } },
{ "type": "Feature", "properties": { }, "geometry": { "type": "Polygon", "coordinates": [ [ [ 76.947708816245594, 21.139693143663578 ], [ 76.950380293308058, 21.147999010055706 ], [ 76.960797434503064, 21.147999010055706 ], [ 76.95812559578998, 21.139693143663578 ], [ 76.947708816245594, 21.139693143663578 ] ] ] } },
{ "type": "Feature", "properties": { }, "geometry": { "type": "Polygon", "coordinates": [ [ [ 77.015852085887374, 21.189531003911455 ], [ 77.018533237813259, 21.197837935643641 ], [ 77.028952552635957, 21.197837935643641 ], [ 77.026271037995201, 21.189531003911455 ], [ 77.015852085887374, 21.189531003911455 ] ] ] } },
{ "type": "Feature", "properties": { }, "geometry": { "type": "Polygon", "coordinates": [ [ [ 76.010290101770323, 17.352941948363341 ], [ 76.000021077587107, 17.352941948363341 ], [ 76.002132124035583, 17.361175035935023 ], [ 76.012401433460653, 17.361175035935023 ], [ 76.010290101770323, 17.352941948363341 ] ] ] } },
{ "type": "Feature", "properties": { }, "geometry": { "type": "Polygon", "coordinates": [ [ [ 76.269134169087522, 17.361175035935023 ], [ 76.258864859662438, 17.361175035935023 ], [ 76.260984206618701, 17.369408264629477 ], [ 76.271253801443123, 17.369408264629477 ], [ 76.269134169087522, 17.361175035935023 ] ] ] } },
{ "type": "Feature", "properties": { }, "geometry": { "type": "Polygon", "coordinates": [ [ [ 76.251424684227715, 17.451748329939079 ], [ 76.241152226740169, 17.451748329939079 ], [ 76.243283307288635, 17.459983115968857 ], [ 76.253556051910266, 17.459983115968857 ], [ 76.251424684227715, 17.451748329939079 ] ] ] } },
{ "type": "Feature", "properties": { }, "geometry": { "type": "Polygon", "coordinates": [ [ [ 76.111866145076633, 17.46821804402812 ], [ 76.101593113162977, 17.46821804402812 ], [ 76.103722513920758, 17.476453114192523 ], [ 76.113995833284392, 17.476453114192523 ], [ 76.111866145076633, 17.46821804402812 ] ] ] } },
{ "type": "Feature", "properties": { }, "geometry": { "type": "Polygon", "coordinates": [ [ [ 76.190175984978353, 17.492923681139409 ], [ 76.179902090240702, 17.492923681139409 ], [ 76.182037018657951, 17.501159178073284 ], [ 76.192311201319725, 17.501159178073284 ], [ 76.190175984978353, 17.492923681139409 ] ] ] } },
{ "type": "Feature", "properties": { }, "geometry": { "type": "Polygon", "coordinates": [ [ [ 76.087437037601788, 17.492923681139409 ], [ 76.077163142864151, 17.492923681139409 ], [ 76.079295192040405, 17.501159178073284 ], [ 76.089569374702137, 17.501159178073284 ], [ 76.087437037601788, 17.492923681139409 ] ] ] } },
{ "type": "Feature", "properties": { }, "geometry": { "type": "Polygon", "coordinates": [ [ [ 76.157868023582736, 17.723571673842631 ], [ 76.147586007081415, 17.723571673842631 ], [ 76.149751235914664, 17.731811186869038 ], [ 76.160033544781356, 17.731811186869038 ], [ 76.157868023582736, 17.723571673842631 ] ] ] } },
{ "type": "Feature", "properties": { }, "geometry": { "type": "Polygon", "coordinates": [ [ [ 76.289935425961616, 17.75653059345489 ], [ 76.292109180503175, 17.764770685072879 ], [ 76.30239266042345, 17.764770685072879 ], [ 76.300218612879618, 17.75653059345489 ], [ 76.289935425961616, 17.75653059345489 ] ] ] } },
{ "type": "Feature", "properties": { }, "geometry": { "type": "Polygon", "coordinates": [ [ [ 76.115121248355592, 17.75653059345489 ], [ 76.117290021858565, 17.764770685072879 ], [ 76.127573501778826, 17.764770685072879 ], [ 76.125404435273595, 17.75653059345489 ], [ 76.115121248355592, 17.75653059345489 ] ] ] } },
{ "type": "Feature", "properties": { }, "geometry": { "type": "Polygon", "coordinates": [ [ [ 76.471289364547218, 17.781251302899967 ], [ 76.461005298144443, 17.781251302899967 ], [ 76.463187295049039, 17.789491829261465 ], [ 76.473471654932155, 17.789491829261465 ], [ 76.471289364547218, 17.781251302899967 ] ] ] } },
{ "type": "Feature", "properties": { }, "geometry": { "type": "Polygon", "coordinates": [ [ [ 76.231001056757322, 17.805973317261461 ], [ 76.22071610943523, 17.805973317261461 ], [ 76.222894608204626, 17.814214279052447 ], [ 76.233179849485467, 17.814214279052447 ], [ 76.231001056757322, 17.805973317261461 ] ] ] } },
{ "type": "Feature", "properties": { }, "geometry": { "type": "Polygon", "coordinates": [ [ [ 76.286787501731581, 17.822455386139112 ], [ 76.276501966332447, 17.822455386139112 ], [ 76.278684301499737, 17.830696638597736 ], [ 76.288970131176725, 17.830696638597736 ], [ 76.286787501731581, 17.822455386139112 ] ] ] } },
{ "type": "Feature", "properties": { }, "geometry": { "type": "Polygon", "coordinates": [ [ [ 76.424873557996378, 17.838938036504612 ], [ 76.414587433881934, 17.838938036504612 ], [ 76.416775966549494, 17.84717957993605 ], [ 76.427062385261081, 17.84717957993605 ], [ 76.424873557996378, 17.838938036504612 ] ] ] } },
{ "type": "Feature", "properties": { }, "geometry": { "type": "Polygon", "coordinates": [ [ [ 76.375506203454705, 17.962576510824505 ], [ 76.365215643597594, 17.962576510824505 ], [ 76.367419625799926, 17.970820246291741 ], [ 76.377710482653654, 17.970820246291741 ], [ 76.375506203454705, 17.962576510824505 ] ] ] } },
{ "type": "Feature", "properties": { }, "geometry": { "type": "Polygon", "coordinates": [ [ [ 76.151311631871721, 17.970820246291741 ], [ 76.141020775018006, 17.970820246291741 ], [ 76.14321940914374, 17.979064128506529 ], [ 76.153510563154356, 17.979064128506529 ], [ 76.151311631871721, 17.970820246291741 ] ] ] } },
{ "type": "Feature", "properties": { }, "geometry": { "type": "Polygon", "coordinates": [ [ [ 76.359333643366668, 17.979064128506529 ], [ 76.361539707288927, 17.987308157545439 ], [ 76.38212260994456, 17.987308157545439 ], [ 76.3799159513879, 17.979064128506529 ], [ 76.359333643366668, 17.979064128506529 ] ] ] } },
{ "type": "Feature", "properties": { }, "geometry": { "type": "Polygon", "coordinates": [ [ [ 76.404913956221691, 17.995552333485037 ], [ 76.40712359056117, 18.003796656401924 ], [ 76.417415637004495, 18.003796656401924 ], [ 76.415205705027063, 17.995552333485037 ], [ 76.404913956221691, 17.995552333485037 ] ] ] } },
{ "type": "Feature", "properties": { }, "geometry": { "type": "Polygon", "coordinates": [ [ [ 76.205693588534771, 18.02028574347402 ], [ 76.195400946334232, 18.02028574347402 ], [ 76.197607894048886, 18.028530507782484 ], [ 76.207900834368772, 18.028530507782484 ], [ 76.205693588534771, 18.02028574347402 ] ] ] } },
{ "type": "Feature", "properties": { }, "geometry": { "type": "Polygon", "coordinates": [ [ [ 76.173354362413107, 18.053265684717463 ], [ 76.163060526771787, 18.053265684717463 ], [ 76.165271035162135, 18.061511038621259 ], [ 76.175565169565232, 18.061511038621259 ], [ 76.173354362413107, 18.053265684717463 ] ] ] } },
{ "type": "Feature", "properties": { }, "geometry": { "type": "Polygon", "coordinates": [ [ [ 76.185859303968343, 18.061511038621259 ], [ 76.175565169565232, 18.061511038621259 ], [ 76.177777165886297, 18.069756540115641 ], [ 76.188071599211867, 18.069756540115641 ], [ 76.185859303968343, 18.061511038621259 ] ] ] } },
{ "type": "Feature", "properties": { }, "geometry": { "type": "Polygon", "coordinates": [ [ [ 76.191074132527135, 18.119232652782003 ], [ 76.180777902289918, 18.119232652782003 ], [ 76.182997930832542, 18.127479189559715 ], [ 76.193294461118214, 18.127479189559715 ], [ 76.191074132527135, 18.119232652782003 ] ] ] } },
{ "type": "Feature", "properties": { }, "geometry": { "type": "Polygon", "coordinates": [ [ [ 76.37056209960916, 18.135725874542263 ], [ 76.360265269113981, 18.135725874542263 ], [ 76.362492786887486, 18.143972707806508 ], [ 76.372789917753181, 18.143972707806508 ], [ 76.37056209960916, 18.135725874542263 ] ] ] } },
{ "type": "Feature", "properties": { }, "geometry": { "type": "Polygon", "coordinates": [ [ [ 76.197738693036399, 18.143972707806508 ], [ 76.187441562170719, 18.143972707806508 ], [ 76.189665165546458, 18.152219689429298 ], [ 76.199962596943749, 18.152219689429298 ], [ 76.197738693036399, 18.143972707806508 ] ] ] } },
{ "type": "Feature", "properties": { }, "geometry": { "type": "Polygon", "coordinates": [ [ [ 76.698719563417811, 18.168714098058093 ], [ 76.688421530473846, 18.168714098058093 ], [ 76.690663160022254, 18.176961525217902 ], [ 76.700961493981339, 18.176961525217902 ], [ 76.698719563417811, 18.168714098058093 ] ] ] } },
{ "type": "Feature", "properties": { }, "geometry": { "type": "Polygon", "coordinates": [ [ [ 76.504870890218911, 18.251195068870032 ], [ 76.50711848843055, 18.259443986155755 ], [ 76.5174198414161, 18.259443986155755 ], [ 76.515171940575087, 18.251195068870032 ], [ 76.504870890218911, 18.251195068870032 ] ] ] } },
{ "type": "Feature", "properties": { }, "geometry": { "type": "Polygon", "coordinates": [ [ [ 76.370585819612074, 18.32544071062533 ], [ 76.372839671748736, 18.333690975614228 ], [ 76.383143755677509, 18.333690975614228 ], [ 76.380889599455259, 18.32544071062533 ], [ 76.370585819612074, 18.32544071062533 ] ] ] } },
{ "type": "Feature", "properties": { }, "geometry": { "type": "Polygon", "coordinates": [ [ [ 76.542226059904763, 18.350191956061312 ], [ 76.531921367318702, 18.350191956061312 ], [ 76.534183391128579, 18.358442671673973 ], [ 76.544488388286368, 18.358442671673973 ], [ 76.542226059904763, 18.350191956061312 ] ] ] } },
{ "type": "Feature", "properties": { }, "geometry": { "type": "Polygon", "coordinates": [ [ [ 76.64980493980228, 18.366693537649066 ], [ 76.639499637910632, 18.366693537649066 ], [ 76.641767119089025, 18.374944554063863 ], [ 76.652072725876678, 18.374944554063863 ], [ 76.64980493980228, 18.366693537649066 ] ] ] } },
{ "type": "Feature", "properties": { }, "geometry": { "type": "Polygon", "coordinates": [ [ [ 76.592506247309586, 18.383195720995662 ], [ 76.58220033546371, 18.383195720995662 ], [ 76.584468398159899, 18.391447038521779 ], [ 76.594774615226228, 18.391447038521779 ], [ 76.592506247309586, 18.383195720995662 ] ] ] } },
{ "type": "Feature", "properties": { }, "geometry": { "type": "Polygon", "coordinates": [ [ [ 76.589008141529348, 18.407950125666261 ], [ 76.578701313535205, 18.407950125666261 ], [ 76.580972689096654, 18.41620189543934 ], [ 76.591279822798214, 18.41620189543934 ], [ 76.589008141529348, 18.407950125666261 ] ] ] } },
{ "type": "Feature", "properties": { }, "geometry": { "type": "Polygon", "coordinates": [ [ [ 76.397711358997995, 18.424453816116124 ], [ 76.387403919426646, 18.424453816116124 ], [ 76.389671893922298, 18.432705887774002 ], [ 76.39997963952591, 18.432705887774002 ], [ 76.397711358997995, 18.424453816116124 ] ] ] } },
{ "type": "Feature", "properties": { }, "geometry": { "type": "Polygon", "coordinates": [ [ [ 76.522463492520828, 18.46571568576482 ], [ 76.512154521162941, 18.46571568576482 ], [ 76.514431894606162, 18.473968513489563 ], [ 76.524741172809115, 18.473968513489563 ], [ 76.522463492520828, 18.46571568576482 ] ] ] } },
{ "type": "Feature", "properties": { }, "geometry": { "type": "Polygon", "coordinates": [ [ [ 76.541891660054205, 18.498727905648323 ], [ 76.53158146033978, 18.498727905648323 ], [ 76.533863972737407, 18.506981339621127 ], [ 76.544174479947884, 18.506981339621127 ], [ 76.541891660054205, 18.498727905648323 ] ] ] } },
{ "type": "Feature", "properties": { }, "geometry": { "type": "Polygon", "coordinates": [ [ [ 76.628945027736378, 18.515234925349766 ], [ 76.63123272838412, 18.523488662911802 ], [ 76.641543851075269, 18.523488662911802 ], [ 76.639255842605763, 18.515234925349766 ], [ 76.628945027736378, 18.515234925349766 ] ] ] } },
{ "type": "Feature", "properties": { }, "geometry": { "type": "Polygon", "coordinates": [ [ [ 76.662166096457597, 18.523488662911802 ], [ 76.664455931903419, 18.531742552384816 ], [ 76.67476736257926, 18.531742552384816 ], [ 76.672477219148732, 18.523488662911802 ], [ 76.662166096457597, 18.523488662911802 ] ] ] } },
{ "type": "Feature", "properties": { }, "geometry": { "type": "Polygon", "coordinates": [ [ [ 76.798504530689499, 18.531742552384816 ], [ 76.788193100013657, 18.531742552384816 ], [ 76.790487844865439, 18.539996593846389 ], [ 76.800799583688942, 18.539996593846389 ], [ 76.798504530689499, 18.531742552384816 ] ] ] } },
{ "type": "Feature", "properties": { }, "geometry": { "type": "Polygon", "coordinates": [ [ [ 76.81912739204121, 18.531742552384816 ], [ 76.808815961365369, 18.531742552384816 ], [ 76.81111132251246, 18.539996593846389 ], [ 76.821423061335992, 18.539996593846389 ], [ 76.81912739204121, 18.531742552384816 ] ] ] } },
{ "type": "Feature", "properties": { }, "geometry": { "type": "Polygon", "coordinates": [ [ [ 76.61977093121061, 18.556505133045665 ], [ 76.609458575602702, 18.556505133045665 ], [ 76.611751407572413, 18.564759630938632 ], [ 76.622064071817121, 18.564759630938632 ], [ 76.61977093121061, 18.556505133045665 ] ] ] } },
{ "type": "Feature", "properties": { }, "geometry": { "type": "Polygon", "coordinates": [ [ [ 76.345905160996551, 18.647312999138553 ], [ 76.335589401405002, 18.647312999138553 ], [ 76.337886577925772, 18.655569176595865 ], [ 76.348202647950771, 18.655569176595865 ], [ 76.345905160996551, 18.647312999138553 ] ] ] } },
{ "type": "Feature", "properties": { }, "geometry": { "type": "Polygon", "coordinates": [ [ [ 76.334468369098687, 18.680338628205071 ], [ 76.324151366791696, 18.680338628205071 ], [ 76.326452764758969, 18.688595418746758 ], [ 76.336770078153947, 18.688595418746758 ], [ 76.334468369098687, 18.680338628205071 ] ] ] } },
{ "type": "Feature", "properties": { }, "geometry": { "type": "Polygon", "coordinates": [ [ [ 76.380343497296678, 18.696852362754228 ], [ 76.370025872649933, 18.696852362754228 ], [ 76.372330939256642, 18.705109460305398 ], [ 76.382648875318907, 18.705109460305398 ], [ 76.380343497296678, 18.696852362754228 ] ] ] } },
{ "type": "Feature", "properties": { }, "geometry": { "type": "Polygon", "coordinates": [ [ [ 76.609643468688674, 18.705109460305398 ], [ 76.599325532626409, 18.705109460305398 ], [ 76.601638666578694, 18.713366711478162 ], [ 76.611956914220315, 18.713366711478162 ], [ 76.609643468688674, 18.705109460305398 ] ] ] } },
{ "type": "Feature", "properties": { }, "geometry": { "type": "Polygon", "coordinates": [ [ [ 76.849276609977437, 18.713366711478162 ], [ 76.851598442276114, 18.721624116350487 ], [ 76.861917001660942, 18.721624116350487 ], [ 76.859594857619058, 18.713366711478162 ], [ 76.849276609977437, 18.713366711478162 ] ] ] } },
{ "type": "Feature", "properties": { }, "geometry": { "type": "Polygon", "coordinates": [ [ [ 76.374637218463192, 18.713366711478162 ], [ 76.376944710573923, 18.721624116350487 ], [ 76.387263269958765, 18.721624116350487 ], [ 76.384955466104813, 18.713366711478162 ], [ 76.374637218463192, 18.713366711478162 ] ] ] } },
{ "type": "Feature", "properties": { }, "geometry": { "type": "Polygon", "coordinates": [ [ [ 76.727775729658148, 18.721624116350487 ], [ 76.717457170273335, 18.721624116350487 ], [ 76.719776168527829, 18.729881675000314 ], [ 76.730095039819759, 18.729881675000314 ], [ 76.727775729658148, 18.721624116350487 ] ] ] } },
{ "type": "Feature", "properties": { }, "geometry": { "type": "Polygon", "coordinates": [ [ [ 76.771370524987574, 18.729881675000314 ], [ 76.761051653695617, 18.729881675000314 ], [ 76.763373119158146, 18.738139387505619 ], [ 76.773692302521169, 18.738139387505619 ], [ 76.771370524987574, 18.729881675000314 ] ] ] } },
{ "type": "Feature", "properties": { }, "geometry": { "type": "Polygon", "coordinates": [ [ [ 76.708742415543, 18.837243966699077 ], [ 76.698419474524357, 18.837243966699077 ], [ 76.700753994634468, 18.845503686428078 ], [ 76.711077249859258, 18.845503686428078 ], [ 76.708742415543, 18.837243966699077 ] ] ] } },
{ "type": "Feature", "properties": { }, "geometry": { "type": "Polygon", "coordinates": [ [ [ 76.597521442386622, 18.845503686428078 ], [ 76.587198187161832, 18.845503686428078 ], [ 76.589530471603794, 18.853763561105808 ], [ 76.599854041199251, 18.853763561105808 ], [ 76.597521442386622, 18.845503686428078 ] ] ] } },
{ "type": "Feature", "properties": { }, "geometry": { "type": "Polygon", "coordinates": [ [ [ 76.591863976953647, 18.862023590810491 ], [ 76.594198703520192, 18.870283775620333 ], [ 76.604522902350695, 18.870283775620333 ], [ 76.602187861084317, 18.862023590810491 ], [ 76.591863976953647, 18.862023590810491 ] ] ] } },
{ "type": "Feature", "properties": { }, "geometry": { "type": "Polygon", "coordinates": [ [ [ 76.617183679002409, 18.87854411561359 ], [ 76.614847101181184, 18.870283775620333 ], [ 76.604522902350695, 18.870283775620333 ], [ 76.606859165307441, 18.87854411561359 ], [ 76.617183679002409, 18.87854411561359 ] ] ] } },
{ "type": "Feature", "properties": { }, "geometry": { "type": "Polygon", "coordinates": [ [ [ 76.71244493750531, 18.886804610868516 ], [ 76.702120108781173, 18.886804610868516 ], [ 76.704461652791949, 18.895065261463383 ], [ 76.714786796709987, 18.895065261463383 ], [ 76.71244493750531, 18.886804610868516 ] ] ] } },
{ "type": "Feature", "properties": { }, "geometry": { "type": "Polygon", "coordinates": [ [ [ 76.391384825530665, 18.919848146070628 ], [ 76.393721476360525, 18.928109418808337 ], [ 76.404047882702372, 18.928109418808337 ], [ 76.401710916019255, 18.919848146070628 ], [ 76.391384825530665, 18.919848146070628 ] ] ] } },
{ "type": "Feature", "properties": { }, "geometry": { "type": "Polygon", "coordinates": [ [ [ 76.646247364061168, 18.944632431556798 ], [ 76.648595268871276, 18.95289417172431 ], [ 76.658922623762734, 18.95289417172431 ], [ 76.656574402604406, 18.944632431556798 ], [ 76.646247364061168, 18.944632431556798 ] ] ] } },
{ "type": "Feature", "properties": { }, "geometry": { "type": "Polygon", "coordinates": [ [ [ 76.723238098637452, 18.961156067858543 ], [ 76.712910427232714, 18.961156067858543 ], [ 76.715262682670527, 18.969418120037918 ], [ 76.725590670753675, 18.969418120037918 ], [ 76.723238098637452, 18.961156067858543 ] ] ] } },
{ "type": "Feature", "properties": { }, "geometry": { "type": "Polygon", "coordinates": [ [ [ 76.840667680647229, 19.01073072435771 ], [ 76.830338106694015, 19.01073072435771 ], [ 76.832700903940221, 19.018993714455657 ], [ 76.843030795563394, 19.018993714455657 ], [ 76.840667680647229, 19.01073072435771 ] ] ] } },
{ "type": "Feature", "properties": { }, "geometry": { "type": "Polygon", "coordinates": [ [ [ 76.716712793208529, 19.01073072435771 ], [ 76.706383219255315, 19.01073072435771 ], [ 76.70874220446224, 19.018993714455657 ], [ 76.719072096085398, 19.018993714455657 ], [ 76.716712793208529, 19.01073072435771 ] ] ] } },
{ "type": "Feature", "properties": { }, "geometry": { "type": "Polygon", "coordinates": [ [ [ 76.816617288136641, 19.14295740128663 ], [ 76.806282611592067, 19.14295740128663 ], [ 76.808663208969165, 19.151222906332265 ], [ 76.818998205835243, 19.151222906332265 ], [ 76.816617288136641, 19.14295740128663 ] ] ] } },
{ "type": "Feature", "properties": { }, "geometry": { "type": "Polygon", "coordinates": [ [ [ 76.996496413562383, 19.300029066500379 ], [ 76.986155622467464, 19.300029066500379 ], [ 76.988563931612674, 19.308297584251523 ], [ 76.998905046191993, 19.308297584251523 ], [ 76.996496413562383, 19.300029066500379 ] ] ] } },
{ "type": "Feature", "properties": { }, "geometry": { "type": "Polygon", "coordinates": [ [ [ 76.636966035915648, 19.308297584251523 ], [ 76.626624921336315, 19.308297584251523 ], [ 76.629023145234129, 19.316566261356215 ], [ 76.639364583464769, 19.316566261356215 ], [ 76.636966035915648, 19.308297584251523 ] ] ] } },
{ "type": "Feature", "properties": { }, "geometry": { "type": "Polygon", "coordinates": [ [ [ 77.02682257373003, 19.333104093942801 ], [ 77.016480487695887, 19.333104093942801 ], [ 77.018894417271639, 19.341373249582986 ], [ 77.029236827458035, 19.341373249582986 ], [ 77.02682257373003, 19.333104093942801 ] ] ] } },
{ "type": "Feature", "properties": { }, "geometry": { "type": "Polygon", "coordinates": [ [ [ 76.769969868845664, 19.374451469637357 ], [ 76.772381897803697, 19.382721424420453 ], [ 76.782725931258454, 19.382721424420453 ], [ 76.780313577312356, 19.374451469637357 ], [ 76.769969868845664, 19.374451469637357 ] ] ] } },
{ "type": "Feature", "properties": { }, "geometry": { "type": "Polygon", "coordinates": [ [ [ 76.617221395982455, 19.382721424420453 ], [ 76.619629789214471, 19.390991539269844 ], [ 76.629974147824583, 19.390991539269844 ], [ 76.627565429437198, 19.382721424420453 ], [ 76.617221395982455, 19.382721424420453 ] ] ] } },
{ "type": "Feature", "properties": { }, "geometry": { "type": "Polygon", "coordinates": [ [ [ 76.609285430604359, 19.390991539269844 ], [ 76.598941071994261, 19.390991539269844 ], [ 76.601350053997947, 19.399261814264808 ], [ 76.611694737930733, 19.399261814264808 ], [ 76.609285430604359, 19.390991539269844 ] ] ] } },
{ "type": "Feature", "properties": { }, "geometry": { "type": "Polygon", "coordinates": [ [ [ 76.911690571981978, 19.399261814264808 ], [ 76.901345888049178, 19.399261814264808 ], [ 76.903765548669384, 19.407532249484643 ], [ 76.914110558092247, 19.407532249484643 ], [ 76.911690571981978, 19.399261814264808 ] ] ] } },
{ "type": "Feature", "properties": { }, "geometry": { "type": "Polygon", "coordinates": [ [ [ 76.576859785897383, 19.457158229968478 ], [ 76.566512820016754, 19.457158229968478 ], [ 76.568930092981191, 19.465429788984036 ], [ 76.579277385524733, 19.465429788984036 ], [ 76.576859785897383, 19.457158229968478 ] ] ] } },
{ "type": "Feature", "properties": { }, "geometry": { "type": "Polygon", "coordinates": [ [ [ 76.809343852703208, 19.473701508859421 ], [ 76.798996233329007, 19.473701508859421 ], [ 76.801423182884747, 19.481973389674089 ], [ 76.811771129257366, 19.481973389674089 ], [ 76.809343852703208, 19.473701508859421 ] ] ] } },
{ "type": "Feature", "properties": { }, "geometry": { "type": "Polygon", "coordinates": [ [ [ 76.948727207475301, 19.490245431507478 ], [ 76.938378933936477, 19.490245431507478 ], [ 76.940812630142773, 19.498517634439089 ], [ 76.951161231015675, 19.498517634439089 ], [ 76.948727207475301, 19.490245431507478 ] ] ] } },
{ "type": "Feature", "properties": { }, "geometry": { "type": "Polygon", "coordinates": [ [ [ 77.051041547202544, 19.556427572390181 ], [ 77.040690650287331, 19.556427572390181 ], [ 77.045584545336581, 19.5729747233657 ], [ 77.055936099777114, 19.5729747233657 ], [ 77.051041547202544, 19.556427572390181 ] ] ] } },
{ "type": "Feature", "properties": { }, "geometry": { "type": "Polygon", "coordinates": [ [ [ 76.755741021002066, 19.5729747233657 ], [ 76.745389466561548, 19.5729747233657 ], [ 76.747828751408704, 19.581248541654549 ], [ 76.758180634864289, 19.581248541654549 ], [ 76.755741021002066, 19.5729747233657 ] ] ] } },
{ "type": "Feature", "properties": { }, "geometry": { "type": "Polygon", "coordinates": [ [ [ 77.099792788898796, 19.581248541654549 ], [ 77.102244514044713, 19.589522521916994 ], [ 77.112596726683719, 19.589522521916994 ], [ 77.110144672354394, 19.581248541654549 ], [ 77.099792788898796, 19.581248541654549 ] ] ] } },
{ "type": "Feature", "properties": { }, "geometry": { "type": "Polygon", "coordinates": [ [ [ 76.584633882094479, 19.589522521916994 ], [ 76.587070393765842, 19.597796664232728 ], [ 76.59742293575664, 19.597796664232728 ], [ 76.594986094733486, 19.589522521916994 ], [ 76.584633882094479, 19.589522521916994 ] ] ] } },
{ "type": "Feature", "properties": { }, "geometry": { "type": "Polygon", "coordinates": [ [ [ 77.016428404694864, 19.614345435342894 ], [ 77.006075203495129, 19.614345435342894 ], [ 77.008528648507394, 19.622620064296768 ], [ 77.018882179564329, 19.622620064296768 ], [ 77.016428404694864, 19.614345435342894 ] ] ] } },
{ "type": "Feature", "properties": { }, "geometry": { "type": "Polygon", "coordinates": [ [ [ 77.01538204225497, 19.680547017863447 ], [ 77.00502619747526, 19.680547017863447 ], [ 77.007489019308096, 19.688822948029323 ], [ 77.017845195294768, 19.688822948029323 ], [ 77.01538204225497, 19.680547017863447 ] ] ] } },
{ "type": "Feature", "properties": { }, "geometry": { "type": "Polygon", "coordinates": [ [ [ 76.738228443654577, 19.688822948029323 ], [ 76.727872267667905, 19.688822948029323 ], [ 76.730327398407269, 19.697099041206009 ], [ 76.740683905769828, 19.697099041206009 ], [ 76.738228443654577, 19.688822948029323 ] ] ] } },
{ "type": "Feature", "properties": { }, "geometry": { "type": "Polygon", "coordinates": [ [ [ 76.836352170045259, 19.705375297473417 ], [ 76.825995331137875, 19.705375297473417 ], [ 76.828455951281811, 19.713651716911471 ], [ 76.838813121903044, 19.713651716911471 ], [ 76.836352170045259, 19.705375297473417 ] ] ] } },
{ "type": "Feature", "properties": { }, "geometry": { "type": "Polygon", "coordinates": [ [ [ 76.897048932928158, 19.804703122867654 ], [ 76.886688102287366, 19.804703122867654 ], [ 76.889164793675576, 19.812981506593665 ], [ 76.899525958061801, 19.812981506593665 ], [ 76.897048932928158, 19.804703122867654 ] ] ] } },
{ "type": "Feature", "properties": { }, "geometry": { "type": "Polygon", "coordinates": [ [ [ 77.13783273894478, 19.812981506593665 ], [ 77.12747157455857, 19.812981506593665 ], [ 77.129957204499306, 19.821260054530875 ], [ 77.140318702800542, 19.821260054530875 ], [ 77.13783273894478, 19.812981506593665 ] ] ] } },
{ "type": "Feature", "properties": { }, "geometry": { "type": "Polygon", "coordinates": [ [ [ 76.935140893627505, 19.862655260191364 ], [ 76.924777723205821, 19.862655260191364 ], [ 76.927263901037875, 19.870934795079865 ], [ 76.937627406393048, 19.870934795079865 ], [ 76.935140893627505, 19.862655260191364 ] ] ] } },
{ "type": "Feature", "properties": { }, "geometry": { "type": "Polygon", "coordinates": [ [ [ 76.962938501858915, 19.920615467448556 ], [ 76.965434187337607, 19.9288961574327 ], [ 76.975800041987142, 19.9288961574327 ], [ 76.973304020384674, 19.920615467448556 ], [ 76.962938501858915, 19.920615467448556 ] ] ] } },
{ "type": "Feature", "properties": { }, "geometry": { "type": "Polygon", "coordinates": [ [ [ 77.034780454877279, 19.986865621208175 ], [ 77.037287948353097, 19.995147636125413 ], [ 77.047656498124738, 19.995147636125413 ], [ 77.045148667162081, 19.986865621208175 ], [ 77.034780454877279, 19.986865621208175 ] ] ] } },
{ "type": "Feature", "properties": { }, "geometry": { "type": "Polygon", "coordinates": [ [ [ 77.119339892881399, 20.094544784531244 ], [ 77.108967279948757, 20.094544784531244 ], [ 77.111492635621914, 20.102828963461224 ], [ 77.121865588262622, 20.102828963461224 ], [ 77.119339892881399, 20.094544784531244 ] ] ] } },
{ "type": "Feature", "properties": { }, "geometry": { "type": "Polygon", "coordinates": [ [ [ 77.124392556379377, 20.111113309418545 ], [ 77.114019263859447, 20.111113309418545 ], [ 77.116547165004121, 20.119397822484 ], [ 77.126920797574513, 20.119397822484 ], [ 77.124392556379377, 20.111113309418545 ] ] ] } },
{ "type": "Feature", "properties": { }, "geometry": { "type": "Polygon", "coordinates": [ [ [ 76.903224284351239, 20.202252161869108 ], [ 76.892847241848386, 20.202252161869108 ], [ 76.895380961171014, 20.210538518460339 ], [ 76.90575834561092, 20.210538518460339 ], [ 76.903224284351239, 20.202252161869108 ] ] ] } },
{ "type": "Feature", "properties": { }, "geometry": { "type": "Polygon", "coordinates": [ [ [ 77.193406793300099, 20.26854772534443 ], [ 77.18302701048826, 20.26854772534443 ], [ 77.185579848926977, 20.276835428835696 ], [ 77.195959975051437, 20.276835428835696 ], [ 77.193406793300099, 20.26854772534443 ] ] ] } },
{ "type": "Feature", "properties": { }, "geometry": { "type": "Polygon", "coordinates": [ [ [ 76.915503478093498, 20.309987930886624 ], [ 76.90512197699644, 20.309987930886624 ], [ 76.907671582822744, 20.318276478826718 ], [ 76.918053428093714, 20.318276478826718 ], [ 76.915503478093498, 20.309987930886624 ] ] ] } },
{ "type": "Feature", "properties": { }, "geometry": { "type": "Polygon", "coordinates": [ [ [ 77.226814428925238, 20.343143137772199 ], [ 77.216431550098022, 20.343143137772199 ], [ 77.218996267337374, 20.351432362733291 ], [ 77.22937949102834, 20.351432362733291 ], [ 77.226814428925238, 20.343143137772199 ] ] ] } },
{ "type": "Feature", "properties": { }, "geometry": { "type": "Polygon", "coordinates": [ [ [ 77.133239787390522, 20.376301054692547 ], [ 77.122855528072606, 20.376301054692547 ], [ 77.125421925732908, 20.384590957975401 ], [ 77.135806530605166, 20.384590957975401 ], [ 77.133239787390522, 20.376301054692547 ] ] ] } },
{ "type": "Feature", "properties": { }, "geometry": { "type": "Polygon", "coordinates": [ [ [ 77.119992323109813, 20.467499342348805 ], [ 77.122571812239542, 20.47579111773296 ], [ 77.132960229622896, 20.47579111773296 ], [ 77.130380393035736, 20.467499342348805 ], [ 77.119992323109813, 20.467499342348805 ] ] ] } },
{ "type": "Feature", "properties": { }, "geometry": { "type": "Polygon", "coordinates": [ [ [ 76.865433462504328, 20.484083063797193 ], [ 76.868006829858658, 20.492375180623096 ], [ 76.878395942676747, 20.492375180623096 ], [ 76.87582222751837, 20.484083063797193 ], [ 76.865433462504328, 20.484083063797193 ] ] ] } },
{ "type": "Feature", "properties": { }, "geometry": { "type": "Polygon", "coordinates": [ [ [ 77.169291101583624, 20.492375180623096 ], [ 77.158901988765521, 20.492375180623096 ], [ 77.161486382345601, 20.500667468292267 ], [ 77.171875843141152, 20.500667468292267 ], [ 77.169291101583624, 20.492375180623096 ] ] ] } },
{ "type": "Feature", "properties": { }, "geometry": { "type": "Polygon", "coordinates": [ [ [ 76.961437177524061, 20.525545357175773 ], [ 76.951046671755449, 20.525545357175773 ], [ 76.953628897621826, 20.533838329034474 ], [ 76.964019752061887, 20.533838329034474 ], [ 76.961437177524061, 20.525545357175773 ] ] ] } },
{ "type": "Feature", "properties": { }, "geometry": { "type": "Polygon", "coordinates": [ [ [ 77.390044784104234, 20.533838329034474 ], [ 77.379653929664201, 20.533838329034474 ], [ 77.382251744014368, 20.542131472144742 ], [ 77.392642947299493, 20.542131472144742 ], [ 77.390044784104234, 20.533838329034474 ] ] ] } },
{ "type": "Feature", "properties": { }, "geometry": { "type": "Polygon", "coordinates": [ [ [ 77.291330721371494, 20.583599759330447 ], [ 77.280937771254997, 20.583599759330447 ], [ 77.283539502041791, 20.591893931666856 ], [ 77.293932802046101, 20.591893931666856 ], [ 77.291330721371494, 20.583599759330447 ] ] ] } },
{ "type": "Feature", "properties": { }, "geometry": { "type": "Polygon", "coordinates": [ [ [ 77.361549481408119, 20.641662576853943 ], [ 77.351154078422141, 20.641662576853943 ], [ 77.353766626986499, 20.649957953677536 ], [ 77.364162381078998, 20.649957953677536 ], [ 77.361549481408119, 20.641662576853943 ] ] ] } },
{ "type": "Feature", "properties": { }, "geometry": { "type": "Polygon", "coordinates": [ [ [ 77.080898227198631, 20.674845118859864 ], [ 77.070501418740562, 20.674845118859864 ], [ 77.07310930658042, 20.683141185764459 ], [ 77.083506466842465, 20.683141185764459 ], [ 77.080898227198631, 20.674845118859864 ] ] ] } },
{ "type": "Feature", "properties": { }, "geometry": { "type": "Polygon", "coordinates": [ [ [ 77.114697947628628, 20.683141185764459 ], [ 77.104300787366583, 20.683141185764459 ], [ 77.10691102460089, 20.691437425394327 ], [ 77.117308536841421, 20.691437425394327 ], [ 77.114697947628628, 20.683141185764459 ] ] ] } },
{ "type": "Feature", "properties": { }, "geometry": { "type": "Polygon", "coordinates": [ [ [ 77.463589063677773, 20.832500005645631 ], [ 77.466233307943654, 20.840799368378647 ], [ 77.476637185689526, 20.840799368378647 ], [ 77.473992586296077, 20.832500005645631 ], [ 77.463589063677773, 20.832500005645631 ] ] ] } },
{ "type": "Feature", "properties": { }, "geometry": { "type": "Polygon", "coordinates": [ [ [ 77.243168334578627, 20.957008784332988 ], [ 77.245823264563526, 20.965310770037288 ], [ 77.256232490299567, 20.965310770037288 ], [ 77.253577202550787, 20.957008784332988 ], [ 77.243168334578627, 20.957008784332988 ] ] ] } },
{ "type": "Feature", "properties": { }, "geometry": { "type": "Polygon", "coordinates": [ [ [ 77.235634742913319, 20.998520468935187 ], [ 77.225224084359766, 20.998520468935187 ], [ 77.227884478004327, 21.006823333093408 ], [ 77.238295495203005, 21.006823333093408 ], [ 77.235634742913319, 20.998520468935187 ] ] ] } },
{ "type": "Feature", "properties": { }, "geometry": { "type": "Polygon", "coordinates": [ [ [ 77.233461158327358, 21.056644215659521 ], [ 77.223047985551901, 21.056644215659521 ], [ 77.225716826618623, 21.064948313129729 ], [ 77.236130359275023, 21.064948313129729 ], [ 77.233461158327358, 21.056644215659521 ] ] ] } },
{ "type": "Feature", "properties": { }, "geometry": { "type": "Polygon", "coordinates": [ [ [ 77.293543958973515, 21.081557037709615 ], [ 77.283129706024937, 21.081557037709615 ], [ 77.285804282417843, 21.089861664985143 ], [ 77.296218895777727, 21.089861664985143 ], [ 77.293543958973515, 21.081557037709615 ] ] ] } },
{ "type": "Feature", "properties": { }, "geometry": { "type": "Polygon", "coordinates": [ [ [ 77.493193495918419, 21.247683263753188 ], [ 77.482772001076384, 21.247683263753188 ], [ 77.48547799787606, 21.255991442168042 ], [ 77.495899856676829, 21.255991442168042 ], [ 77.493193495918419, 21.247683263753188 ] ] ] } },
{ "type": "Feature", "properties": { }, "geometry": { "type": "Polygon", "coordinates": [ [ [ 77.631384021086888, 21.255991442168042 ], [ 77.620962162286119, 21.255991442168042 ], [ 77.623674215526421, 21.264299799013603 ], [ 77.634096438463843, 21.264299799013603 ], [ 77.631384021086888, 21.255991442168042 ] ] ] } },
{ "type": "Feature", "properties": { }, "geometry": { "type": "Polygon", "coordinates": [ [ [ 77.522589860387896, 21.305844262620319 ], [ 77.512165814097045, 21.305844262620319 ], [ 77.514881442664006, 21.314153691801348 ], [ 77.525305854159953, 21.314153691801348 ], [ 77.522589860387896, 21.305844262620319 ] ] ] } },
{ "type": "Feature", "properties": { }, "geometry": { "type": "Polygon", "coordinates": [ [ [ 76.688795722007299, 17.74829064659902 ], [ 76.686612915841465, 17.740050844429121 ], [ 76.676330314450212, 17.740050844429121 ], [ 76.678512827932281, 17.74829064659902 ], [ 76.688795722007299, 17.74829064659902 ] ] ] } },
{ "type": "Feature", "properties": { }, "geometry": { "type": "Polygon", "coordinates": [ [ [ 76.690979715763689, 17.75653059345489 ], [ 76.701262902681663, 17.75653059345489 ], [ 76.699078616082289, 17.74829064659902 ], [ 76.688795722007299, 17.74829064659902 ], [ 76.690979715763689, 17.75653059345489 ] ] ] } },
{ "type": "Feature", "properties": { }, "geometry": { "type": "Polygon", "coordinates": [ [ [ 76.617452693295917, 17.789491829261465 ], [ 76.61964028013837, 17.797732500689882 ], [ 76.629924933661243, 17.797732500689882 ], [ 76.627737053179047, 17.789491829261465 ], [ 76.617452693295917, 17.789491829261465 ] ] ] } },
{ "type": "Feature", "properties": { }, "geometry": { "type": "Polygon", "coordinates": [ [ [ 76.687923382297242, 17.822455386139112 ], [ 76.677637846898122, 17.822455386139112 ], [ 76.679831658901875, 17.830696638597736 ], [ 76.690117488578849, 17.830696638597736 ], [ 76.687923382297242, 17.822455386139112 ] ] ] } },
{ "type": "Feature", "properties": { }, "geometry": { "type": "Polygon", "coordinates": [ [ [ 76.731250034574103, 17.946089479826504 ], [ 76.720960068229559, 17.946089479826504 ], [ 76.723172056208739, 17.954332922028271 ], [ 76.733462319229474, 17.954332922028271 ], [ 76.731250034574103, 17.946089479826504 ] ] ] } },
{ "type": "Feature", "properties": { }, "geometry": { "type": "Polygon", "coordinates": [ [ [ 76.742323406418265, 17.987308157545439 ], [ 76.732031955090434, 17.987308157545439 ], [ 76.734249917993679, 17.995552333485037 ], [ 76.744541666799051, 17.995552333485037 ], [ 76.742323406418265, 17.987308157545439 ] ] ] } },
{ "type": "Feature", "properties": { }, "geometry": { "type": "Polygon", "coordinates": [ [ [ 76.752896732907971, 18.102740023533769 ], [ 76.742601102284766, 18.102740023533769 ], [ 76.744835234014843, 18.110986264132293 ], [ 76.755131164364585, 18.110986264132293 ], [ 76.752896732907971, 18.102740023533769 ] ] ] } },
{ "type": "Feature", "properties": { }, "geometry": { "type": "Polygon", "coordinates": [ [ [ 76.754350960083912, 18.259443986155755 ], [ 76.744049607098347, 18.259443986155755 ], [ 76.746305370014554, 18.26769305287775 ], [ 76.756607025791141, 18.26769305287775 ], [ 76.754350960083912, 18.259443986155755 ] ] ] } },
{ "type": "Feature", "properties": { }, "geometry": { "type": "Polygon", "coordinates": [ [ [ 76.805857725011691, 18.259443986155755 ], [ 76.795556372026127, 18.259443986155755 ], [ 76.797813648897503, 18.26769305287775 ], [ 76.808115304674089, 18.26769305287775 ], [ 76.805857725011691, 18.259443986155755 ] ] ] } },
{ "type": "Feature", "properties": { }, "geometry": { "type": "Polygon", "coordinates": [ [ [ 77.19024913436995, 18.383195720995662 ], [ 77.179943222524074, 18.383195720995662 ], [ 77.182228988006798, 18.391447038521779 ], [ 77.192535205073128, 18.391447038521779 ], [ 77.19024913436995, 18.383195720995662 ] ] ] } },
{ "type": "Feature", "properties": { }, "geometry": { "type": "Polygon", "coordinates": [ [ [ 76.924573561348652, 18.391447038521779 ], [ 76.926852907568332, 18.399698506719531 ], [ 76.937159430017374, 18.399698506719531 ], [ 76.934879778414967, 18.391447038521779 ], [ 76.924573561348652, 18.391447038521779 ] ] ] } },
{ "type": "Feature", "properties": { }, "geometry": { "type": "Polygon", "coordinates": [ [ [ 77.209707844890815, 18.41620189543934 ], [ 77.211999085135815, 18.424453816116124 ], [ 77.222306524707193, 18.424453816116124 ], [ 77.220014978592346, 18.41620189543934 ], [ 77.209707844890815, 18.41620189543934 ] ] ] } },
{ "type": "Feature", "properties": { }, "geometry": { "type": "Polygon", "coordinates": [ [ [ 77.214291542212479, 18.432705887774002 ], [ 77.203983796608853, 18.432705887774002 ], [ 77.206277164623387, 18.440958110490389 ], [ 77.216585216421777, 18.440958110490389 ], [ 77.214291542212479, 18.432705887774002 ] ] ] } },
{ "type": "Feature", "properties": { }, "geometry": { "type": "Polygon", "coordinates": [ [ [ 76.87525663171003, 18.473968513489563 ], [ 76.864947353507048, 18.473968513489563 ], [ 76.86723637262925, 18.482221492660063 ], [ 76.87754595783997, 18.482221492660063 ], [ 76.87525663171003, 18.473968513489563 ] ] ] } },
{ "type": "Feature", "properties": { }, "geometry": { "type": "Polygon", "coordinates": [ [ [ 76.895875188115951, 18.473968513489563 ], [ 76.885565909912984, 18.473968513489563 ], [ 76.887855543050691, 18.482221492660063 ], [ 76.898165128261411, 18.482221492660063 ], [ 76.895875188115951, 18.473968513489563 ] ] ] } },
{ "type": "Feature", "properties": { }, "geometry": { "type": "Polygon", "coordinates": [ [ [ 77.119262844063044, 18.498727905648323 ], [ 77.108952644348591, 18.498727905648323 ], [ 77.111252376524774, 18.506981339621127 ], [ 77.121562883735265, 18.506981339621127 ], [ 77.119262844063044, 18.498727905648323 ] ] ] } },
{ "type": "Feature", "properties": { }, "geometry": { "type": "Polygon", "coordinates": [ [ [ 77.066601728261702, 18.531742552384816 ], [ 77.056290297585846, 18.531742552384816 ], [ 77.058593054276926, 18.539996593846389 ], [ 77.068904793100444, 18.539996593846389 ], [ 77.066601728261702, 18.531742552384816 ] ] ] } },
{ "type": "Feature", "properties": { }, "geometry": { "type": "Polygon", "coordinates": [ [ [ 76.85235827780653, 18.539996593846389 ], [ 76.842046538983027, 18.539996593846389 ], [ 76.844344039279505, 18.54825078737413 ], [ 76.854656086413684, 18.54825078737413 ], [ 76.85235827780653, 18.539996593846389 ] ] ] } },
{ "type": "Feature", "properties": { }, "geometry": { "type": "Polygon", "coordinates": [ [ [ 77.096446627074087, 18.564759630938632 ], [ 77.086133962829365, 18.564759630938632 ], [ 77.088442211457874, 18.573014281130686 ], [ 77.098755184502537, 18.573014281130686 ], [ 77.096446627074087, 18.564759630938632 ] ] ] } },
{ "type": "Feature", "properties": { }, "geometry": { "type": "Polygon", "coordinates": [ [ [ 76.997932141686164, 18.581269083699478 ], [ 77.000240047820981, 18.589524038722722 ], [ 77.010553638955045, 18.589524038722722 ], [ 77.008245423693921, 18.581269083699478 ], [ 76.997932141686164, 18.581269083699478 ] ] ] } },
{ "type": "Feature", "properties": { }, "geometry": { "type": "Polygon", "coordinates": [ [ [ 77.281024484202305, 18.5977791462781 ], [ 77.283343183485314, 18.606034406443339 ], [ 77.293657393361784, 18.606034406443339 ], [ 77.291338384625931, 18.5977791462781 ], [ 77.281024484202305, 18.5977791462781 ] ] ] } },
{ "type": "Feature", "properties": { }, "geometry": { "type": "Polygon", "coordinates": [ [ [ 77.031382466572865, 18.663825507207484 ], [ 77.021066085950835, 18.663825507207484 ], [ 77.023386193879205, 18.672081991051261 ], [ 77.033702885261874, 18.672081991051261 ], [ 77.031382466572865, 18.663825507207484 ] ] ] } },
{ "type": "Feature", "properties": { }, "geometry": { "type": "Polygon", "coordinates": [ [ [ 77.351190265855536, 18.663825507207484 ], [ 77.340873885233506, 18.663825507207484 ], [ 77.343203626741996, 18.672081991051261 ], [ 77.353520318124666, 18.672081991051261 ], [ 77.351190265855536, 18.663825507207484 ] ] ] } },
{ "type": "Feature", "properties": { }, "geometry": { "type": "Polygon", "coordinates": [ [ [ 77.087609537508058, 18.680338628205071 ], [ 77.077292535201082, 18.680338628205071 ], [ 77.079616642592853, 18.688595418746758 ], [ 77.089933955987831, 18.688595418746758 ], [ 77.087609537508058, 18.680338628205071 ] ] ] } },
{ "type": "Feature", "properties": { }, "geometry": { "type": "Polygon", "coordinates": [ [ [ 76.927177603573497, 18.696852362754228 ], [ 76.916859978926766, 18.696852362754228 ], [ 76.91918155055653, 18.705109460305398 ], [ 76.929499486618781, 18.705109460305398 ], [ 76.927177603573497, 18.696852362754228 ] ] ] } },
{ "type": "Feature", "properties": { }, "geometry": { "type": "Polygon", "coordinates": [ [ [ 77.016695392433405, 18.721624116350487 ], [ 77.006376833048563, 18.721624116350487 ], [ 77.008704564702455, 18.729881675000314 ], [ 77.019023435994399, 18.729881675000314 ], [ 77.016695392433405, 18.721624116350487 ] ] ] } },
{ "type": "Feature", "properties": { }, "geometry": { "type": "Polygon", "coordinates": [ [ [ 76.964096061994056, 18.754655274394601 ], [ 76.953776253996907, 18.754655274394601 ], [ 76.956107006174733, 18.762913448934306 ], [ 76.966427126735041, 18.762913448934306 ], [ 76.964096061994056, 18.754655274394601 ] ] ] } },
{ "type": "Feature", "properties": { }, "geometry": { "type": "Polygon", "coordinates": [ [ [ 77.170492221937181, 18.754655274394601 ], [ 77.160172413940018, 18.754655274394601 ], [ 77.162509417380917, 18.762913448934306 ], [ 77.172829537941226, 18.762913448934306 ], [ 77.170492221937181, 18.754655274394601 ] ] ] } },
{ "type": "Feature", "properties": { }, "geometry": { "type": "Polygon", "coordinates": [ [ [ 76.922816830005431, 18.754655274394601 ], [ 76.925146644493793, 18.762913448934306 ], [ 76.935466765054102, 18.762913448934306 ], [ 76.93313663800258, 18.754655274394601 ], [ 76.922816830005431, 18.754655274394601 ] ] ] } },
{ "type": "Feature", "properties": { }, "geometry": { "type": "Polygon", "coordinates": [ [ [ 77.026014909977008, 18.754655274394601 ], [ 77.028347850096893, 18.762913448934306 ], [ 77.038667970657201, 18.762913448934306 ], [ 77.036334717974142, 18.754655274394601 ], [ 77.026014909977008, 18.754655274394601 ] ] ] } },
{ "type": "Feature", "properties": { }, "geometry": { "type": "Polygon", "coordinates": [ [ [ 76.990761227783906, 18.812465736422606 ], [ 76.980439228396904, 18.812465736422606 ], [ 76.982778867090687, 18.820724991774519 ], [ 76.993101180190493, 18.820724991774519 ], [ 76.990761227783906, 18.812465736422606 ] ] ] } },
{ "type": "Feature", "properties": { }, "geometry": { "type": "Polygon", "coordinates": [ [ [ 77.268533031997677, 18.845503686428078 ], [ 77.258209776772901, 18.845503686428078 ], [ 77.26056249530734, 18.853763561105808 ], [ 77.270886064902797, 18.853763561105808 ], [ 77.268533031997677, 18.845503686428078 ] ] ] } },
{ "type": "Feature", "properties": { }, "geometry": { "type": "Polygon", "coordinates": [ [ [ 76.907219099130188, 18.845503686428078 ], [ 76.896895843905398, 18.845503686428078 ], [ 76.899237559466982, 18.853763561105808 ], [ 76.909561129062425, 18.853763561105808 ], [ 76.907219099130188, 18.845503686428078 ] ] ] } },
{ "type": "Feature", "properties": { }, "geometry": { "type": "Polygon", "coordinates": [ [ [ 77.080876306237684, 18.911587028986123 ], [ 77.070550531437476, 18.911587028986123 ], [ 77.07290679777752, 18.919848146070628 ], [ 77.083232888266096, 18.919848146070628 ], [ 77.080876306237684, 18.911587028986123 ] ] ] } },
{ "type": "Feature", "properties": { }, "geometry": { "type": "Polygon", "coordinates": [ [ [ 76.946641233834711, 18.911587028986123 ], [ 76.936315459034475, 18.911587028986123 ], [ 76.938667621425864, 18.919848146070628 ], [ 76.948993711914454, 18.919848146070628 ], [ 76.946641233834711, 18.911587028986123 ] ] ] } },
{ "type": "Feature", "properties": { }, "geometry": { "type": "Polygon", "coordinates": [ [ [ 77.124537250220456, 18.919848146070628 ], [ 77.114211159731866, 18.919848146070628 ], [ 77.116569920289919, 18.928109418808337 ], [ 77.126896326631766, 18.928109418808337 ], [ 77.124537250220456, 18.919848146070628 ] ] ] } },
{ "type": "Feature", "properties": { }, "geometry": { "type": "Polygon", "coordinates": [ [ [ 77.209507577366537, 18.928109418808337 ], [ 77.199181171024705, 18.928109418808337 ], [ 77.201543691505492, 18.936370847277605 ], [ 77.211870413865526, 18.936370847277605 ], [ 77.209507577366537, 18.928109418808337 ] ] ] } },
{ "type": "Feature", "properties": { }, "geometry": { "type": "Polygon", "coordinates": [ [ [ 77.374730078836123, 18.928109418808337 ], [ 77.377097971626355, 18.936370847277605 ], [ 77.387424693986404, 18.936370847277605 ], [ 77.385056485177984, 18.928109418808337 ], [ 77.374730078836123, 18.928109418808337 ] ] ] } },
{ "type": "Feature", "properties": { }, "geometry": { "type": "Polygon", "coordinates": [ [ [ 76.93069460613664, 18.928109418808337 ], [ 76.933048910144151, 18.936370847277605 ], [ 76.943375632504214, 18.936370847277605 ], [ 76.941021012478487, 18.928109418808337 ], [ 76.93069460613664, 18.928109418808337 ] ] ] } },
{ "type": "Feature", "properties": { }, "geometry": { "type": "Polygon", "coordinates": [ [ [ 77.067296300824822, 18.936370847277605 ], [ 77.056969578464773, 18.936370847277605 ], [ 77.059328905790707, 18.944632431556798 ], [ 77.069655944333945, 18.944632431556798 ], [ 77.067296300824822, 18.936370847277605 ] ] ] } },
{ "type": "Feature", "properties": { }, "geometry": { "type": "Polygon", "coordinates": [ [ [ 77.503391563149961, 18.944632431556798 ], [ 77.493064524606723, 18.944632431556798 ], [ 77.495438369970387, 18.95289417172431 ], [ 77.505765724861831, 18.95289417172431 ], [ 77.503391563149961, 18.944632431556798 ] ] ] } },
{ "type": "Feature", "properties": { }, "geometry": { "type": "Polygon", "coordinates": [ [ [ 77.358813023544627, 18.944632431556798 ], [ 77.348485985001389, 18.944632431556798 ], [ 77.350855401490037, 18.95289417172431 ], [ 77.361182756381496, 18.95289417172431 ], [ 77.358813023544627, 18.944632431556798 ] ] ] } },
{ "type": "Feature", "properties": { }, "geometry": { "type": "Polygon", "coordinates": [ [ [ 76.999725335180656, 18.95289417172431 ], [ 76.989397980289212, 18.95289417172431 ], [ 76.991757555160561, 18.961156067858543 ], [ 77.002085226565299, 18.961156067858543 ], [ 76.999725335180656, 18.95289417172431 ] ] ] } },
{ "type": "Feature", "properties": { }, "geometry": { "type": "Polygon", "coordinates": [ [ [ 77.37067405600061, 18.98594269284585 ], [ 77.360345434065195, 18.98594269284585 ], [ 77.362721035437445, 18.994205213631318 ], [ 77.373049974546845, 18.994205213631318 ], [ 77.37067405600061, 18.98594269284585 ] ] ] } },
{ "type": "Feature", "properties": { }, "geometry": { "type": "Polygon", "coordinates": [ [ [ 77.520036721460883, 19.002467890775772 ], [ 77.509707465012227, 19.002467890775772 ], [ 77.512089987606871, 19.01073072435771 ], [ 77.522419561560099, 19.01073072435771 ], [ 77.520036721460883, 19.002467890775772 ] ] ] } },
{ "type": "Feature", "properties": { }, "geometry": { "type": "Polygon", "coordinates": [ [ [ 77.473154184576458, 19.018993714455657 ], [ 77.4628242929533, 19.018993714455657 ], [ 77.465207708422838, 19.027256861148128 ], [ 77.475537917881354, 19.027256861148128 ], [ 77.473154184576458, 19.018993714455657 ] ] ] } },
{ "type": "Feature", "properties": { }, "geometry": { "type": "Polygon", "coordinates": [ [ [ 77.134641005750495, 19.027256861148128 ], [ 77.137015485868105, 19.035520164513692 ], [ 77.147346013327407, 19.035520164513692 ], [ 77.144971215209011, 19.027256861148128 ], [ 77.134641005750495, 19.027256861148128 ] ] ] } },
{ "type": "Feature", "properties": { }, "geometry": { "type": "Polygon", "coordinates": [ [ [ 77.146525766438913, 19.06857494627835 ], [ 77.14890642818591, 19.076839034188158 ], [ 77.159238548132379, 19.076839034188158 ], [ 77.156857567556699, 19.06857494627835 ], [ 77.146525766438913, 19.06857494627835 ] ] ] } },
{ "type": "Feature", "properties": { }, "geometry": { "type": "Polygon", "coordinates": [ [ [ 77.07100939901153, 19.093367681520611 ], [ 77.0606766409106, 19.093367681520611 ], [ 77.063058141496981, 19.101632241100603 ], [ 77.073391218923803, 19.101632241100603 ], [ 77.07100939901153, 19.093367681520611 ] ] ] } },
{ "type": "Feature", "properties": { }, "geometry": { "type": "Polygon", "coordinates": [ [ [ 77.298330077231952, 19.093367681520611 ], [ 77.287997319131009, 19.093367681520611 ], [ 77.290385844887069, 19.101632241100603 ], [ 77.300718922313891, 19.101632241100603 ], [ 77.298330077231952, 19.093367681520611 ] ] ] } },
{ "type": "Feature", "properties": { }, "geometry": { "type": "Polygon", "coordinates": [ [ [ 77.104390451204267, 19.101632241100603 ], [ 77.094057373777446, 19.101632241100603 ], [ 77.096441069571114, 19.109896958061373 ], [ 77.106774466489654, 19.109896958061373 ], [ 77.104390451204267, 19.101632241100603 ] ] ] } },
{ "type": "Feature", "properties": { }, "geometry": { "type": "Polygon", "coordinates": [ [ [ 77.4295049333478, 19.118161832481615 ], [ 77.419171216771645, 19.118161832481615 ], [ 77.421567302504386, 19.12642686444007 ], [ 77.431901338904026, 19.12642686444007 ], [ 77.4295049333478, 19.118161832481615 ] ] ] } },
{ "type": "Feature", "properties": { }, "geometry": { "type": "Polygon", "coordinates": [ [ [ 77.078158569759069, 19.118161832481615 ], [ 77.067824853182941, 19.118161832481615 ], [ 77.070210064916438, 19.12642686444007 ], [ 77.080544101316079, 19.12642686444007 ], [ 77.078158569759069, 19.118161832481615 ] ] ] } },
{ "type": "Feature", "properties": { }, "geometry": { "type": "Polygon", "coordinates": [ [ [ 77.514858931331375, 19.233886651729414 ], [ 77.504520722108609, 19.233886651729414 ], [ 77.506935854260178, 19.242153897498699 ], [ 77.517274385633712, 19.242153897498699 ], [ 77.514858931331375, 19.233886651729414 ] ] ] } },
{ "type": "Feature", "properties": { }, "geometry": { "type": "Polygon", "coordinates": [ [ [ 77.268453153103422, 19.27522446857725 ], [ 77.258113331460805, 19.27522446857725 ], [ 77.260526635455463, 19.283492508742331 ], [ 77.270866780082059, 19.283492508742331 ], [ 77.268453153103422, 19.27522446857725 ] ] ] } },
{ "type": "Feature", "properties": { }, "geometry": { "type": "Polygon", "coordinates": [ [ [ 77.581071118879905, 19.283492508742331 ], [ 77.583495686635416, 19.291760708023677 ], [ 77.59383615441277, 19.291760708023677 ], [ 77.591411263506501, 19.283492508742331 ], [ 77.581071118879905, 19.283492508742331 ] ] ] } },
{ "type": "Feature", "properties": { }, "geometry": { "type": "Polygon", "coordinates": [ [ [ 77.556091712313275, 19.374451469637357 ], [ 77.55852844036464, 19.382721424420453 ], [ 77.568872473819397, 19.382721424420453 ], [ 77.566435420779953, 19.374451469637357 ], [ 77.556091712313275, 19.374451469637357 ] ] ] } },
{ "type": "Feature", "properties": { }, "geometry": { "type": "Polygon", "coordinates": [ [ [ 77.545748003846597, 19.374451469637357 ], [ 77.535404295379919, 19.374451469637357 ], [ 77.53784037345514, 19.382721424420453 ], [ 77.548184406909897, 19.382721424420453 ], [ 77.545748003846597, 19.374451469637357 ] ] ] } },
{ "type": "Feature", "properties": { }, "geometry": { "type": "Polygon", "coordinates": [ [ [ 77.452051048081458, 19.407532249484643 ], [ 77.441706038658594, 19.407532249484643 ], [ 77.444143878050326, 19.41580284500866 ], [ 77.454489213130685, 19.41580284500866 ], [ 77.452051048081458, 19.407532249484643 ] ] ] } },
{ "type": "Feature", "properties": { }, "geometry": { "type": "Polygon", "coordinates": [ [ [ 77.446582971056117, 19.424073600916181 ], [ 77.436237310150801, 19.424073600916181 ], [ 77.438677331104543, 19.432344517286548 ], [ 77.449023318002318, 19.432344517286548 ], [ 77.446582971056117, 19.424073600916181 ] ] ] } },
{ "type": "Feature", "properties": { }, "geometry": { "type": "Polygon", "coordinates": [ [ [ 77.362658149029002, 19.490245431507478 ], [ 77.352309875490164, 19.490245431507478 ], [ 77.354756665059938, 19.498517634439089 ], [ 77.365105265932868, 19.498517634439089 ], [ 77.362658149029002, 19.490245431507478 ] ] ] } },
{ "type": "Feature", "properties": { }, "geometry": { "type": "Polygon", "coordinates": [ [ [ 77.126508403586641, 19.531608058737852 ], [ 77.116158491697931, 19.531608058737852 ], [ 77.11860368357722, 19.539881068353314 ], [ 77.128953923639969, 19.539881068353314 ], [ 77.126508403586641, 19.531608058737852 ] ] ] } },
{ "type": "Feature", "properties": { }, "geometry": { "type": "Polygon", "coordinates": [ [ [ 77.330515763913453, 19.556427572390181 ], [ 77.320164866998255, 19.556427572390181 ], [ 77.322620062699301, 19.564701066970791 ], [ 77.332971288293024, 19.564701066970791 ], [ 77.330515763913453, 19.556427572390181 ] ] ] } },
{ "type": "Feature", "properties": { }, "geometry": { "type": "Polygon", "coordinates": [ [ [ 77.558847987411369, 19.697099041206009 ], [ 77.548491480048838, 19.697099041206009 ], [ 77.550974054655271, 19.705375297473417 ], [ 77.561330893562655, 19.705375297473417 ], [ 77.558847987411369, 19.697099041206009 ] ] ] } },
{ "type": "Feature", "properties": { }, "geometry": { "type": "Polygon", "coordinates": [ [ [ 77.205816773865621, 19.763313664601156 ], [ 77.208297830463039, 19.771591228472989 ], [ 77.218657327817141, 19.771591228472989 ], [ 77.216175938321584, 19.763313664601156 ], [ 77.205816773865621, 19.763313664601156 ] ] ] } },
{ "type": "Feature", "properties": { }, "geometry": { "type": "Polygon", "coordinates": [ [ [ 77.684834708752206, 19.771591228472989 ], [ 77.687332348714548, 19.779868956155479 ], [ 77.697692179136183, 19.779868956155479 ], [ 77.695194206106322, 19.771591228472989 ], [ 77.684834708752206, 19.771591228472989 ] ] ] } },
{ "type": "Feature", "properties": { }, "geometry": { "type": "Polygon", "coordinates": [ [ [ 77.415090464967975, 19.804703122867654 ], [ 77.404729634327168, 19.804703122867654 ], [ 77.407223012986421, 19.812981506593665 ], [ 77.417584177372618, 19.812981506593665 ], [ 77.415090464967975, 19.804703122867654 ] ] ] } },
{ "type": "Feature", "properties": { }, "geometry": { "type": "Polygon", "coordinates": [ [ [ 77.520490246200666, 19.879214494741085 ], [ 77.510126405742071, 19.879214494741085 ], [ 77.512633881599896, 19.887494359255296 ], [ 77.522998057331833, 19.887494359255296 ], [ 77.520490246200666, 19.879214494741085 ] ] ] } },
{ "type": "Feature", "properties": { }, "geometry": { "type": "Polygon", "coordinates": [ [ [ 77.706186101462052, 19.978583772189253 ], [ 77.695818226493557, 19.978583772189253 ], [ 77.698346041104855, 19.986865621208175 ], [ 77.708714253389644, 19.986865621208175 ], [ 77.706186101462052, 19.978583772189253 ] ] ] } },
{ "type": "Feature", "properties": { }, "geometry": { "type": "Polygon", "coordinates": [ [ [ 77.522086432263151, 19.986865621208175 ], [ 77.511718219978363, 19.986865621208175 ], [ 77.514241237848822, 19.995147636125413 ], [ 77.524609787620449, 19.995147636125413 ], [ 77.522086432263151, 19.986865621208175 ] ] ] } },
{ "type": "Feature", "properties": { }, "geometry": { "type": "Polygon", "coordinates": [ [ [ 77.760555314813686, 19.986865621208175 ], [ 77.750187102528884, 19.986865621208175 ], [ 77.752717882596684, 19.995147636125413 ], [ 77.763086432368326, 19.995147636125413 ], [ 77.760555314813686, 19.986865621208175 ] ] ] } },
{ "type": "Feature", "properties": { }, "geometry": { "type": "Polygon", "coordinates": [ [ [ 77.580446905301486, 20.177394099758658 ], [ 77.570070887579533, 20.177394099758658 ], [ 77.572623324071216, 20.18567995259923 ], [ 77.582999683215121, 20.18567995259923 ], [ 77.580446905301486, 20.177394099758658 ] ] ] } },
{ "type": "Feature", "properties": { }, "geometry": { "type": "Polygon", "coordinates": [ [ [ 77.889043322121708, 20.202252161869108 ], [ 77.878666279618884, 20.202252161869108 ], [ 77.881232482960954, 20.210538518460339 ], [ 77.891609867400831, 20.210538518460339 ], [ 77.889043322121708, 20.202252161869108 ] ] ] } },
{ "type": "Feature", "properties": { }, "geometry": { "type": "Polygon", "coordinates": [ [ [ 77.353883232922456, 20.384590957975401 ], [ 77.356458519718885, 20.392881031042069 ], [ 77.366843470318258, 20.392881031042069 ], [ 77.364267837794714, 20.384590957975401 ], [ 77.353883232922456, 20.384590957975401 ] ] ] } },
{ "type": "Feature", "properties": { }, "geometry": { "type": "Polygon", "coordinates": [ [ [ 77.914649512610907, 20.417752269758946 ], [ 77.917248310874598, 20.426043022774937 ], [ 77.927634646111116, 20.426043022774937 ], [ 77.925035501428738, 20.417752269758946 ], [ 77.914649512610907, 20.417752269758946 ] ] ] } },
{ "type": "Feature", "properties": { }, "geometry": { "type": "Polygon", "coordinates": [ [ [ 77.470635895704092, 20.426043022774937 ], [ 77.460249560467574, 20.426043022774937 ], [ 77.462834406566216, 20.434333945981873 ], [ 77.473221088394411, 20.434333945981873 ], [ 77.470635895704092, 20.426043022774937 ] ] ] } },
{ "type": "Feature", "properties": { }, "geometry": { "type": "Polygon", "coordinates": [ [ [ 77.623813308530458, 20.484083063797193 ], [ 77.613424543516402, 20.484083063797193 ], [ 77.616022952762023, 20.492375180623096 ], [ 77.626412065580126, 20.492375180623096 ], [ 77.623813308530458, 20.484083063797193 ] ] ] } },
{ "type": "Feature", "properties": { }, "geometry": { "type": "Polygon", "coordinates": [ [ [ 77.917438229313504, 20.5587182724469 ], [ 77.907046327817156, 20.5587182724469 ], [ 77.909665491476602, 20.567011929802273 ], [ 77.920057742339139, 20.567011929802273 ], [ 77.917438229313504, 20.5587182724469 ] ] ] } },
{ "type": "Feature", "properties": { }, "geometry": { "type": "Polygon", "coordinates": [ [ [ 78.000573441284104, 20.5587182724469 ], [ 77.990181539787784, 20.5587182724469 ], [ 77.992803498377029, 20.567011929802273 ], [ 78.003195749239566, 20.567011929802273 ], [ 78.000573441284104, 20.5587182724469 ] ] ] } },
{ "type": "Feature", "properties": { }, "geometry": { "type": "Polygon", "coordinates": [ [ [ 77.569330144919391, 20.575305758736189 ], [ 77.558937544516809, 20.575305758736189 ], [ 77.561547424400416, 20.583599759330447 ], [ 77.571940374516913, 20.583599759330447 ], [ 77.569330144919391, 20.575305758736189 ] ] ] } },
{ "type": "Feature", "properties": { }, "geometry": { "type": "Polygon", "coordinates": [ [ [ 77.847399629931928, 20.600188275827232 ], [ 77.83700597986585, 20.600188275827232 ], [ 77.83962886057563, 20.60848279189344 ], [ 77.850022860877488, 20.60848279189344 ], [ 77.847399629931928, 20.600188275827232 ] ] ] } },
{ "type": "Feature", "properties": { }, "geometry": { "type": "Polygon", "coordinates": [ [ [ 77.816218679733709, 20.600188275827232 ], [ 77.805825029667616, 20.600188275827232 ], [ 77.80844685967007, 20.60848279189344 ], [ 77.818840859971942, 20.60848279189344 ], [ 77.816218679733709, 20.600188275827232 ] ] ] } },
{ "type": "Feature", "properties": { }, "geometry": { "type": "Polygon", "coordinates": [ [ [ 77.68633778408369, 20.61677747994732 ], [ 77.68895801334142, 20.625072340070759 ], [ 77.699352714637044, 20.625072340070759 ], [ 77.696732134795383, 20.61677747994732 ], [ 77.68633778408369, 20.61677747994732 ] ] ] } },
{ "type": "Feature", "properties": { }, "geometry": { "type": "Polygon", "coordinates": [ [ [ 77.512414001981853, 20.691437425394327 ], [ 77.515039267524784, 20.699733837831523 ], [ 77.525437131918352, 20.699733837831523 ], [ 77.522811514222383, 20.691437425394327 ], [ 77.512414001981853, 20.691437425394327 ] ] ] } },
{ "type": "Feature", "properties": { }, "geometry": { "type": "Polygon", "coordinates": [ [ [ 77.629415775853914, 20.699733837831523 ], [ 77.619017911460361, 20.699733837831523 ], [ 77.621648001787634, 20.708030423158107 ], [ 77.632046218508805, 20.708030423158107 ], [ 77.629415775853914, 20.699733837831523 ] ] ] } },
{ "type": "Feature", "properties": { }, "geometry": { "type": "Polygon", "coordinates": [ [ [ 77.806179470544379, 20.699733837831523 ], [ 77.795781606150825, 20.699733837831523 ], [ 77.798417686047372, 20.708030423158107 ], [ 77.808815902768515, 20.708030423158107 ], [ 77.806179470544379, 20.699733837831523 ] ] ] } },
{ "type": "Feature", "properties": { }, "geometry": { "type": "Polygon", "coordinates": [ [ [ 77.538725268628411, 20.774409339642911 ], [ 77.528324226995579, 20.774409339642911 ], [ 77.530962169984292, 20.782707484670052 ], [ 77.541363565518182, 20.782707484670052 ], [ 77.538725268628411, 20.774409339642911 ] ] ] } },
{ "type": "Feature", "properties": { }, "geometry": { "type": "Polygon", "coordinates": [ [ [ 78.009426364542762, 20.782707484670052 ], [ 77.999024969008886, 20.782707484670052 ], [ 78.001680150374554, 20.791005803408275 ], [ 78.012081899984537, 20.791005803408275 ], [ 78.009426364542762, 20.782707484670052 ] ] ] } },
{ "type": "Feature", "properties": { }, "geometry": { "type": "Polygon", "coordinates": [ [ [ 77.749793150623745, 20.849098905399035 ], [ 77.739388917574914, 20.849098905399035 ], [ 77.742045016835831, 20.85739861678919 ], [ 77.752449605363083, 20.85739861678919 ], [ 77.749793150623745, 20.849098905399035 ] ] ] } },
{ "type": "Feature", "properties": { }, "geometry": { "type": "Polygon", "coordinates": [ [ [ 77.674524049813456, 20.873998563008499 ], [ 77.664118749802782, 20.873998563008499 ], [ 77.666775936286214, 20.882298798002555 ], [ 77.677181592302006, 20.882298798002555 ], [ 77.674524049813456, 20.873998563008499 ] ] ] } },
{ "type": "Feature", "properties": { }, "geometry": { "type": "Polygon", "coordinates": [ [ [ 77.786564296949805, 20.898899792171868 ], [ 77.776157928396785, 20.898899792171868 ], [ 77.778822614549284, 20.907200551512116 ], [ 77.789229339634545, 20.907200551512116 ], [ 77.786564296949805, 20.898899792171868 ] ] ] } },
{ "type": "Feature", "properties": { }, "geometry": { "type": "Polygon", "coordinates": [ [ [ 77.628044348887485, 20.923802595116516 ], [ 77.630707622069409, 20.932103879545785 ], [ 77.641115417806333, 20.932103879545785 ], [ 77.638451787564634, 20.923802595116516 ], [ 77.628044348887485, 20.923802595116516 ] ] ] } },
{ "type": "Feature", "properties": { }, "geometry": { "type": "Polygon", "coordinates": [ [ [ 77.943895916462836, 21.031732981533153 ], [ 77.946585982154744, 21.040036549944102 ], [ 77.956998435698367, 21.040036549944102 ], [ 77.954308010655438, 21.031732981533153 ], [ 77.943895916462836, 21.031732981533153 ] ] ] } },
{ "type": "Feature", "properties": { }, "geometry": { "type": "Polygon", "coordinates": [ [ [ 78.14982036256805, 21.056644215659521 ], [ 78.139407189792593, 21.056644215659521 ], [ 78.142107700382084, 21.064948313129729 ], [ 78.152521233038485, 21.064948313129729 ], [ 78.14982036256805, 21.056644215659521 ] ] ] } },
{ "type": "Feature", "properties": { }, "geometry": { "type": "Polygon", "coordinates": [ [ [ 77.871355851315585, 21.064948313129729 ], [ 77.860942318659184, 21.064948313129729 ], [ 77.863634433964847, 21.073252587118795 ], [ 77.874048326678931, 21.073252587118795 ], [ 77.871355851315585, 21.064948313129729 ] ] ] } },
{ "type": "Feature", "properties": { }, "geometry": { "type": "Polygon", "coordinates": [ [ [ 77.80922886893039, 21.098166469028314 ], [ 77.798813894982302, 21.098166469028314 ], [ 77.801508774667198, 21.106471449922108 ], [ 77.811924109380456, 21.106471449922108 ], [ 77.80922886893039, 21.098166469028314 ] ] ] } },
{ "type": "Feature", "properties": { }, "geometry": { "type": "Polygon", "coordinates": [ [ [ 77.908361933034755, 21.114776607749519 ], [ 77.897946237379315, 21.114776607749519 ], [ 77.900647011767376, 21.123081942593537 ], [ 77.91106306854202, 21.123081942593537 ], [ 77.908361933034755, 21.114776607749519 ] ] ] } },
{ "type": "Feature", "properties": { }, "geometry": { "type": "Polygon", "coordinates": [ [ [ 78.112110193778861, 21.164611274969616 ], [ 78.101692328750815, 21.164611274969616 ], [ 78.104407574864595, 21.172917673657619 ], [ 78.114825802075146, 21.172917673657619 ], [ 78.112110193778861, 21.164611274969616 ] ] ] } },
{ "type": "Feature", "properties": { }, "geometry": { "type": "Polygon", "coordinates": [ [ [ 78.149263884034497, 21.21445233273451 ], [ 78.138843843249418, 21.21445233273451 ], [ 78.141567800998757, 21.222759798259666 ], [ 78.151988205031472, 21.222759798259666 ], [ 78.149263884034497, 21.21445233273451 ] ] ] } },
{ "type": "Feature", "properties": { }, "geometry": { "type": "Polygon", "coordinates": [ [ [ 77.706620858043649, 21.231067441882306 ], [ 77.696200090585577, 21.231067441882306 ], [ 77.698911078849235, 21.239375263685716 ], [ 77.7093322099104, 21.239375263685716 ], [ 77.706620858043649, 21.231067441882306 ] ] ] } },
{ "type": "Feature", "properties": { }, "geometry": { "type": "Polygon", "coordinates": [ [ [ 77.885196662055549, 21.330773087290719 ], [ 77.887929069103976, 21.339083053766089 ], [ 77.89835457728492, 21.339083053766089 ], [ 77.895621804496486, 21.330773087290719 ], [ 77.885196662055549, 21.330773087290719 ] ] ] } },
{ "type": "Feature", "properties": { }, "geometry": { "type": "Polygon", "coordinates": [ [ [ 78.081622523098375, 21.388946620111362 ], [ 78.084370507009496, 21.397257843198012 ], [ 78.094798580368774, 21.397257843198012 ], [ 78.092050229467731, 21.388946620111362 ], [ 78.081622523098375, 21.388946620111362 ] ] ] } },
{ "type": "Feature", "properties": { }, "geometry": { "type": "Polygon", "coordinates": [ [ [ 78.202429622708934, 21.438816658061501 ], [ 78.191999711717486, 21.438816658061501 ], [ 78.194759045376898, 21.44712896150633 ], [ 78.205189324431615, 21.44712896150633 ], [ 78.202429622708934, 21.438816658061501 ] ] ] } },
{ "type": "Feature", "properties": { }, "geometry": { "type": "Polygon", "coordinates": [ [ [ 78.267770998759971, 21.44712896150633 ], [ 78.25734071970524, 21.44712896150633 ], [ 78.260103605304877, 21.455441445303986 ], [ 78.270534252601976, 21.455441445303986 ], [ 78.267770998759971, 21.44712896150633 ] ] ] } },
{ "type": "Feature", "properties": { }, "geometry": { "type": "Polygon", "coordinates": [ [ [ 78.289914686634901, 21.513633888808922 ], [ 78.27948145662296, 21.513633888808922 ], [ 78.282255104611437, 21.521947818447849 ], [ 78.292688704300161, 21.521947818447849 ], [ 78.289914686634901, 21.513633888808922 ] ] ] } },
{ "type": "Feature", "properties": { }, "geometry": { "type": "Polygon", "coordinates": [ [ [ 77.725519146001758, 18.564759630938632 ], [ 77.715206481757036, 18.564759630938632 ], [ 77.717533567181547, 18.573014281130686 ], [ 77.727846540226196, 18.573014281130686 ], [ 77.725519146001758, 18.564759630938632 ] ] ] } },
{ "type": "Feature", "properties": { }, "geometry": { "type": "Polygon", "coordinates": [ [ [ 77.633975456754968, 18.787688897870709 ], [ 77.623654397520369, 18.787688897870709 ], [ 77.626010092661105, 18.795947689548829 ], [ 77.636331465115546, 18.795947689548829 ], [ 77.633975456754968, 18.787688897870709 ] ] ] } },
{ "type": "Feature", "properties": { }, "geometry": { "type": "Polygon", "coordinates": [ [ [ 77.84189777096293, 18.828984401840614 ], [ 77.831575143985916, 18.828984401840614 ], [ 77.833942986576702, 18.837243966699077 ], [ 77.844265927595345, 18.837243966699077 ], [ 77.84189777096293, 18.828984401840614 ] ] ] } },
{ "type": "Feature", "properties": { }, "geometry": { "type": "Polygon", "coordinates": [ [ [ 77.60360462175835, 18.862023590810491 ], [ 77.605970188908188, 18.870283775620333 ], [ 77.626618586569151, 18.870283775620333 ], [ 77.624252390019649, 18.862023590810491 ], [ 77.60360462175835, 18.862023590810491 ] ] ] } },
{ "type": "Feature", "properties": { }, "geometry": { "type": "Polygon", "coordinates": [ [ [ 77.505091856769823, 18.87854411561359 ], [ 77.507456749264279, 18.886804610868516 ], [ 77.517781577988416, 18.886804610868516 ], [ 77.515416370464791, 18.87854411561359 ], [ 77.505091856769823, 18.87854411561359 ] ] ] } },
{ "type": "Feature", "properties": { }, "geometry": { "type": "Polygon", "coordinates": [ [ [ 77.840227483777284, 18.895065261463383 ], [ 77.829902339859245, 18.895065261463383 ], [ 77.832279482068216, 18.903326067476481 ], [ 77.842604941344959, 18.903326067476481 ], [ 77.840227483777284, 18.895065261463383 ] ] ] } },
{ "type": "Feature", "properties": { }, "geometry": { "type": "Polygon", "coordinates": [ [ [ 77.644049749334371, 18.895065261463383 ], [ 77.633724605416319, 18.895065261463383 ], [ 77.636095755810331, 18.903326067476481 ], [ 77.646421215087074, 18.903326067476481 ], [ 77.644049749334371, 18.895065261463383 ] ] ] } },
{ "type": "Feature", "properties": { }, "geometry": { "type": "Polygon", "coordinates": [ [ [ 77.62018959367272, 18.919848146070628 ], [ 77.60986350318413, 18.919848146070628 ], [ 77.612237424698634, 18.928109418808337 ], [ 77.622563831040495, 18.928109418808337 ], [ 77.62018959367272, 18.919848146070628 ] ] ] } },
{ "type": "Feature", "properties": { }, "geometry": { "type": "Polygon", "coordinates": [ [ [ 77.684522269091588, 18.928109418808337 ], [ 77.674195862749727, 18.928109418808337 ], [ 77.676572920067841, 18.936370847277605 ], [ 77.686899642427889, 18.936370847277605 ], [ 77.684522269091588, 18.928109418808337 ] ] ] } },
{ "type": "Feature", "properties": { }, "geometry": { "type": "Polygon", "coordinates": [ [ [ 77.616248079543951, 19.085103279242684 ], [ 77.605915640603143, 19.085103279242684 ], [ 77.608312820259783, 19.093367681520611 ], [ 77.618645578360713, 19.093367681520611 ], [ 77.616248079543951, 19.085103279242684 ] ] ] } },
{ "type": "Feature", "properties": { }, "geometry": { "type": "Polygon", "coordinates": [ [ [ 78.116318527797915, 19.27522446857725 ], [ 78.105978706155298, 19.27522446857725 ], [ 78.108418494836243, 19.283492508742331 ], [ 78.118758639462854, 19.283492508742331 ], [ 78.116318527797915, 19.27522446857725 ] ] ] } },
{ "type": "Feature", "properties": { }, "geometry": { "type": "Polygon", "coordinates": [ [ [ 78.036037482450098, 19.283492508742331 ], [ 78.025697337823502, 19.283492508742331 ], [ 78.028135801061225, 19.291760708023677 ], [ 78.038476268838565, 19.291760708023677 ], [ 78.036037482450098, 19.283492508742331 ] ] ] } },
{ "type": "Feature", "properties": { }, "geometry": { "type": "Polygon", "coordinates": [ [ [ 77.707581299963564, 19.291760708023677 ], [ 77.710010999110906, 19.300029066500379 ], [ 77.720351790205825, 19.300029066500379 ], [ 77.717921767740904, 19.291760708023677 ], [ 77.707581299963564, 19.291760708023677 ] ] ] } },
{ "type": "Feature", "properties": { }, "geometry": { "type": "Polygon", "coordinates": [ [ [ 77.836535327117275, 19.308297584251523 ], [ 77.838971418219231, 19.316566261356215 ], [ 77.84931285644987, 19.316566261356215 ], [ 77.846876441696594, 19.308297584251523 ], [ 77.836535327117275, 19.308297584251523 ] ] ] } },
{ "type": "Feature", "properties": { }, "geometry": { "type": "Polygon", "coordinates": [ [ [ 77.773890360880486, 19.341373249582986 ], [ 77.763547950694061, 19.341373249582986 ], [ 77.765986475433806, 19.349642564893333 ], [ 77.776329209939576, 19.349642564893333 ], [ 77.773890360880486, 19.341373249582986 ] ] ] } },
{ "type": "Feature", "properties": { }, "geometry": { "type": "Polygon", "coordinates": [ [ [ 77.985630495536483, 19.357912039953035 ], [ 77.964944377552015, 19.357912039953035 ], [ 77.967391584088645, 19.3661816748413 ], [ 77.988078351380366, 19.3661816748413 ], [ 77.985630495536483, 19.357912039953035 ] ] ] } },
{ "type": "Feature", "properties": { }, "geometry": { "type": "Polygon", "coordinates": [ [ [ 78.035781975065134, 19.457158229968478 ], [ 78.025435009184505, 19.457158229968478 ], [ 78.027898341621096, 19.465429788984036 ], [ 78.038245634164625, 19.465429788984036 ], [ 78.035781975065134, 19.457158229968478 ] ] ] } },
{ "type": "Feature", "properties": { }, "geometry": { "type": "Polygon", "coordinates": [ [ [ 78.242261399830554, 19.490245431507478 ], [ 78.262957946908259, 19.490245431507478 ], [ 78.260483621422964, 19.481973389674089 ], [ 78.239787728677726, 19.481973389674089 ], [ 78.242261399830554, 19.490245431507478 ] ] ] } },
{ "type": "Feature", "properties": { }, "geometry": { "type": "Polygon", "coordinates": [ [ [ 77.84360434329146, 19.50678999854841 ], [ 77.833255414916536, 19.50678999854841 ], [ 77.835719787712577, 19.515062523914949 ], [ 77.846069043757424, 19.515062523914949 ], [ 77.84360434329146, 19.50678999854841 ] ] ] } },
{ "type": "Feature", "properties": { }, "geometry": { "type": "Polygon", "coordinates": [ [ [ 78.228991517416858, 19.515062523914949 ], [ 78.218642261372025, 19.515062523914949 ], [ 78.221120027595617, 19.523335210618256 ], [ 78.231469611478374, 19.523335210618256 ], [ 78.228991517416858, 19.515062523914949 ] ] ] } },
{ "type": "Feature", "properties": { }, "geometry": { "type": "Polygon", "coordinates": [ [ [ 77.694792386781828, 19.597796664232728 ], [ 77.697265403140889, 19.606070968681454 ], [ 77.707618274651907, 19.606070968681454 ], [ 77.705144928772626, 19.597796664232728 ], [ 77.694792386781828, 19.597796664232728 ] ] ] } },
{ "type": "Feature", "properties": { }, "geometry": { "type": "Polygon", "coordinates": [ [ [ 78.332449637451475, 19.755036264459903 ], [ 78.334965699565871, 19.763313664601156 ], [ 78.345324864021833, 19.763313664601156 ], [ 78.342808469178621, 19.755036264459903 ], [ 78.332449637451475, 19.755036264459903 ] ] ] } },
{ "type": "Feature", "properties": { }, "geometry": { "type": "Polygon", "coordinates": [ [ [ 78.213169073811926, 19.771591228472989 ], [ 78.20280957645781, 19.771591228472989 ], [ 78.205323869795734, 19.779868956155479 ], [ 78.215683700217355, 19.779868956155479 ], [ 78.213169073811926, 19.771591228472989 ] ] ] } },
{ "type": "Feature", "properties": { }, "geometry": { "type": "Polygon", "coordinates": [ [ [ 77.849921751118856, 19.837817643359596 ], [ 77.839559584478664, 19.837817643359596 ], [ 77.842071744490497, 19.846096684411478 ], [ 77.852434245554747, 19.846096684411478 ], [ 77.849921751118856, 19.837817643359596 ] ] ] } },
{ "type": "Feature", "properties": { }, "geometry": { "type": "Polygon", "coordinates": [ [ [ 78.225484283867502, 19.846096684411478 ], [ 78.21512178280328, 19.846096684411478 ], [ 78.217647263487024, 19.854375889995321 ], [ 78.228010099145095, 19.854375889995321 ], [ 78.225484283867502, 19.846096684411478 ] ] ] } },
{ "type": "Feature", "properties": { }, "geometry": { "type": "Polygon", "coordinates": [ [ [ 78.02327378790558, 19.862655260191364 ], [ 78.012910617483882, 19.862655260191364 ], [ 78.015431963332802, 19.870934795079865 ], [ 78.025795468687988, 19.870934795079865 ], [ 78.02327378790558, 19.862655260191364 ] ] ] } },
{ "type": "Feature", "properties": { }, "geometry": { "type": "Polygon", "coordinates": [ [ [ 78.090501471423067, 19.879214494741085 ], [ 78.087976500819124, 19.870934795079865 ], [ 78.077612995463937, 19.870934795079865 ], [ 78.080137630964472, 19.879214494741085 ], [ 78.090501471423067, 19.879214494741085 ] ] ] } },
{ "type": "Feature", "properties": { }, "geometry": { "type": "Polygon", "coordinates": [ [ [ 78.090501471423067, 19.879214494741085 ], [ 78.093027722588488, 19.887494359255296 ], [ 78.103391898320425, 19.887494359255296 ], [ 78.100865311881648, 19.879214494741085 ], [ 78.090501471423067, 19.879214494741085 ] ] ] } },
{ "type": "Feature", "properties": { }, "geometry": { "type": "Polygon", "coordinates": [ [ [ 78.574690732952661, 19.937177012751924 ], [ 78.564324542009118, 19.937177012751924 ], [ 78.566874571098353, 19.945458033486648 ], [ 78.577241098506178, 19.945458033486648 ], [ 78.574690732952661, 19.937177012751924 ] ] ] } },
{ "type": "Feature", "properties": { }, "geometry": { "type": "Polygon", "coordinates": [ [ [ 78.452842769612374, 19.945458033486648 ], [ 78.455390386512164, 19.953739219717288 ], [ 78.46575725055456, 19.953739219717288 ], [ 78.463209297020185, 19.945458033486648 ], [ 78.452842769612374, 19.945458033486648 ] ] ] } },
{ "type": "Feature", "properties": { }, "geometry": { "type": "Polygon", "coordinates": [ [ [ 78.442305224226047, 19.978583772189253 ], [ 78.444857325610855, 19.986865621208175 ], [ 78.455225537895657, 19.986865621208175 ], [ 78.452673099194556, 19.978583772189253 ], [ 78.442305224226047, 19.978583772189253 ] ] ] } },
{ "type": "Feature", "properties": { }, "geometry": { "type": "Polygon", "coordinates": [ [ [ 77.928772221277441, 20.02827735638833 ], [ 77.918402319852092, 20.02827735638833 ], [ 77.920944574540968, 20.036560202005429 ], [ 77.931314814306546, 20.036560202005429 ], [ 77.928772221277441, 20.02827735638833 ] ] ] } },
{ "type": "Feature", "properties": { }, "geometry": { "type": "Polygon", "coordinates": [ [ [ 78.040113021294687, 20.053126392465536 ], [ 78.029742104336137, 20.053126392465536 ], [ 78.032291599074739, 20.061409737469845 ], [ 78.042662854886103, 20.061409737469845 ], [ 78.040113021294687, 20.053126392465536 ] ] ] } },
{ "type": "Feature", "properties": { }, "geometry": { "type": "Polygon", "coordinates": [ [ [ 77.873991427781235, 20.086260772547849 ], [ 77.863619154385503, 20.086260772547849 ], [ 77.866168024031438, 20.094544784531244 ], [ 77.87654063696408, 20.094544784531244 ], [ 77.873991427781235, 20.086260772547849 ] ] ] } },
{ "type": "Feature", "properties": { }, "geometry": { "type": "Polygon", "coordinates": [ [ [ 78.607773386728439, 20.111113309418545 ], [ 78.597400094208496, 20.111113309418545 ], [ 78.599976622569542, 20.119397822484 ], [ 78.61035025513992, 20.119397822484 ], [ 78.607773386728439, 20.111113309418545 ] ] ] } },
{ "type": "Feature", "properties": { }, "geometry": { "type": "Polygon", "coordinates": [ [ [ 78.651844785421488, 20.119397822484 ], [ 78.641471152851096, 20.119397822484 ], [ 78.644050339841712, 20.127682502738367 ], [ 78.654424312633836, 20.127682502738367 ], [ 78.651844785421488, 20.119397822484 ] ] ] } },
{ "type": "Feature", "properties": { }, "geometry": { "type": "Polygon", "coordinates": [ [ [ 77.995609424280261, 20.144252365137124 ], [ 77.985234770530653, 20.144252365137124 ], [ 77.987796047811344, 20.152537547443195 ], [ 77.998171042296804, 20.152537547443195 ], [ 77.995609424280261, 20.144252365137124 ] ] ] } },
{ "type": "Feature", "properties": { }, "geometry": { "type": "Polygon", "coordinates": [ [ [ 78.55320899875359, 20.169108414673076 ], [ 78.542833322282007, 20.169108414673076 ], [ 78.545416553443516, 20.177394099758658 ], [ 78.555792571165455, 20.177394099758658 ], [ 78.55320899875359, 20.169108414673076 ] ] ] } },
{ "type": "Feature", "properties": { }, "geometry": { "type": "Polygon", "coordinates": [ [ [ 78.682893752471216, 20.18567995259923 ], [ 78.685484022691227, 20.193965973275731 ], [ 78.695860723428765, 20.193965973275731 ], [ 78.693270111615135, 20.18567995259923 ], [ 78.682893752471216, 20.18567995259923 ] ] ] } },
{ "type": "Feature", "properties": { }, "geometry": { "type": "Polygon", "coordinates": [ [ [ 77.974628942920006, 20.210538518460339 ], [ 77.977199514476723, 20.218825043130419 ], [ 77.987577241025448, 20.218825043130419 ], [ 77.985006327359898, 20.210538518460339 ], [ 77.974628942920006, 20.210538518460339 ] ] ] } },
{ "type": "Feature", "properties": { }, "geometry": { "type": "Polygon", "coordinates": [ [ [ 78.68292159125501, 20.285123301054391 ], [ 78.672541121645736, 20.285123301054391 ], [ 78.675145663694209, 20.293411342081654 ], [ 78.685526476960476, 20.293411342081654 ], [ 78.68292159125501, 20.285123301054391 ] ] ] } },
{ "type": "Feature", "properties": { }, "geometry": { "type": "Polygon", "coordinates": [ [ [ 78.54022623562868, 20.326565195900184 ], [ 78.529844046011419, 20.326565195900184 ], [ 78.532449951246335, 20.334854082188251 ], [ 78.542832485382334, 20.334854082188251 ], [ 78.54022623562868, 20.326565195900184 ] ] ] } },
{ "type": "Feature", "properties": { }, "geometry": { "type": "Polygon", "coordinates": [ [ [ 78.550727838647532, 20.392881031042069 ], [ 78.540342888048158, 20.392881031042069 ], [ 78.542958894729821, 20.40117127397394 ], [ 78.553344191229129, 20.40117127397394 ], [ 78.550727838647532, 20.392881031042069 ] ] ] } },
{ "type": "Feature", "properties": { }, "geometry": { "type": "Polygon", "coordinates": [ [ [ 78.498803085650636, 20.392881031042069 ], [ 78.488418135051276, 20.392881031042069 ], [ 78.49103241223321, 20.40117127397394 ], [ 78.501417708732504, 20.40117127397394 ], [ 78.498803085650636, 20.392881031042069 ] ] ] } },
{ "type": "Feature", "properties": { }, "geometry": { "type": "Polygon", "coordinates": [ [ [ 78.472876710756296, 20.409461686852428 ], [ 78.46249106818415, 20.409461686852428 ], [ 78.465106919956824, 20.417752269758946 ], [ 78.475492908774669, 20.417752269758946 ], [ 78.472876710756296, 20.409461686852428 ] ] ] } },
{ "type": "Feature", "properties": { }, "geometry": { "type": "Polygon", "coordinates": [ [ [ 78.587118779049717, 20.409461686852428 ], [ 78.576733136477586, 20.409461686852428 ], [ 78.579352796953145, 20.417752269758946 ], [ 78.58973878577099, 20.417752269758946 ], [ 78.587118779049717, 20.409461686852428 ] ] ] } },
{ "type": "Feature", "properties": { }, "geometry": { "type": "Polygon", "coordinates": [ [ [ 78.436565072700773, 20.426043022774937 ], [ 78.426178737464241, 20.426043022774937 ], [ 78.428795816589229, 20.434333945981873 ], [ 78.439182498417438, 20.434333945981873 ], [ 78.436565072700773, 20.426043022774937 ] ] ] } },
{ "type": "Feature", "properties": { }, "geometry": { "type": "Polygon", "coordinates": [ [ [ 78.646916134981524, 20.434333945981873 ], [ 78.649541802869521, 20.442625039461216 ], [ 78.659928831462466, 20.442625039461216 ], [ 78.657302816809718, 20.434333945981873 ], [ 78.646916134981524, 20.434333945981873 ] ] ] } },
{ "type": "Feature", "properties": { }, "geometry": { "type": "Polygon", "coordinates": [ [ [ 78.66255615698465, 20.450916303294484 ], [ 78.665184793735207, 20.459207737563162 ], [ 78.675572516376974, 20.459207737563162 ], [ 78.672943532515418, 20.450916303294484 ], [ 78.66255615698465, 20.450916303294484 ] ] ] } },
{ "type": "Feature", "properties": { }, "geometry": { "type": "Polygon", "coordinates": [ [ [ 78.275686141791226, 20.47579111773296 ], [ 78.265297724407858, 20.47579111773296 ], [ 78.267916739401983, 20.484083063797193 ], [ 78.278305504416039, 20.484083063797193 ], [ 78.275686141791226, 20.47579111773296 ] ] ] } },
{ "type": "Feature", "properties": { }, "geometry": { "type": "Polygon", "coordinates": [ [ [ 78.662689809936126, 20.484083063797193 ], [ 78.652301044922069, 20.484083063797193 ], [ 78.654934234572266, 20.492375180623096 ], [ 78.665323347390384, 20.492375180623096 ], [ 78.662689809936126, 20.484083063797193 ] ] ] } },
{ "type": "Feature", "properties": { }, "geometry": { "type": "Polygon", "coordinates": [ [ [ 78.582210444845572, 20.492375180623096 ], [ 78.571821332027469, 20.492375180623096 ], [ 78.574453050538125, 20.500667468292267 ], [ 78.584842511333662, 20.500667468292267 ], [ 78.582210444845572, 20.492375180623096 ] ] ] } },
{ "type": "Feature", "properties": { }, "geometry": { "type": "Polygon", "coordinates": [ [ [ 78.130324296006478, 20.508959926886345 ], [ 78.119934487060078, 20.508959926886345 ], [ 78.122553502965246, 20.517252556486959 ], [ 78.132943660235981, 20.517252556486959 ], [ 78.130324296006478, 20.508959926886345 ] ] ] } },
{ "type": "Feature", "properties": { }, "geometry": { "type": "Polygon", "coordinates": [ [ [ 78.797913725563333, 20.517252556486959 ], [ 78.787523568292585, 20.517252556486959 ], [ 78.790166192799575, 20.525545357175773 ], [ 78.800556698568201, 20.525545357175773 ], [ 78.797913725563333, 20.517252556486959 ] ] ] } },
{ "type": "Feature", "properties": { }, "geometry": { "type": "Polygon", "coordinates": [ [ [ 78.439521082550044, 20.533838329034474 ], [ 78.429130228109983, 20.533838329034474 ], [ 78.431763275812216, 20.542131472144742 ], [ 78.44215447909734, 20.542131472144742 ], [ 78.439521082550044, 20.533838329034474 ] ] ] } },
{ "type": "Feature", "properties": { }, "geometry": { "type": "Polygon", "coordinates": [ [ [ 78.811141757997646, 20.5587182724469 ], [ 78.800749856501326, 20.5587182724469 ], [ 78.80339906565618, 20.567011929802273 ], [ 78.813791316518731, 20.567011929802273 ], [ 78.811141757997646, 20.5587182724469 ] ] ] } },
{ "type": "Feature", "properties": { }, "geometry": { "type": "Polygon", "coordinates": [ [ [ 78.484056879290762, 20.60848279189344 ], [ 78.486702788883662, 20.61677747994732 ], [ 78.49709713959534, 20.61677747994732 ], [ 78.494450879592634, 20.60848279189344 ], [ 78.484056879290762, 20.60848279189344 ] ] ] } },
{ "type": "Feature", "properties": { }, "geometry": { "type": "Polygon", "coordinates": [ [ [ 78.528280191730403, 20.61677747994732 ], [ 78.530928818286711, 20.625072340070759 ], [ 78.541323519582335, 20.625072340070759 ], [ 78.538674542442095, 20.61677747994732 ], [ 78.528280191730403, 20.61677747994732 ] ] ] } },
{ "type": "Feature", "properties": { }, "geometry": { "type": "Polygon", "coordinates": [ [ [ 78.588207033754458, 20.641662576853943 ], [ 78.577811630768466, 20.641662576853943 ], [ 78.580465609903115, 20.649957953677536 ], [ 78.590861363995643, 20.649957953677536 ], [ 78.588207033754458, 20.641662576853943 ] ] ] } },
{ "type": "Feature", "properties": { }, "geometry": { "type": "Polygon", "coordinates": [ [ [ 78.848355665068539, 20.674845118859864 ], [ 78.837958856610484, 20.674845118859864 ], [ 78.840626551129589, 20.683141185764459 ], [ 78.851023711391662, 20.683141185764459 ], [ 78.848355665068539, 20.674845118859864 ] ] ] } },
{ "type": "Feature", "properties": { }, "geometry": { "type": "Polygon", "coordinates": [ [ [ 78.877159503080705, 20.699733837831523 ], [ 78.866761638687137, 20.699733837831523 ], [ 78.869434008326849, 20.708030423158107 ], [ 78.879832225048006, 20.708030423158107 ], [ 78.877159503080705, 20.699733837831523 ] ] ] } },
{ "type": "Feature", "properties": { }, "geometry": { "type": "Polygon", "coordinates": [ [ [ 78.723858974230609, 20.708030423158107 ], [ 78.713460757509452, 20.708030423158107 ], [ 78.716129164186938, 20.716327181456172 ], [ 78.726527733410322, 20.716327181456172 ], [ 78.723858974230609, 20.708030423158107 ] ] ] } },
{ "type": "Feature", "properties": { }, "geometry": { "type": "Polygon", "coordinates": [ [ [ 78.864383799787205, 20.724624112807799 ], [ 78.853984877886901, 20.724624112807799 ], [ 78.856660516639465, 20.732921217295146 ], [ 78.867059791391426, 20.732921217295146 ], [ 78.864383799787205, 20.724624112807799 ] ] ] } },
{ "type": "Feature", "properties": { }, "geometry": { "type": "Polygon", "coordinates": [ [ [ 78.867711265417157, 20.799304295939837 ], [ 78.857309161555932, 20.799304295939837 ], [ 78.859996032642542, 20.807602962347037 ], [ 78.870398490930171, 20.807602962347037 ], [ 78.867711265417157, 20.799304295939837 ] ] ] } },
{ "type": "Feature", "properties": { }, "geometry": { "type": "Polygon", "coordinates": [ [ [ 78.888515473139606, 20.799304295939837 ], [ 78.878113369278381, 20.799304295939837 ], [ 78.880800949217786, 20.807602962347037 ], [ 78.891203407505401, 20.807602962347037 ], [ 78.888515473139606, 20.799304295939837 ] ] ] } },
{ "type": "Feature", "properties": { }, "geometry": { "type": "Polygon", "coordinates": [ [ [ 78.730132580409673, 20.824200817117596 ], [ 78.732818823111629, 20.832500005645631 ], [ 78.743222345729947, 20.832500005645631 ], [ 78.7405357480758, 20.824200817117596 ], [ 78.730132580409673, 20.824200817117596 ] ] ] } },
{ "type": "Feature", "properties": { }, "geometry": { "type": "Polygon", "coordinates": [ [ [ 78.750938915741912, 20.824200817117596 ], [ 78.753625868348266, 20.832500005645631 ], [ 78.764029390966556, 20.832500005645631 ], [ 78.761342083408024, 20.824200817117596 ], [ 78.750938915741912, 20.824200817117596 ] ] ] } },
{ "type": "Feature", "properties": { }, "geometry": { "type": "Polygon", "coordinates": [ [ [ 78.438843885758402, 20.824200817117596 ], [ 78.428440718092276, 20.824200817117596 ], [ 78.431116667180632, 20.832500005645631 ], [ 78.44152018979895, 20.832500005645631 ], [ 78.438843885758402, 20.824200817117596 ] ] ] } },
{ "type": "Feature", "properties": { }, "geometry": { "type": "Polygon", "coordinates": [ [ [ 78.680801210020078, 20.832500005645631 ], [ 78.670397687401774, 20.832500005645631 ], [ 78.673083126464107, 20.840799368378647 ], [ 78.683487004209979, 20.840799368378647 ], [ 78.680801210020078, 20.832500005645631 ] ] ] } },
{ "type": "Feature", "properties": { }, "geometry": { "type": "Polygon", "coordinates": [ [ [ 78.340159038596397, 20.840799368378647 ], [ 78.329755160850539, 20.840799368378647 ], [ 78.332430201358406, 20.849098905399035 ], [ 78.342834434407223, 20.849098905399035 ], [ 78.340159038596397, 20.840799368378647 ] ] ] } },
{ "type": "Feature", "properties": { }, "geometry": { "type": "Polygon", "coordinates": [ [ [ 78.683838150850576, 20.873998563008499 ], [ 78.673432850839873, 20.873998563008499 ], [ 78.676124569818256, 20.882298798002555 ], [ 78.686530225834048, 20.882298798002555 ], [ 78.683838150850576, 20.873998563008499 ] ] ] } },
{ "type": "Feature", "properties": { }, "geometry": { "type": "Polygon", "coordinates": [ [ [ 78.738558505913019, 20.882298798002555 ], [ 78.728152849897228, 20.882298798002555 ], [ 78.730847677900371, 20.890599207696177 ], [ 78.741253690096926, 20.890599207696177 ], [ 78.738558505913019, 20.882298798002555 ] ] ] } },
{ "type": "Feature", "properties": { }, "geometry": { "type": "Polygon", "coordinates": [ [ [ 78.263595007317306, 20.990217780633202 ], [ 78.253184707232535, 20.990217780633202 ], [ 78.255879281160972, 20.998520468935187 ], [ 78.266289939714511, 20.998520468935187 ], [ 78.263595007317306, 20.990217780633202 ] ] ] } },
{ "type": "Feature", "properties": { }, "geometry": { "type": "Polygon", "coordinates": [ [ [ 78.988856931980138, 21.106471449922108 ], [ 78.999272266693424, 21.106471449922108 ], [ 78.991067189590026, 21.081557037709615 ], [ 78.980652936641448, 21.081557037709615 ], [ 78.988856931980138, 21.106471449922108 ] ] ] } },
{ "type": "Feature", "properties": { }, "geometry": { "type": "Polygon", "coordinates": [ [ [ 78.949410177795755, 21.081557037709615 ], [ 78.952142420000456, 21.089861664985143 ], [ 78.962557033360355, 21.089861664985143 ], [ 78.959824430744334, 21.081557037709615 ], [ 78.949410177795755, 21.081557037709615 ] ] ] } },
{ "type": "Feature", "properties": { }, "geometry": { "type": "Polygon", "coordinates": [ [ [ 78.944461029274322, 21.098166469028314 ], [ 78.93404605532622, 21.098166469028314 ], [ 78.936780258413791, 21.106471449922108 ], [ 78.947195593127063, 21.106471449922108 ], [ 78.944461029274322, 21.098166469028314 ] ] ] } },
{ "type": "Feature", "properties": { }, "geometry": { "type": "Polygon", "coordinates": [ [ [ 79.00200997685468, 21.114776607749519 ], [ 78.991594281199241, 21.114776607749519 ], [ 78.994332973103354, 21.123081942593537 ], [ 79.004749029877971, 21.123081942593537 ], [ 79.00200997685468, 21.114776607749519 ] ] ] } },
{ "type": "Feature", "properties": { }, "geometry": { "type": "Polygon", "coordinates": [ [ [ 78.611665539447827, 21.131387454537212 ], [ 78.601249121376895, 21.131387454537212 ], [ 78.603976763799125, 21.139693143663578 ], [ 78.614393543343482, 21.139693143663578 ], [ 78.611665539447827, 21.131387454537212 ] ] ] } },
{ "type": "Feature", "properties": { }, "geometry": { "type": "Polygon", "coordinates": [ [ [ 78.887968555577118, 21.147999010055706 ], [ 78.877551414382125, 21.147999010055706 ], [ 78.880291138889362, 21.156305053796686 ], [ 78.890708641912241, 21.156305053796686 ], [ 78.887968555577118, 21.147999010055706 ] ] ] } },
{ "type": "Feature", "properties": { }, "geometry": { "type": "Polygon", "coordinates": [ [ [ 78.915429883179172, 21.231067441882306 ], [ 78.9050091157211, 21.231067441882306 ], [ 78.907762281942965, 21.239375263685716 ], [ 78.91818341300413, 21.239375263685716 ], [ 78.915429883179172, 21.231067441882306 ] ] ] } },
{ "type": "Feature", "properties": { }, "geometry": { "type": "Polygon", "coordinates": [ [ [ 78.728429846891757, 21.264299799013603 ], [ 78.71800762395435, 21.264299799013603 ], [ 78.720759255580106, 21.272608334373245 ], [ 78.731181842832086, 21.272608334373245 ], [ 78.728429846891757, 21.264299799013603 ] ] ] } },
{ "type": "Feature", "properties": { }, "geometry": { "type": "Polygon", "coordinates": [ [ [ 78.588013858947718, 21.280917048330334 ], [ 78.590763439080689, 21.289225940968262 ], [ 78.601186755495917, 21.289225940968262 ], [ 78.598436810692291, 21.280917048330334 ], [ 78.588013858947718, 21.280917048330334 ] ] ] } },
{ "type": "Feature", "properties": { }, "geometry": { "type": "Polygon", "coordinates": [ [ [ 79.038966044934924, 21.289225940968262 ], [ 79.041732656435585, 21.297535012370442 ], [ 79.052156337699529, 21.297535012370442 ], [ 79.049389361350151, 21.289225940968262 ], [ 79.038966044934924, 21.289225940968262 ] ] ] } },
{ "type": "Feature", "properties": { }, "geometry": { "type": "Polygon", "coordinates": [ [ [ 78.291227605430919, 21.297535012370442 ], [ 78.28080392416696, 21.297535012370442 ], [ 78.283545239619613, 21.305844262620319 ], [ 78.293969285910464, 21.305844262620319 ], [ 78.291227605430919, 21.297535012370442 ] ] ] } },
{ "type": "Feature", "properties": { }, "geometry": { "type": "Polygon", "coordinates": [ [ [ 78.825595646743579, 21.305844262620319 ], [ 78.815171600452715, 21.305844262620319 ], [ 78.817932879656581, 21.314153691801348 ], [ 78.828357291152514, 21.314153691801348 ], [ 78.825595646743579, 21.305844262620319 ] ] ] } },
{ "type": "Feature", "properties": { }, "geometry": { "type": "Polygon", "coordinates": [ [ [ 78.27586348186766, 21.314153691801348 ], [ 78.265439070371727, 21.314153691801348 ], [ 78.268182332021993, 21.322463299996983 ], [ 78.278607108901284, 21.322463299996983 ], [ 78.27586348186766, 21.314153691801348 ] ] ] } },
{ "type": "Feature", "properties": { }, "geometry": { "type": "Polygon", "coordinates": [ [ [ 78.455828315849217, 21.322463299996983 ], [ 78.445403538969927, 21.322463299996983 ], [ 78.44815435386657, 21.330773087290719 ], [ 78.458579496307522, 21.330773087290719 ], [ 78.455828315849217, 21.322463299996983 ] ] ] } },
{ "type": "Feature", "properties": { }, "geometry": { "type": "Polygon", "coordinates": [ [ [ 79.055585985371039, 21.339083053766089 ], [ 79.04516047719008, 21.339083053766089 ], [ 79.047934834044455, 21.347393199506602 ], [ 79.058360708143823, 21.347393199506602 ], [ 79.055585985371039, 21.339083053766089 ] ] ] } },
{ "type": "Feature", "properties": { }, "geometry": { "type": "Polygon", "coordinates": [ [ [ 78.4717575272375, 21.339083053766089 ], [ 78.461332019056556, 21.339083053766089 ], [ 78.464085884479502, 21.347393199506602 ], [ 78.474511758578885, 21.347393199506602 ], [ 78.4717575272375, 21.339083053766089 ] ] ] } },
{ "type": "Feature", "properties": { }, "geometry": { "type": "Polygon", "coordinates": [ [ [ 78.97772686257612, 21.355703524595818 ], [ 78.974953715348832, 21.347393199506602 ], [ 78.964527841249463, 21.347393199506602 ], [ 78.967300622379881, 21.355703524595818 ], [ 78.97772686257612, 21.355703524595818 ] ] ] } },
{ "type": "Feature", "properties": { }, "geometry": { "type": "Polygon", "coordinates": [ [ [ 79.061136784146115, 21.355703524595818 ], [ 79.063914213764576, 21.3640140291173 ], [ 79.074340820236216, 21.3640140291173 ], [ 79.071563024342382, 21.355703524595818 ], [ 79.061136784146115, 21.355703524595818 ] ] ] } },
{ "type": "Feature", "properties": { }, "geometry": { "type": "Polygon", "coordinates": [ [ [ 78.9805013619915, 21.3640140291173 ], [ 78.99092796846314, 21.3640140291173 ], [ 78.988153102772387, 21.355703524595818 ], [ 78.97772686257612, 21.355703524595818 ], [ 78.9805013619915, 21.3640140291173 ] ] ] } },
{ "type": "Feature", "properties": { }, "geometry": { "type": "Polygon", "coordinates": [ [ [ 78.920715376427978, 21.372324713154637 ], [ 78.910288403502392, 21.372324713154637 ], [ 78.913063042025769, 21.380635576791448 ], [ 78.923490381583903, 21.380635576791448 ], [ 78.920715376427978, 21.372324713154637 ] ] ] } },
{ "type": "Feature", "properties": { }, "geometry": { "type": "Polygon", "coordinates": [ [ [ 78.399973045330711, 21.405569246135077 ], [ 78.389544604802737, 21.405569246135077 ], [ 78.392305919316243, 21.413880829006239 ], [ 78.402734727191728, 21.413880829006239 ], [ 78.399973045330711, 21.405569246135077 ] ] ] } },
{ "type": "Feature", "properties": { }, "geometry": { "type": "Polygon", "coordinates": [ [ [ 78.883157462988819, 21.44712896150633 ], [ 78.872727183934103, 21.44712896150633 ], [ 78.875511795832935, 21.455441445303986 ], [ 78.885942443130034, 21.455441445303986 ], [ 78.883157462988819, 21.44712896150633 ] ] ] } },
{ "type": "Feature", "properties": { }, "geometry": { "type": "Polygon", "coordinates": [ [ [ 78.878297762246234, 21.463754109538286 ], [ 78.867866746527653, 21.463754109538286 ], [ 78.870653699243661, 21.472066954293037 ], [ 78.88108508356288, 21.472066954293037 ], [ 78.878297762246234, 21.463754109538286 ] ] ] } },
{ "type": "Feature", "properties": { }, "geometry": { "type": "Polygon", "coordinates": [ [ [ 78.870653699243661, 21.472066954293037 ], [ 78.860222314924428, 21.472066954293037 ], [ 78.863010253973897, 21.480379979652085 ], [ 78.87344200707301, 21.480379979652085 ], [ 78.870653699243661, 21.472066954293037 ] ] ] } },
{ "type": "Feature", "properties": { }, "geometry": { "type": "Polygon", "coordinates": [ [ [ 78.56604795372661, 21.49700657251859 ], [ 78.555615462529843, 21.49700657251859 ], [ 78.558396389182619, 21.50532014019382 ], [ 78.568829249697259, 21.50532014019382 ], [ 78.56604795372661, 21.49700657251859 ] ] ] } },
{ "type": "Feature", "properties": { }, "geometry": { "type": "Polygon", "coordinates": [ [ [ 78.355290302432579, 21.521947818447849 ], [ 78.365723902121317, 21.521947818447849 ], [ 78.360172039404475, 21.50532014019382 ], [ 78.349739178889834, 21.50532014019382 ], [ 78.355290302432579, 21.521947818447849 ] ] ] } },
{ "type": "Feature", "properties": { }, "geometry": { "type": "Polygon", "coordinates": [ [ [ 78.373380526730458, 21.513633888808922 ], [ 78.376157501810042, 21.521947818447849 ], [ 78.38659110149878, 21.521947818447849 ], [ 78.383813756742398, 21.513633888808922 ], [ 78.373380526730458, 21.513633888808922 ] ] ] } },
{ "type": "Feature", "properties": { }, "geometry": { "type": "Polygon", "coordinates": [ [ [ 79.415842073972115, 19.606070968681454 ], [ 79.405489202461098, 19.606070968681454 ], [ 79.408017881833217, 19.614345435342894 ], [ 79.418371083032937, 19.614345435342894 ], [ 79.415842073972115, 19.606070968681454 ] ] ] } },
{ "type": "Feature", "properties": { }, "geometry": { "type": "Polygon", "coordinates": [ [ [ 79.166432861968801, 19.738481955048986 ], [ 79.156074695191535, 19.738481955048986 ], [ 79.158614788786139, 19.746759027969187 ], [ 79.168973287953733, 19.746759027969187 ], [ 79.166432861968801, 19.738481955048986 ] ] ] } },
{ "type": "Feature", "properties": { }, "geometry": { "type": "Polygon", "coordinates": [ [ [ 78.852923922364141, 19.763313664601156 ], [ 78.842564757908178, 19.763313664601156 ], [ 78.845098412412781, 19.771591228472989 ], [ 78.855457909766869, 19.771591228472989 ], [ 78.852923922364141, 19.763313664601156 ] ] ] } },
{ "type": "Feature", "properties": { }, "geometry": { "type": "Polygon", "coordinates": [ [ [ 78.974491552723251, 19.788146847728683 ], [ 78.96413138906469, 19.788146847728683 ], [ 78.966672579121578, 19.796424903272705 ], [ 78.977033076186501, 19.796424903272705 ], [ 78.974491552723251, 19.788146847728683 ] ] ] } },
{ "type": "Feature", "properties": { }, "geometry": { "type": "Polygon", "coordinates": [ [ [ 79.492499735650497, 19.788146847728683 ], [ 79.482139571991951, 19.788146847728683 ], [ 79.484697432367625, 19.796424903272705 ], [ 79.495057929432548, 19.796424903272705 ], [ 79.492499735650497, 19.788146847728683 ] ] ] } },
{ "type": "Feature", "properties": { }, "geometry": { "type": "Polygon", "coordinates": [ [ [ 78.86560675467949, 19.804703122867654 ], [ 78.855245924038712, 19.804703122867654 ], [ 78.857786027056747, 19.812981506593665 ], [ 78.868147191442958, 19.812981506593665 ], [ 78.86560675467949, 19.804703122867654 ] ] ] } },
{ "type": "Feature", "properties": { }, "geometry": { "type": "Polygon", "coordinates": [ [ [ 79.210065616188118, 19.812981506593665 ], [ 79.199704451801892, 19.812981506593665 ], [ 79.202256864744584, 19.821260054530875 ], [ 79.21261836304582, 19.821260054530875 ], [ 79.210065616188118, 19.812981506593665 ] ] ] } },
{ "type": "Feature", "properties": { }, "geometry": { "type": "Polygon", "coordinates": [ [ [ 79.065009314781079, 19.812981506593665 ], [ 79.067557386828639, 19.821260054530875 ], [ 79.077918885129876, 19.821260054530875 ], [ 79.07537047916729, 19.812981506593665 ], [ 79.065009314781079, 19.812981506593665 ] ] ] } },
{ "type": "Feature", "properties": { }, "geometry": { "type": "Polygon", "coordinates": [ [ [ 79.368040837564195, 19.821260054530875 ], [ 79.370599892531175, 19.829538766759459 ], [ 79.380961724917057, 19.829538766759459 ], [ 79.378402335865431, 19.821260054530875 ], [ 79.368040837564195, 19.821260054530875 ] ] ] } },
{ "type": "Feature", "properties": { }, "geometry": { "type": "Polygon", "coordinates": [ [ [ 78.624547960748501, 19.829538766759459 ], [ 78.614186128362633, 19.829538766759459 ], [ 78.616722082493283, 19.837817643359596 ], [ 78.627084249133489, 19.837817643359596 ], [ 78.624547960748501, 19.829538766759459 ] ] ] } },
{ "type": "Feature", "properties": { }, "geometry": { "type": "Polygon", "coordinates": [ [ [ 79.357559185873868, 19.854375889995321 ], [ 79.34719635021581, 19.854375889995321 ], [ 79.349759601882639, 19.862655260191364 ], [ 79.360122772304337, 19.862655260191364 ], [ 79.357559185873868, 19.854375889995321 ] ] ] } },
{ "type": "Feature", "properties": { }, "geometry": { "type": "Polygon", "coordinates": [ [ [ 78.893622615153504, 19.895774388702829 ], [ 78.903987126328801, 19.895774388702829 ], [ 78.898881027192999, 19.879214494741085 ], [ 78.888517186734418, 19.879214494741085 ], [ 78.893622615153504, 19.895774388702829 ] ] ] } },
{ "type": "Feature", "properties": { }, "geometry": { "type": "Polygon", "coordinates": [ [ [ 79.305473237989318, 19.953739219717288 ], [ 79.295106373946908, 19.953739219717288 ], [ 79.2976825613095, 19.962020571524292 ], [ 79.308049762156855, 19.962020571524292 ], [ 79.305473237989318, 19.953739219717288 ] ] ] } },
{ "type": "Feature", "properties": { }, "geometry": { "type": "Polygon", "coordinates": [ [ [ 78.934830531652182, 19.962020571524292 ], [ 78.924463330804841, 19.962020571524292 ], [ 78.927028690464326, 19.970302088988124 ], [ 78.937396228287042, 19.970302088988124 ], [ 78.934830531652182, 19.962020571524292 ] ] ] } },
{ "type": "Feature", "properties": { }, "geometry": { "type": "Polygon", "coordinates": [ [ [ 78.989233917400554, 19.970302088988124 ], [ 78.978866379577852, 19.970302088988124 ], [ 78.981434722588403, 19.978583772189253 ], [ 78.991802597556912, 19.978583772189253 ], [ 78.989233917400554, 19.970302088988124 ] ] ] } },
{ "type": "Feature", "properties": { }, "geometry": { "type": "Polygon", "coordinates": [ [ [ 79.435009705391991, 20.003429817021484 ], [ 79.437597772383498, 20.011712163976949 ], [ 79.447966997640648, 20.011712163976949 ], [ 79.445378592821072, 20.003429817021484 ], [ 79.435009705391991, 20.003429817021484 ] ] ] } },
{ "type": "Feature", "properties": { }, "geometry": { "type": "Polygon", "coordinates": [ [ [ 79.704600778547913, 20.003429817021484 ], [ 79.707197629069015, 20.011712163976949 ], [ 79.717566854326151, 20.011712163976949 ], [ 79.714969665976994, 20.003429817021484 ], [ 79.704600778547913, 20.003429817021484 ] ] ] } },
{ "type": "Feature", "properties": { }, "geometry": { "type": "Polygon", "coordinates": [ [ [ 78.947598311332712, 20.036560202005429 ], [ 78.937228071567148, 20.036560202005429 ], [ 78.939804783834816, 20.044843214004288 ], [ 78.950175362111437, 20.044843214004288 ], [ 78.947598311332712, 20.036560202005429 ] ] ] } },
{ "type": "Feature", "properties": { }, "geometry": { "type": "Polygon", "coordinates": [ [ [ 79.033074799242414, 20.144252365137124 ], [ 79.022700145492806, 20.144252365137124 ], [ 79.025295496358112, 20.152537547443195 ], [ 79.035670490843557, 20.152537547443195 ], [ 79.033074799242414, 20.144252365137124 ] ] ] } },
{ "type": "Feature", "properties": { }, "geometry": { "type": "Polygon", "coordinates": [ [ [ 79.178475676566833, 20.243685626423908 ], [ 79.168096922660439, 20.243685626423908 ], [ 79.170711739633646, 20.251972824219646 ], [ 79.181090836336509, 20.251972824219646 ], [ 79.178475676566833, 20.243685626423908 ] ] ] } },
{ "type": "Feature", "properties": { }, "geometry": { "type": "Polygon", "coordinates": [ [ [ 78.799715422889392, 20.293411342081654 ], [ 78.789334609623126, 20.293411342081654 ], [ 78.791944239276603, 20.301699551998674 ], [ 78.802325396372112, 20.301699551998674 ], [ 78.799715422889392, 20.293411342081654 ] ] ] } },
{ "type": "Feature", "properties": { }, "geometry": { "type": "Polygon", "coordinates": [ [ [ 79.160659097547821, 20.351432362733291 ], [ 79.15027587385687, 20.351432362733291 ], [ 79.152906051320244, 20.359721757152844 ], [ 79.163289620047522, 20.359721757152844 ], [ 79.160659097547821, 20.351432362733291 ] ] ] } },
{ "type": "Feature", "properties": { }, "geometry": { "type": "Polygon", "coordinates": [ [ [ 78.828616528581477, 20.417752269758946 ], [ 78.818230539763633, 20.417752269758946 ], [ 78.820859476452128, 20.426043022774937 ], [ 78.831245811688646, 20.426043022774937 ], [ 78.828616528581477, 20.417752269758946 ] ] ] } },
{ "type": "Feature", "properties": { }, "geometry": { "type": "Polygon", "coordinates": [ [ [ 78.852018482161711, 20.426043022774937 ], [ 78.841632146925178, 20.426043022774937 ], [ 78.844263089717415, 20.434333945981873 ], [ 78.85464977154561, 20.434333945981873 ], [ 78.852018482161711, 20.426043022774937 ] ] ] } },
{ "type": "Feature", "properties": { }, "geometry": { "type": "Polygon", "coordinates": [ [ [ 78.948129907999444, 20.434333945981873 ], [ 78.95076563206473, 20.442625039461216 ], [ 78.961152660657675, 20.442625039461216 ], [ 78.958516589827653, 20.434333945981873 ], [ 78.948129907999444, 20.434333945981873 ] ] ] } },
{ "type": "Feature", "properties": { }, "geometry": { "type": "Polygon", "coordinates": [ [ [ 78.906583180686638, 20.434333945981873 ], [ 78.90921751769298, 20.442625039461216 ], [ 78.919604546285925, 20.442625039461216 ], [ 78.916969862514847, 20.434333945981873 ], [ 78.906583180686638, 20.434333945981873 ] ] ] } },
{ "type": "Feature", "properties": { }, "geometry": { "type": "Polygon", "coordinates": [ [ [ 78.891078418661635, 20.450916303294484 ], [ 78.880691043130867, 20.450916303294484 ], [ 78.88332696921205, 20.459207737563162 ], [ 78.893714691853788, 20.459207737563162 ], [ 78.891078418661635, 20.450916303294484 ] ] ] } },
{ "type": "Feature", "properties": { }, "geometry": { "type": "Polygon", "coordinates": [ [ [ 78.966428750346068, 20.459207737563162 ], [ 78.956041027704316, 20.459207737563162 ], [ 78.958680699999377, 20.467499342348805 ], [ 78.969068769925315, 20.467499342348805 ], [ 78.966428750346068, 20.459207737563162 ] ] ] } },
{ "type": "Feature", "properties": { }, "geometry": { "type": "Polygon", "coordinates": [ [ [ 79.376858384426143, 20.47579111773296 ], [ 79.366469967042789, 20.47579111773296 ], [ 79.369125830892003, 20.484083063797193 ], [ 79.379514595906045, 20.484083063797193 ], [ 79.376858384426143, 20.47579111773296 ] ] ] } },
{ "type": "Feature", "properties": { }, "geometry": { "type": "Polygon", "coordinates": [ [ [ 78.945829393479144, 20.492375180623096 ], [ 78.935440280661055, 20.492375180623096 ], [ 78.938084178381786, 20.500667468292267 ], [ 78.948473639177323, 20.500667468292267 ], [ 78.945829393479144, 20.492375180623096 ] ] ] } },
{ "type": "Feature", "properties": { }, "geometry": { "type": "Polygon", "coordinates": [ [ [ 79.36697157147367, 20.542131472144742 ], [ 79.356580368188546, 20.542131472144742 ], [ 79.359245789409542, 20.550424786588302 ], [ 79.369637341713414, 20.550424786588302 ], [ 79.36697157147367, 20.542131472144742 ] ] ] } },
{ "type": "Feature", "properties": { }, "geometry": { "type": "Polygon", "coordinates": [ [ [ 78.97475835416644, 20.550424786588302 ], [ 78.964366801862568, 20.550424786588302 ], [ 78.967020280442568, 20.5587182724469 ], [ 78.977412181938902, 20.5587182724469 ], [ 78.97475835416644, 20.550424786588302 ] ] ] } },
{ "type": "Feature", "properties": { }, "geometry": { "type": "Polygon", "coordinates": [ [ [ 78.967254102739872, 20.591893931666856 ], [ 78.956860802735548, 20.591893931666856 ], [ 78.959520187002497, 20.600188275827232 ], [ 78.969913837068574, 20.600188275827232 ], [ 78.967254102739872, 20.591893931666856 ] ] ] } },
{ "type": "Feature", "properties": { }, "geometry": { "type": "Polygon", "coordinates": [ [ [ 79.019479779180912, 20.625072340070759 ], [ 79.022146207054391, 20.633367372345656 ], [ 79.032541259108086, 20.633367372345656 ], [ 79.029874480476522, 20.625072340070759 ], [ 79.019479779180912, 20.625072340070759 ] ] ] } },
{ "type": "Feature", "properties": { }, "geometry": { "type": "Polygon", "coordinates": [ [ [ 78.998690376589664, 20.625072340070759 ], [ 79.001356102946986, 20.633367372345656 ], [ 79.011751155000681, 20.633367372345656 ], [ 79.009085077885274, 20.625072340070759 ], [ 78.998690376589664, 20.625072340070759 ] ] ] } },
{ "type": "Feature", "properties": { }, "geometry": { "type": "Polygon", "coordinates": [ [ [ 78.957111571407168, 20.625072340070759 ], [ 78.946716870111544, 20.625072340070759 ], [ 78.949380842678451, 20.633367372345656 ], [ 78.959775894732161, 20.633367372345656 ], [ 78.957111571407168, 20.625072340070759 ] ] ] } },
{ "type": "Feature", "properties": { }, "geometry": { "type": "Polygon", "coordinates": [ [ [ 79.843355319297032, 20.633367372345656 ], [ 79.832960267243323, 20.633367372345656 ], [ 79.835655392072752, 20.641662576853943 ], [ 79.846050795058744, 20.641662576853943 ], [ 79.843355319297032, 20.633367372345656 ] ] ] } },
{ "type": "Feature", "properties": { }, "geometry": { "type": "Polygon", "coordinates": [ [ [ 79.082133964433339, 20.6582535028984 ], [ 79.071737859060008, 20.6582535028984 ], [ 79.074410991902582, 20.666549224598512 ], [ 79.08480744873107, 20.666549224598512 ], [ 79.082133964433339, 20.6582535028984 ] ] ] } },
{ "type": "Feature", "properties": { }, "geometry": { "type": "Polygon", "coordinates": [ [ [ 79.934614605046932, 20.6582535028984 ], [ 79.9242184996736, 20.6582535028984 ], [ 79.92692045183972, 20.666549224598512 ], [ 79.937316908668208, 20.666549224598512 ], [ 79.934614605046932, 20.6582535028984 ] ] ] } },
{ "type": "Feature", "properties": { }, "geometry": { "type": "Polygon", "coordinates": [ [ [ 79.025101408855534, 20.674845118859864 ], [ 79.014704600397479, 20.674845118859864 ], [ 79.01737827558452, 20.683141185764459 ], [ 79.027775435846578, 20.683141185764459 ], [ 79.025101408855534, 20.674845118859864 ] ] ] } },
{ "type": "Feature", "properties": { }, "geometry": { "type": "Polygon", "coordinates": [ [ [ 79.454427579048058, 20.716327181456172 ], [ 79.444029009824661, 20.716327181456172 ], [ 79.44672342620477, 20.724624112807799 ], [ 79.457122348105088, 20.724624112807799 ], [ 79.454427579048058, 20.716327181456172 ] ] ] } },
{ "type": "Feature", "properties": { }, "geometry": { "type": "Polygon", "coordinates": [ [ [ 79.529914801407273, 20.724624112807799 ], [ 79.519515879506969, 20.724624112807799 ], [ 79.522214100764927, 20.732921217295146 ], [ 79.532613375516874, 20.732921217295146 ], [ 79.529914801407273, 20.724624112807799 ] ] ] } },
{ "type": "Feature", "properties": { }, "geometry": { "type": "Polygon", "coordinates": [ [ [ 79.373930972902571, 20.724624112807799 ], [ 79.376624254237484, 20.732921217295146 ], [ 79.387023528989445, 20.732921217295146 ], [ 79.384329894802889, 20.724624112807799 ], [ 79.373930972902571, 20.724624112807799 ] ] ] } },
{ "type": "Feature", "properties": { }, "geometry": { "type": "Polygon", "coordinates": [ [ [ 78.981451813662986, 20.732921217295146 ], [ 78.984133014057051, 20.741218495000325 ], [ 78.994532641835448, 20.741218495000325 ], [ 78.991851088414947, 20.732921217295146 ], [ 78.981451813662986, 20.732921217295146 ] ] ] } },
{ "type": "Feature", "properties": { }, "geometry": { "type": "Polygon", "coordinates": [ [ [ 79.08041537105818, 20.749515946005506 ], [ 79.070015390078538, 20.749515946005506 ], [ 79.072702073431003, 20.757813570392855 ], [ 79.083102407786768, 20.757813570392855 ], [ 79.08041537105818, 20.749515946005506 ] ] ] } },
{ "type": "Feature", "properties": { }, "geometry": { "type": "Polygon", "coordinates": [ [ [ 79.318123546707795, 20.840799368378647 ], [ 79.307719668961937, 20.840799368378647 ], [ 79.310428107948709, 20.849098905399035 ], [ 79.320832340997512, 20.849098905399035 ], [ 79.318123546707795, 20.840799368378647 ] ] ] } },
{ "type": "Feature", "properties": { }, "geometry": { "type": "Polygon", "coordinates": [ [ [ 79.630720451823535, 20.873998563008499 ], [ 79.620315151812846, 20.873998563008499 ], [ 79.623039267255521, 20.882298798002555 ], [ 79.633444923271327, 20.882298798002555 ], [ 79.630720451823535, 20.873998563008499 ] ] ] } },
{ "type": "Feature", "properties": { }, "geometry": { "type": "Polygon", "coordinates": [ [ [ 78.983296680546786, 20.898899792171868 ], [ 78.972890311993766, 20.898899792171868 ], [ 78.975595999351484, 20.907200551512116 ], [ 78.98600272443673, 20.907200551512116 ], [ 78.983296680546786, 20.898899792171868 ] ] ] } },
{ "type": "Feature", "properties": { }, "geometry": { "type": "Polygon", "coordinates": [ [ [ 79.285081368584301, 20.898899792171868 ], [ 79.27467500003128, 20.898899792171868 ], [ 79.280108392871995, 20.915501485799489 ], [ 79.290515474665256, 20.915501485799489 ], [ 79.285081368584301, 20.898899792171868 ] ] ] } },
{ "type": "Feature", "properties": { }, "geometry": { "type": "Polygon", "coordinates": [ [ [ 78.996409449521963, 20.907200551512116 ], [ 78.98600272443673, 20.907200551512116 ], [ 78.988710102660733, 20.915501485799489 ], [ 78.999117184453993, 20.915501485799489 ], [ 78.996409449521963, 20.907200551512116 ] ] ] } },
{ "type": "Feature", "properties": { }, "geometry": { "type": "Polygon", "coordinates": [ [ [ 79.059747061368967, 20.973612931266963 ], [ 79.049337477692902, 20.973612931266963 ], [ 79.052056976521669, 20.981915268104693 ], [ 79.062466918313945, 20.981915268104693 ], [ 79.059747061368967, 20.973612931266963 ] ] ] } },
{ "type": "Feature", "properties": { }, "geometry": { "type": "Polygon", "coordinates": [ [ [ 79.018108726664693, 20.973612931266963 ], [ 79.020827151144758, 20.981915268104693 ], [ 79.031237092937062, 20.981915268104693 ], [ 79.028518310340772, 20.973612931266963 ], [ 79.018108726664693, 20.973612931266963 ] ] ] } },
{ "type": "Feature", "properties": { }, "geometry": { "type": "Polygon", "coordinates": [ [ [ 78.990068727552938, 21.015126373190622 ], [ 78.979657351532737, 21.015126373190622 ], [ 78.985105335723873, 21.031732981533153 ], [ 78.99551742991649, 21.031732981533153 ], [ 78.990068727552938, 21.015126373190622 ] ] ] } },
{ "type": "Feature", "properties": { }, "geometry": { "type": "Polygon", "coordinates": [ [ [ 79.500226152542069, 21.015126373190622 ], [ 79.489814776521882, 21.015126373190622 ], [ 79.49255569007768, 21.023429589309604 ], [ 79.502967425095818, 21.023429589309604 ], [ 79.500226152542069, 21.015126373190622 ] ] ] } },
{ "type": "Feature", "properties": { }, "geometry": { "type": "Polygon", "coordinates": [ [ [ 79.024027614260902, 21.023429589309604 ], [ 79.013615879242735, 21.023429589309604 ], [ 79.016341618301709, 21.031732981533153 ], [ 79.026753712494312, 21.031732981533153 ], [ 79.024027614260902, 21.023429589309604 ] ] ] } },
{ "type": "Feature", "properties": { }, "geometry": { "type": "Polygon", "coordinates": [ [ [ 79.381318086494034, 21.064948313129729 ], [ 79.370904553837619, 21.064948313129729 ], [ 79.373648877507634, 21.073252587118795 ], [ 79.384062770221718, 21.073252587118795 ], [ 79.381318086494034, 21.064948313129729 ] ] ] } },
{ "type": "Feature", "properties": { }, "geometry": { "type": "Polygon", "coordinates": [ [ [ 79.241009260355639, 21.081557037709615 ], [ 79.230595007407075, 21.081557037709615 ], [ 79.23333698071751, 21.089861664985143 ], [ 79.243751594077423, 21.089861664985143 ], [ 79.241009260355639, 21.081557037709615 ] ] ] } },
{ "type": "Feature", "properties": { }, "geometry": { "type": "Polygon", "coordinates": [ [ [ 79.066703166959257, 21.089861664985143 ], [ 79.056288553599373, 21.089861664985143 ], [ 79.059025742703525, 21.098166469028314 ], [ 79.069440716651641, 21.098166469028314 ], [ 79.066703166959257, 21.089861664985143 ] ] ] } },
{ "type": "Feature", "properties": { }, "geometry": { "type": "Polygon", "coordinates": [ [ [ 79.152760508236526, 21.098166469028314 ], [ 79.14234553428841, 21.098166469028314 ], [ 79.145086952679222, 21.106471449922108 ], [ 79.155502287392508, 21.106471449922108 ], [ 79.152760508236526, 21.098166469028314 ] ] ] } },
{ "type": "Feature", "properties": { }, "geometry": { "type": "Polygon", "coordinates": [ [ [ 79.030518270833227, 21.106471449922108 ], [ 79.033257063820969, 21.114776607749519 ], [ 79.043672759476379, 21.114776607749519 ], [ 79.040933605546499, 21.106471449922108 ], [ 79.030518270833227, 21.106471449922108 ] ] ] } },
{ "type": "Feature", "properties": { }, "geometry": { "type": "Polygon", "coordinates": [ [ [ 79.397806411760939, 21.114776607749519 ], [ 79.40055918731386, 21.123081942593537 ], [ 79.410975244088476, 21.123081942593537 ], [ 79.40822210741635, 21.114776607749519 ], [ 79.397806411760939, 21.114776607749519 ] ] ] } },
{ "type": "Feature", "properties": { }, "geometry": { "type": "Polygon", "coordinates": [ [ [ 79.07766142730037, 21.123081942593537 ], [ 79.067245370525754, 21.123081942593537 ], [ 79.069987934568417, 21.131387454537212 ], [ 79.080404352639349, 21.131387454537212 ], [ 79.07766142730037, 21.123081942593537 ] ] ] } },
{ "type": "Feature", "properties": { }, "geometry": { "type": "Polygon", "coordinates": [ [ [ 79.442223414412368, 21.123081942593537 ], [ 79.431807357637737, 21.123081942593537 ], [ 79.434562567050719, 21.131387454537212 ], [ 79.444978985121651, 21.131387454537212 ], [ 79.442223414412368, 21.123081942593537 ] ] ] } },
{ "type": "Feature", "properties": { }, "geometry": { "type": "Polygon", "coordinates": [ [ [ 79.163735697206732, 21.131387454537212 ], [ 79.1533192791358, 21.131387454537212 ], [ 79.156066079650287, 21.139693143663578 ], [ 79.166482859194659, 21.139693143663578 ], [ 79.163735697206732, 21.131387454537212 ] ] ] } },
{ "type": "Feature", "properties": { }, "geometry": { "type": "Polygon", "coordinates": [ [ [ 79.218566756916459, 21.139693143663578 ], [ 79.221317073816962, 21.147999010055706 ], [ 79.242151356206932, 21.147999010055706 ], [ 79.239400316005174, 21.139693143663578 ], [ 79.218566756916459, 21.139693143663578 ] ] ] } },
{ "type": "Feature", "properties": { }, "geometry": { "type": "Polygon", "coordinates": [ [ [ 79.190065650231958, 21.147999010055706 ], [ 79.158814226646982, 21.147999010055706 ], [ 79.161563720506919, 21.156305053796686 ], [ 79.192816229575541, 21.156305053796686 ], [ 79.190065650231958, 21.147999010055706 ] ] ] } },
{ "type": "Feature", "properties": { }, "geometry": { "type": "Polygon", "coordinates": [ [ [ 79.48174560369182, 21.147999010055706 ], [ 79.484506314215963, 21.156305053796686 ], [ 79.494923817238842, 21.156305053796686 ], [ 79.492162744886812, 21.147999010055706 ], [ 79.48174560369182, 21.147999010055706 ] ] ] } },
{ "type": "Feature", "properties": { }, "geometry": { "type": "Polygon", "coordinates": [ [ [ 79.213651235621285, 21.156305053796686 ], [ 79.216403886751621, 21.164611274969616 ], [ 79.237239616807727, 21.164611274969616 ], [ 79.234486241667042, 21.156305053796686 ], [ 79.213651235621285, 21.156305053796686 ] ] ] } },
{ "type": "Feature", "properties": { }, "geometry": { "type": "Polygon", "coordinates": [ [ [ 79.380331283987246, 21.156305053796686 ], [ 79.369913780964382, 21.156305053796686 ], [ 79.372671862172297, 21.164611274969616 ], [ 79.383089727200343, 21.164611274969616 ], [ 79.380331283987246, 21.156305053796686 ] ] ] } },
{ "type": "Feature", "properties": { }, "geometry": { "type": "Polygon", "coordinates": [ [ [ 79.656723429238383, 21.172917673657619 ], [ 79.659493996892692, 21.181224249943849 ], [ 79.680331176033633, 21.181224249943849 ], [ 79.677559883659498, 21.172917673657619 ], [ 79.656723429238383, 21.172917673657619 ] ] ] } },
{ "type": "Feature", "properties": { }, "geometry": { "type": "Polygon", "coordinates": [ [ [ 79.052466251025777, 21.172917673657619 ], [ 79.031629796604633, 21.172917673657619 ], [ 79.03712879480689, 21.189531003911455 ], [ 79.047547746914717, 21.189531003911455 ], [ 79.052466251025777, 21.172917673657619 ] ] ] } },
{ "type": "Feature", "properties": { }, "geometry": { "type": "Polygon", "coordinates": [ [ [ 79.089223555346038, 21.189531003911455 ], [ 79.091976887527778, 21.197837935643641 ], [ 79.102396202350477, 21.197837935643641 ], [ 79.099642507453879, 21.189531003911455 ], [ 79.089223555346038, 21.189531003911455 ] ] ] } },
{ "type": "Feature", "properties": { }, "geometry": { "type": "Polygon", "coordinates": [ [ [ 79.120480411669547, 21.189531003911455 ], [ 79.11006145956172, 21.189531003911455 ], [ 79.112815517173161, 21.197837935643641 ], [ 79.123234831995859, 21.197837935643641 ], [ 79.120480411669547, 21.189531003911455 ] ] ] } },
{ "type": "Feature", "properties": { }, "geometry": { "type": "Polygon", "coordinates": [ [ [ 79.196170035754648, 21.197837935643641 ], [ 79.185750720931964, 21.197837935643641 ], [ 79.188508666879727, 21.206145045223582 ], [ 79.198928344594805, 21.206145045223582 ], [ 79.196170035754648, 21.197837935643641 ] ] ] } },
{ "type": "Feature", "properties": { }, "geometry": { "type": "Polygon", "coordinates": [ [ [ 79.167669311449558, 21.206145045223582 ], [ 79.157249633734452, 21.206145045223582 ], [ 79.160007840187419, 21.21445233273451 ], [ 79.170427880972497, 21.21445233273451 ], [ 79.167669311449558, 21.206145045223582 ] ] ] } },
{ "type": "Feature", "properties": { }, "geometry": { "type": "Polygon", "coordinates": [ [ [ 79.209348022309882, 21.206145045223582 ], [ 79.198928344594805, 21.206145045223582 ], [ 79.201688003327746, 21.21445233273451 ], [ 79.21210804411281, 21.21445233273451 ], [ 79.209348022309882, 21.206145045223582 ] ] ] } },
{ "type": "Feature", "properties": { }, "geometry": { "type": "Polygon", "coordinates": [ [ [ 79.655304372701778, 21.231067441882306 ], [ 79.644883605243706, 21.231067441882306 ], [ 79.647662587284813, 21.239375263685716 ], [ 79.658083718345964, 21.239375263685716 ], [ 79.655304372701778, 21.231067441882306 ] ] ] } },
{ "type": "Feature", "properties": { }, "geometry": { "type": "Polygon", "coordinates": [ [ [ 79.17658543320033, 21.264299799013603 ], [ 79.166163210262923, 21.264299799013603 ], [ 79.168930507415809, 21.272608334373245 ], [ 79.179353094667803, 21.272608334373245 ], [ 79.17658543320033, 21.264299799013603 ] ] ] } },
{ "type": "Feature", "properties": { }, "geometry": { "type": "Polygon", "coordinates": [ [ [ 79.471886516775967, 21.305844262620319 ], [ 79.461462470485145, 21.305844262620319 ], [ 79.464246392404888, 21.314153691801348 ], [ 79.474670803900821, 21.314153691801348 ], [ 79.471886516775967, 21.305844262620319 ] ] ] } },
{ "type": "Feature", "properties": { }, "geometry": { "type": "Polygon", "coordinates": [ [ [ 79.605345164811453, 21.330773087290719 ], [ 79.608137918961688, 21.339083053766089 ], [ 79.618563427142661, 21.339083053766089 ], [ 79.615770307252404, 21.330773087290719 ], [ 79.605345164811453, 21.330773087290719 ] ] ] } },
{ "type": "Feature", "properties": { }, "geometry": { "type": "Polygon", "coordinates": [ [ [ 79.31622368989494, 21.339083053766089 ], [ 79.319007560628179, 21.347393199506602 ], [ 79.329433434727548, 21.347393199506602 ], [ 79.326649198075899, 21.339083053766089 ], [ 79.31622368989494, 21.339083053766089 ] ] ] } },
{ "type": "Feature", "properties": { }, "geometry": { "type": "Polygon", "coordinates": [ [ [ 79.22517469373382, 21.347393199506602 ], [ 79.222394116266344, 21.339083053766089 ], [ 79.211968608085385, 21.339083053766089 ], [ 79.214748819634437, 21.347393199506602 ], [ 79.22517469373382, 21.347393199506602 ] ] ] } },
{ "type": "Feature", "properties": { }, "geometry": { "type": "Polygon", "coordinates": [ [ [ 79.149415558999635, 21.339083053766089 ], [ 79.138990050818691, 21.339083053766089 ], [ 79.141767700938829, 21.347393199506602 ], [ 79.152193575038197, 21.347393199506602 ], [ 79.149415558999635, 21.339083053766089 ] ] ] } },
{ "type": "Feature", "properties": { }, "geometry": { "type": "Polygon", "coordinates": [ [ [ 79.22517469373382, 21.347393199506602 ], [ 79.227956627286133, 21.355703524595818 ], [ 79.238382867482386, 21.355703524595818 ], [ 79.235600567833188, 21.347393199506602 ], [ 79.22517469373382, 21.347393199506602 ] ] ] } },
{ "type": "Feature", "properties": { }, "geometry": { "type": "Polygon", "coordinates": [ [ [ 79.141767700938829, 21.347393199506602 ], [ 79.131341826839446, 21.347393199506602 ], [ 79.134120465519871, 21.355703524595818 ], [ 79.144546705716124, 21.355703524595818 ], [ 79.141767700938829, 21.347393199506602 ] ] ] } },
{ "type": "Feature", "properties": { }, "geometry": { "type": "Polygon", "coordinates": [ [ [ 79.139681807865159, 21.372324713154637 ], [ 79.129254834939573, 21.372324713154637 ], [ 79.132037172746635, 21.380635576791448 ], [ 79.142464512304784, 21.380635576791448 ], [ 79.139681807865159, 21.372324713154637 ] ] ] } },
{ "type": "Feature", "properties": { }, "geometry": { "type": "Polygon", "coordinates": [ [ [ 79.426796644745266, 21.388946620111362 ], [ 79.416368938375896, 21.388946620111362 ], [ 79.419163896998299, 21.397257843198012 ], [ 79.429591970357578, 21.397257843198012 ], [ 79.426796644745266, 21.388946620111362 ] ] ] } },
{ "type": "Feature", "properties": { }, "geometry": { "type": "Polygon", "coordinates": [ [ [ 79.18079721808472, 21.463754109538286 ], [ 79.170366202366139, 21.463754109538286 ], [ 79.173163844501246, 21.472066954293037 ], [ 79.183595228820465, 21.472066954293037 ], [ 79.18079721808472, 21.463754109538286 ] ] ] } },
{ "type": "Feature", "properties": { }, "geometry": { "type": "Polygon", "coordinates": [ [ [ 80.286484884253028, 21.463754109538286 ], [ 80.289321966658534, 21.472066954293037 ], [ 80.299753350977767, 21.472066954293037 ], [ 80.296915899971594, 21.463754109538286 ], [ 80.286484884253028, 21.463754109538286 ] ] ] } },
{ "type": "Feature", "properties": { }, "geometry": { "type": "Polygon", "coordinates": [ [ [ 79.328427054146587, 21.53026192919457 ], [ 79.334055112025254, 21.54689069434729 ], [ 79.344489821821767, 21.54689069434729 ], [ 79.338861023691663, 21.53026192919457 ], [ 79.328427054146587, 21.53026192919457 ] ] ] } }
]
}
