{
"type": "FeatureCollection",
"name": "built_s_nres_2025_2000_urban",
"crs": { "type": "name", "properties": { "name": "urn:ogc:def:crs:OGC:1.3:CRS84" } },
"features": [
{ "type": "Feature", "properties": { }, "geometry": { "type": "Polygon", "coordinates": [ [ [ 72.836638460376449, 19.138824707934173 ], [ 72.834382621706311, 19.130559439520741 ], [ 72.839549719893128, 19.130559439520741 ], [ 72.833914840671369, 19.109896958061373 ], [ 72.828748142212106, 19.109896958061373 ], [ 72.83325514106177, 19.12642686444007 ], [ 72.828088122861942, 19.12642686444007 ], [ 72.829215523519508, 19.130559439520741 ], [ 72.81888132714586, 19.130559439520741 ], [ 72.820008860215054, 19.134692054015492 ], [ 72.825176038409609, 19.134692054015492 ], [ 72.826303943930355, 19.138824707934173 ], [ 72.836638460376449, 19.138824707934173 ] ] ] } },
{ "type": "Feature", "properties": { }, "geometry": { "type": "Polygon", "coordinates": [ [ [ 72.795300394592104, 19.138824707934173 ], [ 72.798684424932773, 19.151222906332265 ], [ 72.803851923365826, 19.151222906332265 ], [ 72.800467652815144, 19.138824707934173 ], [ 72.795300394592104, 19.138824707934173 ] ] ] } },
{ "type": "Feature", "properties": { }, "geometry": { "type": "Polygon", "coordinates": [ [ [ 72.822264803660204, 19.14295740128663 ], [ 72.824521917097954, 19.151222906332265 ], [ 72.829689415530993, 19.151222906332265 ], [ 72.827432141932491, 19.14295740128663 ], [ 72.822264803660204, 19.14295740128663 ] ] ] } },
{ "type": "Feature", "properties": { }, "geometry": { "type": "Polygon", "coordinates": [ [ [ 72.832431032160514, 19.180153417603972 ], [ 72.827262972510781, 19.180153417603972 ], [ 72.829525194100867, 19.188419633610199 ], [ 72.839861634469599, 19.188419633610199 ], [ 72.836468259785349, 19.176020368904233 ], [ 72.841636239198976, 19.176020368904233 ], [ 72.840505619778298, 19.171887359726949 ], [ 72.835337720580043, 19.171887359726949 ], [ 72.833077520477744, 19.163621459900295 ], [ 72.827909781647861, 19.163621459900295 ], [ 72.832431032160514, 19.180153417603972 ] ] ] } },
{ "type": "Feature", "properties": { }, "geometry": { "type": "Polygon", "coordinates": [ [ [ 72.81515184276509, 19.192552800936411 ], [ 72.812889517159121, 19.184286505835999 ], [ 72.818057657065793, 19.184286505835999 ], [ 72.815796342130852, 19.176020368904233 ], [ 72.81062836271721, 19.176020368904233 ], [ 72.811758793561481, 19.180153417603972 ], [ 72.806590733911719, 19.180153417603972 ], [ 72.807721377252449, 19.184286505835999 ], [ 72.802553237345776, 19.184286505835999 ], [ 72.805946683244514, 19.196686007824507 ], [ 72.811115064046632, 19.196686007824507 ], [ 72.809983542282239, 19.192552800936411 ], [ 72.81515184276509, 19.192552800936411 ] ] ] } },
{ "type": "Feature", "properties": { }, "geometry": { "type": "Polygon", "coordinates": [ [ [ 72.831788587255105, 19.196686007824507 ], [ 72.829525194100867, 19.188419633610199 ], [ 72.824356973916508, 19.188419633610199 ], [ 72.826620206452986, 19.196686007824507 ], [ 72.831788587255105, 19.196686007824507 ] ] ] } },
{ "type": "Feature", "properties": { }, "geometry": { "type": "Polygon", "coordinates": [ [ [ 72.831150187175055, 19.21321923119292 ], [ 72.826620206452986, 19.196686007824507 ], [ 72.816283444848764, 19.196686007824507 ], [ 72.820812782600825, 19.21321923119292 ], [ 72.831150187175055, 19.21321923119292 ] ] ] } },
{ "type": "Feature", "properties": { }, "geometry": { "type": "Polygon", "coordinates": [ [ [ 72.840354496213436, 19.209085865958688 ], [ 72.838089184405135, 19.200819254284337 ], [ 72.832920723262987, 19.200819254284337 ], [ 72.835185874328786, 19.209085865958688 ], [ 72.840354496213436, 19.209085865958688 ] ] ] } },
{ "type": "Feature", "properties": { }, "geometry": { "type": "Polygon", "coordinates": [ [ [ 72.82534680923159, 19.229753088340512 ], [ 72.826481048809768, 19.233886651729414 ], [ 72.83681925803252, 19.233886651729414 ], [ 72.83455075009789, 19.22561956460229 ], [ 72.829381806478636, 19.22561956460229 ], [ 72.830515833336491, 19.229753088340512 ], [ 72.82534680923159, 19.229753088340512 ] ] ] } },
{ "type": "Feature", "properties": { }, "geometry": { "type": "Polygon", "coordinates": [ [ [ 72.810973734975619, 19.233886651729414 ], [ 72.808706032001652, 19.22561956460229 ], [ 72.803537088382399, 19.22561956460229 ], [ 72.805804630364236, 19.233886651729414 ], [ 72.810973734975619, 19.233886651729414 ] ] ] } },
{ "type": "Feature", "properties": { }, "geometry": { "type": "Polygon", "coordinates": [ [ [ 72.854596736169071, 19.242153897498699 ], [ 72.85976600185586, 19.242153897498699 ], [ 72.858630692463692, 19.238020254778853 ], [ 72.848292322186367, 19.238020254778853 ], [ 72.850562912180948, 19.246287579898837 ], [ 72.855732258436646, 19.246287579898837 ], [ 72.854596736169071, 19.242153897498699 ] ] ] } },
{ "type": "Feature", "properties": { }, "geometry": { "type": "Polygon", "coordinates": [ [ [ 72.860795096839269, 19.283492508742331 ], [ 72.858519222527789, 19.27522446857725 ], [ 72.853349311706495, 19.27522446857725 ], [ 72.855625024525978, 19.283492508742331 ], [ 72.860795096839269, 19.283492508742331 ] ] ] } },
{ "type": "Feature", "properties": { }, "geometry": { "type": "Polygon", "coordinates": [ [ [ 72.879556883173166, 19.407532249484643 ], [ 72.874384378461727, 19.407532249484643 ], [ 72.87323778994012, 19.403397011841665 ], [ 72.86806536661166, 19.403397011841665 ], [ 72.869211873750288, 19.407532249484643 ], [ 72.864039369038849, 19.407532249484643 ], [ 72.866333104992009, 19.41580284500866 ], [ 72.861160437451829, 19.41580284500866 ], [ 72.857720519954754, 19.403397011841665 ], [ 72.852548096626293, 19.403397011841665 ], [ 72.853694359615972, 19.407532249484643 ], [ 72.848521854904533, 19.407532249484643 ], [ 72.849668331249632, 19.411667527203672 ], [ 72.844495745134296, 19.411667527203672 ], [ 72.845642434831277, 19.41580284500866 ], [ 72.840469767291097, 19.41580284500866 ], [ 72.84161667033645, 19.419938202909524 ], [ 72.851962168308361, 19.419938202909524 ], [ 72.850815102371456, 19.41580284500866 ], [ 72.855987769911636, 19.41580284500866 ], [ 72.857134917294317, 19.419938202909524 ], [ 72.862307666280245, 19.419938202909524 ], [ 72.863455190004018, 19.424073600916181 ], [ 72.868628020456669, 19.424073600916181 ], [ 72.870924115739925, 19.432344517286548 ], [ 72.88644309608658, 19.432344517286548 ], [ 72.885294656422673, 19.428209039038549 ], [ 72.880121744482381, 19.428209039038549 ], [ 72.876678440072368, 19.41580284500866 ], [ 72.881851107612547, 19.41580284500866 ], [ 72.880703847941689, 19.411667527203672 ], [ 72.885876434057039, 19.411667527203672 ], [ 72.883582636597026, 19.403397011841665 ], [ 72.87841021326858, 19.403397011841665 ], [ 72.879556883173166, 19.407532249484643 ] ] ] } },
{ "type": "Feature", "properties": { }, "geometry": { "type": "Polygon", "coordinates": [ [ [ 72.81689971593012, 19.424073600916181 ], [ 72.815752925406713, 19.419938202909524 ], [ 72.820925674392669, 19.419938202909524 ], [ 72.819779097130393, 19.41580284500866 ], [ 72.814606429590214, 19.41580284500866 ], [ 72.813460228442253, 19.411667527203672 ], [ 72.808287642326917, 19.411667527203672 ], [ 72.810580176420771, 19.419938202909524 ], [ 72.805407427434815, 19.419938202909524 ], [ 72.806554055024819, 19.424073600916181 ], [ 72.81689971593012, 19.424073600916181 ] ] ] } },
{ "type": "Feature", "properties": { }, "geometry": { "type": "Polygon", "coordinates": [ [ [ 72.812873889258483, 19.428209039038549 ], [ 72.802528065377885, 19.428209039038549 ], [ 72.803675200904436, 19.432344517286548 ], [ 72.814021187802211, 19.432344517286548 ], [ 72.812873889258483, 19.428209039038549 ] ] ] } },
{ "type": "Feature", "properties": { }, "geometry": { "type": "Polygon", "coordinates": [ [ [ 72.750212757089344, 19.444751192883565 ], [ 72.751360174366894, 19.448886831733315 ], [ 72.746186854674207, 19.448886831733315 ], [ 72.748482410067155, 19.457158229968478 ], [ 72.758829375947769, 19.457158229968478 ], [ 72.755385995189656, 19.444751192883565 ], [ 72.750212757089344, 19.444751192883565 ] ] ] } },
{ "type": "Feature", "properties": { }, "geometry": { "type": "Polygon", "coordinates": [ [ [ 72.830108905917129, 19.453022510758309 ], [ 72.819762103305095, 19.453022510758309 ], [ 72.822060534189575, 19.46129398937374 ], [ 72.832407663380692, 19.46129398937374 ], [ 72.830108905917129, 19.453022510758309 ] ] ] } },
{ "type": "Feature", "properties": { }, "geometry": { "type": "Polygon", "coordinates": [ [ [ 72.822060534189575, 19.46129398937374 ], [ 72.811713404998457, 19.46129398937374 ], [ 72.810564205350872, 19.457158229968478 ], [ 72.805390722410564, 19.457158229968478 ], [ 72.807689253402458, 19.465429788984036 ], [ 72.812862899674229, 19.465429788984036 ], [ 72.814012689416714, 19.469565628809285 ], [ 72.82953387332357, 19.469565628809285 ], [ 72.828383838489557, 19.465429788984036 ], [ 72.823210192217786, 19.465429788984036 ], [ 72.822060534189575, 19.46129398937374 ] ] ] } },
{ "type": "Feature", "properties": { }, "geometry": { "type": "Polygon", "coordinates": [ [ [ 72.768322448494217, 19.676409113884606 ], [ 72.767159511040816, 19.672271250628501 ], [ 72.761981754169994, 19.672271250628501 ], [ 72.763144608874441, 19.676409113884606 ], [ 72.757966769254651, 19.676409113884606 ], [ 72.759129837792528, 19.680547017863447 ], [ 72.76430776018239, 19.680547017863447 ], [ 72.765471208132908, 19.684684962575027 ], [ 72.775827218494982, 19.684684962575027 ], [ 72.773500288114008, 19.676409113884606 ], [ 72.768322448494217, 19.676409113884606 ] ] ] } },
{ "type": "Feature", "properties": { }, "geometry": { "type": "Polygon", "coordinates": [ [ [ 72.848319291029568, 19.684684962575027 ], [ 72.845990042790959, 19.676409113884606 ], [ 72.840812203171183, 19.676409113884606 ], [ 72.843141285848517, 19.684684962575027 ], [ 72.848319291029568, 19.684684962575027 ] ] ] } },
{ "type": "Feature", "properties": { }, "geometry": { "type": "Polygon", "coordinates": [ [ [ 72.882884913219414, 19.697099041206009 ], [ 72.872528405856855, 19.697099041206009 ], [ 72.874861287968102, 19.705375297473417 ], [ 72.880039707421787, 19.705375297473417 ], [ 72.878873034839003, 19.701237148948376 ], [ 72.884051371395927, 19.701237148948376 ], [ 72.882884913219414, 19.697099041206009 ] ] ] } },
{ "type": "Feature", "properties": { }, "geometry": { "type": "Polygon", "coordinates": [ [ [ 72.773623653067119, 19.713651716911471 ], [ 72.77595559506382, 19.721928299600112 ], [ 72.781134346315881, 19.721928299600112 ], [ 72.779968143838659, 19.717789987844469 ], [ 72.785146812109431, 19.717789987844469 ], [ 72.782815132265497, 19.709513486791117 ], [ 72.777636629893891, 19.709513486791117 ], [ 72.778802238377736, 19.713651716911471 ], [ 72.773623653067119, 19.713651716911471 ] ] ] } },
{ "type": "Feature", "properties": { }, "geometry": { "type": "Polygon", "coordinates": [ [ [ 72.999996004743608, 19.763313664601156 ], [ 72.989636840287645, 19.763313664601156 ], [ 72.990809474667273, 19.767452426065745 ], [ 73.001168805551131, 19.767452426065745 ], [ 72.999996004743608, 19.763313664601156 ] ] ] } },
{ "type": "Feature", "properties": { }, "geometry": { "type": "Polygon", "coordinates": [ [ [ 72.745693237600008, 19.779868956155479 ], [ 72.714613746335132, 19.779868956155479 ], [ 72.71578307599512, 19.784007881450734 ], [ 72.710603077485658, 19.784007881450734 ], [ 72.715283036182498, 19.800563992558804 ], [ 72.720463368098351, 19.800563992558804 ], [ 72.723976710416451, 19.812981506593665 ], [ 72.739518456995796, 19.812981506593665 ], [ 72.740690416619771, 19.817120760030861 ], [ 72.745871082281042, 19.817120760030861 ], [ 72.744699039188902, 19.812981506593665 ], [ 72.755060203575113, 19.812981506593665 ], [ 72.753888291256956, 19.808842294209267 ], [ 72.748707792510785, 19.808842294209267 ], [ 72.746365027677527, 19.800563992558804 ], [ 72.756725691509189, 19.800563992558804 ], [ 72.755554588701429, 19.796424903272705 ], [ 72.760734837233869, 19.796424903272705 ], [ 72.758393357596191, 19.788146847728683 ], [ 72.763573439425471, 19.788146847728683 ], [ 72.762403062580191, 19.784007881450734 ], [ 72.757223064070729, 19.784007881450734 ], [ 72.756053068021629, 19.779868956155479 ], [ 72.750873152810826, 19.779868956155479 ], [ 72.749703537476108, 19.775730071832903 ], [ 72.744523705542747, 19.775730071832903 ], [ 72.745693237600008, 19.779868956155479 ] ] ] } },
{ "type": "Feature", "properties": { }, "geometry": { "type": "Polygon", "coordinates": [ [ [ 72.826906095850987, 19.792285854999331 ], [ 72.81654576551044, 19.792285854999331 ], [ 72.817717571090952, 19.796424903272705 ], [ 72.828078068155861, 19.796424903272705 ], [ 72.826906095850987, 19.792285854999331 ] ] ] } },
{ "type": "Feature", "properties": { }, "geometry": { "type": "Polygon", "coordinates": [ [ [ 72.650951590294014, 19.829538766759459 ], [ 72.655639961836641, 19.846096684411478 ], [ 72.67118371343301, 19.846096684411478 ], [ 72.670010923424655, 19.841957143324048 ], [ 72.675192090340147, 19.841957143324048 ], [ 72.674019514341623, 19.837817643359596 ], [ 72.684381680981815, 19.837817643359596 ], [ 72.683209235421813, 19.83367818450807 ], [ 72.672847235930007, 19.83367818450807 ], [ 72.670503571709389, 19.82539939010373 ], [ 72.654961073725858, 19.82539939010373 ], [ 72.656132506486955, 19.829538766759459 ], [ 72.650951590294014, 19.829538766759459 ] ] ] } },
{ "type": "Feature", "properties": { }, "geometry": { "type": "Polygon", "coordinates": [ [ [ 72.795533726203942, 19.846096684411478 ], [ 72.785171225139692, 19.846096684411478 ], [ 72.786346152825431, 19.850236266631885 ], [ 72.796708821165367, 19.850236266631885 ], [ 72.795533726203942, 19.846096684411478 ] ] ] } },
{ "type": "Feature", "properties": { }, "geometry": { "type": "Polygon", "coordinates": [ [ [ 72.797180186953071, 19.924755791778768 ], [ 72.786814500386711, 19.924755791778768 ], [ 72.78799476357473, 19.9288961574327 ], [ 72.798360618224251, 19.9288961574327 ], [ 72.797180186953071, 19.924755791778768 ] ] ] } },
{ "type": "Feature", "properties": { }, "geometry": { "type": "Polygon", "coordinates": [ [ [ 72.755978826630496, 19.962020571524292 ], [ 72.753615163189735, 19.953739219717288 ], [ 72.758798595210948, 19.953739219717288 ], [ 72.755255089189333, 19.941317502437322 ], [ 72.750071909612146, 19.941317502437322 ], [ 72.752433779826006, 19.949598605909951 ], [ 72.742067084122198, 19.949598605909951 ], [ 72.746793737473695, 19.966161309544074 ], [ 72.751977422130565, 19.966161309544074 ], [ 72.750795226206819, 19.962020571524292 ], [ 72.755978826630496, 19.962020571524292 ] ] ] } },
{ "type": "Feature", "properties": { }, "geometry": { "type": "Polygon", "coordinates": [ [ [ 72.746793737473695, 19.966161309544074 ], [ 72.741610052816853, 19.966161309544074 ], [ 72.743975004612878, 19.974442909866486 ], [ 72.73879115142573, 19.974442909866486 ], [ 72.739973991547288, 19.978583772189253 ], [ 72.745157929031535, 19.978583772189253 ], [ 72.746341152517289, 19.982724675966459 ], [ 72.751525174319951, 19.982724675966459 ], [ 72.746793737473695, 19.966161309544074 ] ] ] } },
{ "type": "Feature", "properties": { }, "geometry": { "type": "Polygon", "coordinates": [ [ [ 72.796997303874065, 19.978583772189253 ], [ 72.78662942890557, 19.978583772189253 ], [ 72.787813326938661, 19.982724675966459 ], [ 72.798181370543986, 19.982724675966459 ], [ 72.796997303874065, 19.978583772189253 ] ] ] } },
{ "type": "Feature", "properties": { }, "geometry": { "type": "Polygon", "coordinates": [ [ [ 72.916460328915306, 20.06969324909787 ], [ 72.906088734080186, 20.06969324909787 ], [ 72.909665688563067, 20.08211882913589 ], [ 72.920037792254504, 20.08211882913589 ], [ 72.916460328915306, 20.06969324909787 ] ] ] } },
{ "type": "Feature", "properties": { }, "geometry": { "type": "Polygon", "coordinates": [ [ [ 72.908059042229752, 20.094544784531244 ], [ 72.911641154291914, 20.106971115556423 ], [ 72.916827715571372, 20.106971115556423 ], [ 72.915633292462999, 20.102828963461224 ], [ 72.920819768783346, 20.102828963461224 ], [ 72.918431655162394, 20.094544784531244 ], [ 72.908059042229752, 20.094544784531244 ] ] ] } },
{ "type": "Feature", "properties": { }, "geometry": { "type": "Polygon", "coordinates": [ [ [ 72.911234614456546, 20.123540141707515 ], [ 72.912430372191096, 20.127682502738367 ], [ 72.92280434498322, 20.127682502738367 ], [ 72.921608417116389, 20.123540141707515 ], [ 72.911234614456546, 20.123540141707515 ] ] ] } },
{ "type": "Feature", "properties": { }, "geometry": { "type": "Polygon", "coordinates": [ [ [ 72.878520235028262, 20.189822941952929 ], [ 72.879719960037662, 20.193965973275731 ], [ 72.8900966607752, 20.193965973275731 ], [ 72.887697170588936, 20.18567995259923 ], [ 72.882508991016962, 20.18567995259923 ], [ 72.883708499987904, 20.189822941952929 ], [ 72.878520235028262, 20.189822941952929 ] ] ] } },
{ "type": "Feature", "properties": { }, "geometry": { "type": "Polygon", "coordinates": [ [ [ 72.900473361512738, 20.193965973275731 ], [ 72.901673729711405, 20.198109046577748 ], [ 72.912050601310128, 20.198109046577748 ], [ 72.91085006225029, 20.193965973275731 ], [ 72.900473361512738, 20.193965973275731 ] ] ] } },
{ "type": "Feature", "properties": { }, "geometry": { "type": "Polygon", "coordinates": [ [ [ 72.888509550755245, 20.206395319159924 ], [ 72.889710567371907, 20.210538518460339 ], [ 72.900087951811813, 20.210538518460339 ], [ 72.898886764205145, 20.206395319159924 ], [ 72.888509550755245, 20.206395319159924 ] ] ] } },
{ "type": "Feature", "properties": { }, "geometry": { "type": "Polygon", "coordinates": [ [ [ 72.888126478460691, 20.222968368520338 ], [ 72.885723107903686, 20.214681759780465 ], [ 72.880534330167265, 20.214681759780465 ], [ 72.878132337305345, 20.206395319159924 ], [ 72.872943730580417, 20.206395319159924 ], [ 72.874144490712084, 20.210538518460339 ], [ 72.868955798492138, 20.210538518460339 ], [ 72.873761513103574, 20.227111735960342 ], [ 72.884139581932956, 20.227111735960342 ], [ 72.882937529626901, 20.222968368520338 ], [ 72.888126478460691, 20.222968368520338 ] ] ] } },
{ "type": "Feature", "properties": { }, "geometry": { "type": "Polygon", "coordinates": [ [ [ 72.829997302297912, 18.923978762977942 ], [ 72.835160426495207, 18.923978762977942 ], [ 72.832933168706731, 18.915717568076623 ], [ 72.827770202394831, 18.915717568076623 ], [ 72.829997302297912, 18.923978762977942 ] ] ] } },
{ "type": "Feature", "properties": { }, "geometry": { "type": "Polygon", "coordinates": [ [ [ 72.83445499193391, 18.940501619936057 ], [ 72.832225565379176, 18.932240113571627 ], [ 72.827062283214005, 18.932240113571627 ], [ 72.825948085251881, 18.928109418808337 ], [ 72.831111288422818, 18.928109418808337 ], [ 72.829997302297912, 18.923978762977942 ], [ 72.819671053903306, 18.923978762977942 ], [ 72.823013410843856, 18.936370847277605 ], [ 72.828176772023866, 18.936370847277605 ], [ 72.829291551718399, 18.940501619936057 ], [ 72.83445499193391, 18.940501619936057 ] ] ] } },
{ "type": "Feature", "properties": { }, "geometry": { "type": "Polygon", "coordinates": [ [ [ 72.848548412042888, 18.973549204669041 ], [ 72.833056192316519, 18.973549204669041 ], [ 72.834173512415788, 18.977680328340867 ], [ 72.829009359952451, 18.977680328340867 ], [ 72.830126892043864, 18.981811491063201 ], [ 72.840455355454253, 18.981811491063201 ], [ 72.83933766487911, 18.977680328340867 ], [ 72.854830122269135, 18.977680328340867 ], [ 72.85036132186174, 18.961156067858543 ], [ 72.840033650457002, 18.961156067858543 ], [ 72.842267151497325, 18.969418120037918 ], [ 72.847431145538891, 18.969418120037918 ], [ 72.848548412042888, 18.973549204669041 ] ] ] } },
{ "type": "Feature", "properties": { }, "geometry": { "type": "Polygon", "coordinates": [ [ [ 72.857066270224237, 18.98594269284585 ], [ 72.862230581191938, 18.98594269284585 ], [ 72.859994274732472, 18.977680328340867 ], [ 72.854830122269135, 18.977680328340867 ], [ 72.85594805056985, 18.981811491063201 ], [ 72.845619587159447, 18.981811491063201 ], [ 72.847856000767635, 18.990073933698614 ], [ 72.858184781269387, 18.990073933698614 ], [ 72.857066270224237, 18.98594269284585 ] ] ] } },
{ "type": "Feature", "properties": { }, "geometry": { "type": "Polygon", "coordinates": [ [ [ 72.820916093450293, 18.98594269284585 ], [ 72.822034049513277, 18.990073933698614 ], [ 72.811705269011526, 18.990073933698614 ], [ 72.812823357750133, 18.994205213631318 ], [ 72.828316766414218, 18.994205213631318 ], [ 72.826080404417993, 18.98594269284585 ], [ 72.820916093450293, 18.98594269284585 ] ] ] } },
{ "type": "Feature", "properties": { }, "geometry": { "type": "Polygon", "coordinates": [ [ [ 72.843810175078303, 18.994205213631318 ], [ 72.828316766414218, 18.994205213631318 ], [ 72.829435384405315, 18.998336532653763 ], [ 72.834599933284508, 18.998336532653763 ], [ 72.835718921998861, 19.002467890775772 ], [ 72.846048178447504, 19.002467890775772 ], [ 72.843810175078303, 18.994205213631318 ] ] ] } },
{ "type": "Feature", "properties": { }, "geometry": { "type": "Polygon", "coordinates": [ [ [ 72.83055429377454, 19.002467890775772 ], [ 72.820225037325898, 19.002467890775772 ], [ 72.821344079378733, 19.006599288007152 ], [ 72.831673494558999, 19.006599288007152 ], [ 72.83055429377454, 19.002467890775772 ] ] ] } },
{ "type": "Feature", "properties": { }, "geometry": { "type": "Polygon", "coordinates": [ [ [ 72.8494073696735, 19.014862199837282 ], [ 72.870066835208547, 19.014862199837282 ], [ 72.86894649563213, 19.01073072435771 ], [ 72.863781708655523, 19.01073072435771 ], [ 72.860422677680376, 18.998336532653763 ], [ 72.855258128801211, 18.998336532653763 ], [ 72.85637743489616, 19.002467890775772 ], [ 72.851212806671825, 19.002467890775772 ], [ 72.85233232491953, 19.006599288007152 ], [ 72.84716761732939, 19.006599288007152 ], [ 72.848287347725673, 19.01073072435771 ], [ 72.843122560749066, 19.01073072435771 ], [ 72.842002909739278, 19.006599288007152 ], [ 72.836838202149139, 19.006599288007152 ], [ 72.839077636905984, 19.014862199837282 ], [ 72.844242503289749, 19.014862199837282 ], [ 72.84536273739846, 19.018993714455657 ], [ 72.850527683210032, 19.018993714455657 ], [ 72.8494073696735, 19.014862199837282 ] ] ] } },
{ "type": "Feature", "properties": { }, "geometry": { "type": "Polygon", "coordinates": [ [ [ 72.829867899963716, 19.018993714455657 ], [ 72.82762819981923, 19.01073072435771 ], [ 72.822463412842623, 19.01073072435771 ], [ 72.82470295415213, 19.018993714455657 ], [ 72.829867899963716, 19.018993714455657 ] ] ] } },
{ "type": "Feature", "properties": { }, "geometry": { "type": "Polygon", "coordinates": [ [ [ 72.868264499385745, 19.027256861148128 ], [ 72.86714336415271, 19.023125268222664 ], [ 72.872308389412794, 19.023125268222664 ], [ 72.871187466456377, 19.018993714455657 ], [ 72.860857574833204, 19.018993714455657 ], [ 72.861978338892627, 19.023125268222664 ], [ 72.856813313632543, 19.023125268222664 ], [ 72.857934289927243, 19.027256861148128 ], [ 72.868264499385745, 19.027256861148128 ] ] ] } },
{ "type": "Feature", "properties": { }, "geometry": { "type": "Polygon", "coordinates": [ [ [ 72.850968282764271, 19.039651874973433 ], [ 72.845802939503386, 19.039651874973433 ], [ 72.84804704080365, 19.047915413495936 ], [ 72.853212543189045, 19.047915413495936 ], [ 72.850968282764271, 19.039651874973433 ] ] ] } },
{ "type": "Feature", "properties": { }, "geometry": { "type": "Polygon", "coordinates": [ [ [ 72.854335111181513, 19.052047241578347 ], [ 72.864666275138902, 19.052047241578347 ], [ 72.863543547959836, 19.047915413495936 ], [ 72.853212543189045, 19.047915413495936 ], [ 72.854335111181513, 19.052047241578347 ] ] ] } },
{ "type": "Feature", "properties": { }, "geometry": { "type": "Polygon", "coordinates": [ [ [ 72.859952330436357, 19.072706970595078 ], [ 72.880616251459188, 19.072706970595078 ], [ 72.87836785025786, 19.064442961228142 ], [ 72.873202029375065, 19.064442961228142 ], [ 72.872078346595231, 19.060311015434628 ], [ 72.882409829050019, 19.060311015434628 ], [ 72.884657805349832, 19.06857494627835 ], [ 72.889823705908725, 19.06857494627835 ], [ 72.888699492023449, 19.064442961228142 ], [ 72.893865312906243, 19.064442961228142 ], [ 72.892741311504807, 19.060311015434628 ], [ 72.887575570277406, 19.060311015434628 ], [ 72.886451940633265, 19.056179108887974 ], [ 72.88128627904058, 19.056179108887974 ], [ 72.880163021075006, 19.052047241578347 ], [ 72.890494185032409, 19.052047241578347 ], [ 72.888248226751926, 19.043783624630908 ], [ 72.893413649564707, 19.043783624630908 ], [ 72.892291028851275, 19.039651874973433 ], [ 72.89745637211216, 19.039651874973433 ], [ 72.895211847476673, 19.031388493241867 ], [ 72.900377031695783, 19.031388493241867 ], [ 72.899255127761279, 19.027256861148128 ], [ 72.909585337219795, 19.027256861148128 ], [ 72.908463566233365, 19.023125268222664 ], [ 72.913628591493421, 19.023125268222664 ], [ 72.912507032949023, 19.018993714455657 ], [ 72.907342087137465, 19.018993714455657 ], [ 72.90622089989489, 19.014862199837282 ], [ 72.901056033511125, 19.014862199837282 ], [ 72.902177141325879, 19.018993714455657 ], [ 72.897012195514293, 19.018993714455657 ], [ 72.898133515713198, 19.023125268222664 ], [ 72.892968490453114, 19.023125268222664 ], [ 72.891847249702707, 19.018993714455657 ], [ 72.881517358079549, 19.018993714455657 ], [ 72.883759813573519, 19.027256861148128 ], [ 72.868264499385745, 19.027256861148128 ], [ 72.870507645176048, 19.035520164513692 ], [ 72.865342381446396, 19.035520164513692 ], [ 72.867586535500749, 19.043783624630908 ], [ 72.872751958313543, 19.043783624630908 ], [ 72.876120617447867, 19.056179108887974 ], [ 72.870954955855183, 19.056179108887974 ], [ 72.869831857117603, 19.052047241578347 ], [ 72.864666275138902, 19.052047241578347 ], [ 72.86578929426247, 19.056179108887974 ], [ 72.860623632669785, 19.056179108887974 ], [ 72.86287038760949, 19.064442961228142 ], [ 72.85770456672671, 19.064442961228142 ], [ 72.854335111181513, 19.052047241578347 ], [ 72.838838365245422, 19.052047241578347 ], [ 72.839960986299005, 19.056179108887974 ], [ 72.850292309484402, 19.056179108887974 ], [ 72.853662401996459, 19.06857494627835 ], [ 72.858828302555366, 19.06857494627835 ], [ 72.859952330436357, 19.072706970595078 ] ] ] } },
{ "type": "Feature", "properties": { }, "geometry": { "type": "Polygon", "coordinates": [ [ [ 72.854786350180646, 19.072706970595078 ], [ 72.849620369924949, 19.072706970595078 ], [ 72.851868983081829, 19.080971137067408 ], [ 72.857035122793292, 19.080971137067408 ], [ 72.854786350180646, 19.072706970595078 ] ] ] } },
{ "type": "Feature", "properties": { }, "geometry": { "type": "Polygon", "coordinates": [ [ [ 72.866041901983309, 19.114029375584135 ], [ 72.860875123619991, 19.114029375584135 ], [ 72.85974833296774, 19.109896958061373 ], [ 72.849414936049186, 19.109896958061373 ], [ 72.852795705761849, 19.12229432876364 ], [ 72.857962643995421, 19.12229432876364 ], [ 72.859090232060893, 19.12642686444007 ], [ 72.864257250260707, 19.12642686444007 ], [ 72.865385210827213, 19.130559439520741 ], [ 72.87055230901403, 19.130559439520741 ], [ 72.872809267937754, 19.138824707934173 ], [ 72.867642009714714, 19.138824707934173 ], [ 72.866513463966044, 19.134692054015492 ], [ 72.861346285771489, 19.134692054015492 ], [ 72.863603509838498, 19.14295740128663 ], [ 72.842934156749351, 19.14295740128663 ], [ 72.846321226836139, 19.155355718045154 ], [ 72.851488805380683, 19.155355718045154 ], [ 72.852618494212862, 19.159488569231204 ], [ 72.857786152889688, 19.159488569231204 ], [ 72.86004656917514, 19.167754390062253 ], [ 72.854878750171451, 19.167754390062253 ], [ 72.857140177439859, 19.176020368904233 ], [ 72.862308156853487, 19.176020368904233 ], [ 72.861177216571392, 19.171887359726949 ], [ 72.866345115769661, 19.171887359726949 ], [ 72.865214388178828, 19.167754390062253 ], [ 72.875550026186204, 19.167754390062253 ], [ 72.874419431116749, 19.163621459900295 ], [ 72.879587169946618, 19.163621459900295 ], [ 72.880717845189892, 19.167754390062253 ], [ 72.885885664193594, 19.167754390062253 ], [ 72.8847549087765, 19.163621459900295 ], [ 72.889922647606355, 19.163621459900295 ], [ 72.887661855192533, 19.155355718045154 ], [ 72.882494276648004, 19.155355718045154 ], [ 72.876847820355167, 19.134692054015492 ], [ 72.887182176744261, 19.134692054015492 ], [ 72.888311042606887, 19.138824707934173 ], [ 72.903812817276005, 19.138824707934173 ], [ 72.901554898134904, 19.130559439520741 ], [ 72.896387799948101, 19.130559439520741 ], [ 72.893003356423009, 19.118161832481615 ], [ 72.887836498134931, 19.118161832481615 ], [ 72.89122070176127, 19.130559439520741 ], [ 72.886053603574453, 19.130559439520741 ], [ 72.884925323059989, 19.12642686444007 ], [ 72.869424268460534, 19.12642686444007 ], [ 72.868296520462579, 19.12229432876364 ], [ 72.878630396929708, 19.12229432876364 ], [ 72.877502781558789, 19.118161832481615 ], [ 72.882669639846853, 19.118161832481615 ], [ 72.881542237073191, 19.114029375584135 ], [ 72.876375458709887, 19.114029375584135 ], [ 72.875248428345543, 19.109896958061373 ], [ 72.88041512680482, 19.109896958061373 ], [ 72.879288309004238, 19.105764579903468 ], [ 72.884454927580208, 19.105764579903468 ], [ 72.881075989085247, 19.093367681520611 ], [ 72.865576851933852, 19.093367681520611 ], [ 72.866702632913515, 19.09749994164293 ], [ 72.871869091785086, 19.09749994164293 ], [ 72.872995244920588, 19.101632241100603 ], [ 72.85749562878037, 19.101632241100603 ], [ 72.858621834700344, 19.105764579903468 ], [ 72.863788453276314, 19.105764579903468 ], [ 72.866041901983309, 19.114029375584135 ] ], [ [ 72.856656383925241, 19.155355718045154 ], [ 72.861823962469799, 19.155355718045154 ], [ 72.862953811566527, 19.159488569231204 ], [ 72.857786152889688, 19.159488569231204 ], [ 72.856656383925241, 19.155355718045154 ] ], [ [ 72.869251692286866, 19.163621459900295 ], [ 72.866991541014343, 19.155355718045154 ], [ 72.872159119558901, 19.155355718045154 ], [ 72.874419431116749, 19.163621459900295 ], [ 72.869251692286866, 19.163621459900295 ] ], [ [ 72.871029402995305, 19.151222906332265 ], [ 72.87619690142833, 19.151222906332265 ], [ 72.87732669810346, 19.155355718045154 ], [ 72.872159119558901, 19.155355718045154 ], [ 72.871029402995305, 19.151222906332265 ] ] ] } },
{ "type": "Feature", "properties": { }, "geometry": { "type": "Polygon", "coordinates": [ [ [ 72.832788741820451, 19.105764579903468 ], [ 72.83053742081249, 19.09749994164293 ], [ 72.825370961940919, 19.09749994164293 ], [ 72.827622123244481, 19.105764579903468 ], [ 72.832788741820451, 19.105764579903468 ] ] ] } },
{ "type": "Feature", "properties": { }, "geometry": { "type": "Polygon", "coordinates": [ [ [ 72.895737070903195, 19.147090134082713 ], [ 72.890569652560913, 19.147090134082713 ], [ 72.889440201199918, 19.14295740128663 ], [ 72.884272862927631, 19.14295740128663 ], [ 72.887661855192533, 19.155355718045154 ], [ 72.89799701228165, 19.155355718045154 ], [ 72.895737070903195, 19.147090134082713 ] ] ] } },
{ "type": "Feature", "properties": { }, "geometry": { "type": "Polygon", "coordinates": [ [ [ 72.832599480204777, 19.14295740128663 ], [ 72.834856913964032, 19.151222906332265 ], [ 72.840024412397071, 19.151222906332265 ], [ 72.837766818477064, 19.14295740128663 ], [ 72.832599480204777, 19.14295740128663 ] ] ] } },
{ "type": "Feature", "properties": { }, "geometry": { "type": "Polygon", "coordinates": [ [ [ 72.841153648291581, 19.155355718045154 ], [ 72.843412998137481, 19.163621459900295 ], [ 72.848580736967364, 19.163621459900295 ], [ 72.846321226836139, 19.155355718045154 ], [ 72.841153648291581, 19.155355718045154 ] ] ] } },
{ "type": "Feature", "properties": { }, "geometry": { "type": "Polygon", "coordinates": [ [ [ 72.88701671256274, 19.171887359726949 ], [ 72.876680914166201, 19.171887359726949 ], [ 72.87781209509437, 19.176020368904233 ], [ 72.872644115680743, 19.176020368904233 ], [ 72.873775509358623, 19.180153417603972 ], [ 72.889279688307909, 19.180153417603972 ], [ 72.88701671256274, 19.171887359726949 ] ] ] } },
{ "type": "Feature", "properties": { }, "geometry": { "type": "Polygon", "coordinates": [ [ [ 72.862798872067799, 19.196686007824507 ], [ 72.866197605636771, 19.209085865958688 ], [ 72.871366227521435, 19.209085865958688 ], [ 72.869099951258178, 19.200819254284337 ], [ 72.879436873542531, 19.200819254284337 ], [ 72.878304014474139, 19.196686007824507 ], [ 72.873135633672021, 19.196686007824507 ], [ 72.869739056132531, 19.184286505835999 ], [ 72.874907196039217, 19.184286505835999 ], [ 72.873775509358623, 19.180153417603972 ], [ 72.863439390059099, 19.180153417603972 ], [ 72.865702735391451, 19.188419633610199 ], [ 72.860534515207078, 19.188419633610199 ], [ 72.86166654711073, 19.192552800936411 ], [ 72.856498246627879, 19.192552800936411 ], [ 72.857630491265681, 19.196686007824507 ], [ 72.862798872067799, 19.196686007824507 ] ] ] } },
{ "type": "Feature", "properties": { }, "geometry": { "type": "Polygon", "coordinates": [ [ [ 72.851824996323472, 19.21321923119292 ], [ 72.850691739982764, 19.209085865958688 ], [ 72.845523118098114, 19.209085865958688 ], [ 72.84778976313352, 19.217352636038363 ], [ 72.852958545843876, 19.217352636038363 ], [ 72.854092388581748, 19.221486080504857 ], [ 72.869598978044934, 19.221486080504857 ], [ 72.868464893974931, 19.217352636038363 ], [ 72.863296111264589, 19.217352636038363 ], [ 72.862162400897688, 19.21321923119292 ], [ 72.851824996323472, 19.21321923119292 ] ] ] } },
{ "type": "Feature", "properties": { }, "geometry": { "type": "Polygon", "coordinates": [ [ [ 72.880336979039157, 19.279358468775197 ], [ 72.878061046376104, 19.271090508138602 ], [ 72.872891216269522, 19.271090508138602 ], [ 72.875166987482274, 19.279358468775197 ], [ 72.880336979039157, 19.279358468775197 ] ] ] } },
{ "type": "Feature", "properties": { }, "geometry": { "type": "Polygon", "coordinates": [ [ [ 72.908464852463723, 19.287626588488532 ], [ 72.907325747658959, 19.283492508742331 ], [ 72.891815530719057, 19.283492508742331 ], [ 72.894093549609863, 19.291760708023677 ], [ 72.89926378349854, 19.291760708023677 ], [ 72.900403314718162, 19.295894867357667 ], [ 72.905573629425803, 19.295894867357667 ], [ 72.903294699373149, 19.287626588488532 ], [ 72.908464852463723, 19.287626588488532 ] ] ] } },
{ "type": "Feature", "properties": { }, "geometry": { "type": "Polygon", "coordinates": [ [ [ 72.883675343122064, 19.32896957597427 ], [ 72.888244204682209, 19.34550788727444 ], [ 72.893415490844831, 19.34550788727444 ], [ 72.892272752888942, 19.341373249582986 ], [ 72.897443957982148, 19.341373249582986 ], [ 72.896301433355035, 19.33723865180907 ], [ 72.901472557399742, 19.33723865180907 ], [ 72.899188229153054, 19.32896957597427 ], [ 72.894017267142729, 19.32896957597427 ], [ 72.892875625481238, 19.324835097893597 ], [ 72.887704744456784, 19.324835097893597 ], [ 72.88884630513239, 19.32896957597427 ], [ 72.883675343122064, 19.32896957597427 ] ] ] } },
{ "type": "Feature", "properties": { }, "geometry": { "type": "Polygon", "coordinates": [ [ [ 72.919271921657852, 19.34550788727444 ], [ 72.929614493983067, 19.34550788727444 ], [ 72.928471188541423, 19.341373249582986 ], [ 72.933642393634642, 19.341373249582986 ], [ 72.931356504207471, 19.333104093942801 ], [ 72.921014418173314, 19.333104093942801 ], [ 72.922157053578559, 19.33723865180907 ], [ 72.916985929533851, 19.33723865180907 ], [ 72.918128778355012, 19.341373249582986 ], [ 72.912957573261792, 19.341373249582986 ], [ 72.915243992227701, 19.349642564893333 ], [ 72.9204153594806, 19.349642564893333 ], [ 72.919271921657852, 19.34550788727444 ] ] ] } },
{ "type": "Feature", "properties": { }, "geometry": { "type": "Polygon", "coordinates": [ [ [ 72.893369352272714, 19.382721424420453 ], [ 72.894514873546015, 19.386856461831908 ], [ 72.904859069557531, 19.386856461831908 ], [ 72.903713385727457, 19.382721424420453 ], [ 72.908885402454843, 19.382721424420453 ], [ 72.907739932126844, 19.378586427025567 ], [ 72.912911867596748, 19.378586427025567 ], [ 72.908332608502903, 19.362046837413644 ], [ 72.91350421915196, 19.362046837413644 ], [ 72.912360059846264, 19.357912039953035 ], [ 72.896845471357906, 19.357912039953035 ], [ 72.895701850041121, 19.35377728244956 ], [ 72.890530401677069, 19.35377728244956 ], [ 72.896251048074333, 19.374451469637357 ], [ 72.891079193840994, 19.374451469637357 ], [ 72.892224125717135, 19.378586427025567 ], [ 72.887052190247218, 19.378586427025567 ], [ 72.888197335545343, 19.382721424420453 ], [ 72.893369352272714, 19.382721424420453 ] ] ] } },
{ "type": "Feature", "properties": { }, "geometry": { "type": "Polygon", "coordinates": [ [ [ 72.986449986844917, 19.697099041206009 ], [ 72.976093479482373, 19.697099041206009 ], [ 72.977261429420551, 19.701237148948376 ], [ 72.987618102534398, 19.701237148948376 ], [ 72.986449986844917, 19.697099041206009 ] ] ] } },
{ "type": "Feature", "properties": { }, "geometry": { "type": "Polygon", "coordinates": [ [ [ 72.993964935403099, 19.705375297473417 ], [ 72.983608096495701, 19.705375297473417 ], [ 72.984776724757609, 19.709513486791117 ], [ 72.995133729500793, 19.709513486791117 ], [ 72.993964935403099, 19.705375297473417 ] ] ] } },
{ "type": "Feature", "properties": { }, "geometry": { "type": "Polygon", "coordinates": [ [ [ 73.034893157667227, 19.721928299600112 ], [ 73.036063724318979, 19.726066652188383 ], [ 73.046421392827966, 19.726066652188383 ], [ 73.044080225648244, 19.717789987844469 ], [ 73.038901557377486, 19.717789987844469 ], [ 73.040071908919302, 19.721928299600112 ], [ 73.034893157667227, 19.721928299600112 ] ] ] } },
{ "type": "Feature", "properties": { }, "geometry": { "type": "Polygon", "coordinates": [ [ [ 72.838503494383929, 18.936370847277605 ], [ 72.841849180606005, 18.948763282149621 ], [ 72.847012778954365, 18.948763282149621 ], [ 72.843666855563939, 18.936370847277605 ], [ 72.838503494383929, 18.936370847277605 ] ] ] } },
{ "type": "Feature", "properties": { }, "geometry": { "type": "Polygon", "coordinates": [ [ [ 72.90622089989489, 19.014862199837282 ], [ 72.911385766278642, 19.014862199837282 ], [ 72.909144108411013, 19.006599288007152 ], [ 72.914308816001139, 19.006599288007152 ], [ 72.917671978760609, 19.018993714455657 ], [ 72.922836924572195, 19.018993714455657 ], [ 72.925080651407555, 19.027256861148128 ], [ 72.930245756136813, 19.027256861148128 ], [ 72.931368137010452, 19.031388493241867 ], [ 72.936533321229561, 19.031388493241867 ], [ 72.932045231813689, 19.014862199837282 ], [ 72.926880365429909, 19.014862199837282 ], [ 72.924638231181419, 19.006599288007152 ], [ 72.919473523591279, 19.006599288007152 ], [ 72.918352973588043, 19.002467890775772 ], [ 72.913188345363722, 19.002467890775772 ], [ 72.912068166472167, 18.998336532653763 ], [ 72.906903617593002, 18.998336532653763 ], [ 72.904664293527233, 18.990073933698614 ], [ 72.899499903276379, 18.990073933698614 ], [ 72.900619340179972, 18.994205213631318 ], [ 72.890290401070587, 18.994205213631318 ], [ 72.894770430515194, 19.01073072435771 ], [ 72.905100004468437, 19.01073072435771 ], [ 72.90622089989489, 19.014862199837282 ] ] ] } },
{ "type": "Feature", "properties": { }, "geometry": { "type": "Polygon", "coordinates": [ [ [ 72.92844843167741, 19.039651874973433 ], [ 72.938779118199179, 19.039651874973433 ], [ 72.937656073661515, 19.035520164513692 ], [ 72.932490809931849, 19.035520164513692 ], [ 72.931368137010452, 19.031388493241867 ], [ 72.926202952791343, 19.031388493241867 ], [ 72.927325546202198, 19.035520164513692 ], [ 72.916995018742895, 19.035520164513692 ], [ 72.918117745155655, 19.039651874973433 ], [ 72.923283088416539, 19.039651874973433 ], [ 72.924406186441473, 19.043783624630908 ], [ 72.929571609254253, 19.043783624630908 ], [ 72.92844843167741, 19.039651874973433 ] ] ] } },
{ "type": "Feature", "properties": { }, "geometry": { "type": "Polygon", "coordinates": [ [ [ 72.923735758869157, 19.060311015434628 ], [ 72.928901500096543, 19.060311015434628 ], [ 72.925529576584623, 19.047915413495936 ], [ 72.920364074199213, 19.047915413495936 ], [ 72.918117745155655, 19.039651874973433 ], [ 72.912952401894799, 19.039651874973433 ], [ 72.917445910189471, 19.056179108887974 ], [ 72.912280248596758, 19.056179108887974 ], [ 72.913404276414383, 19.060311015434628 ], [ 72.91857001764177, 19.060311015434628 ], [ 72.919694417320216, 19.064442961228142 ], [ 72.924860238202996, 19.064442961228142 ], [ 72.923735758869157, 19.060311015434628 ] ] ] } },
{ "type": "Feature", "properties": { }, "geometry": { "type": "Polygon", "coordinates": [ [ [ 72.900155507026511, 19.06857494627835 ], [ 72.915653208703205, 19.06857494627835 ], [ 72.913404276414383, 19.060311015434628 ], [ 72.908238535186982, 19.060311015434628 ], [ 72.909362775554627, 19.064442961228142 ], [ 72.899031133789052, 19.064442961228142 ], [ 72.900155507026511, 19.06857494627835 ] ] ] } },
{ "type": "Feature", "properties": { }, "geometry": { "type": "Polygon", "coordinates": [ [ [ 72.899489703059743, 19.085103279242684 ], [ 72.894989606467618, 19.06857494627835 ], [ 72.889823705908725, 19.06857494627835 ], [ 72.890948211970596, 19.072706970595078 ], [ 72.880616251459188, 19.072706970595078 ], [ 72.881740890299938, 19.076839034188158 ], [ 72.892073010246392, 19.076839034188158 ], [ 72.894323483589318, 19.085103279242684 ], [ 72.899489703059743, 19.085103279242684 ] ] ] } },
{ "type": "Feature", "properties": { }, "geometry": { "type": "Polygon", "coordinates": [ [ [ 72.920621257612055, 19.105764579903468 ], [ 72.921748714479008, 19.109896958061373 ], [ 72.916582016019731, 19.109896958061373 ], [ 72.91770968561633, 19.114029375584135 ], [ 72.92287646397962, 19.114029375584135 ], [ 72.924004506151419, 19.118161832481615 ], [ 72.929171364439497, 19.118161832481615 ], [ 72.925787876188039, 19.105764579903468 ], [ 72.930954494764009, 19.105764579903468 ], [ 72.929827170768121, 19.101632241100603 ], [ 72.92466063205471, 19.101632241100603 ], [ 72.923533680500839, 19.09749994164293 ], [ 72.928700139372424, 19.09749994164293 ], [ 72.92757340053943, 19.093367681520611 ], [ 72.912074263388035, 19.093367681520611 ], [ 72.915454639036071, 19.105764579903468 ], [ 72.920621257612055, 19.105764579903468 ] ] ] } },
{ "type": "Feature", "properties": { }, "geometry": { "type": "Polygon", "coordinates": [ [ [ 72.90333707299915, 19.118161832481615 ], [ 72.904465088097609, 19.12229432876364 ], [ 72.909632026331181, 19.12229432876364 ], [ 72.913018067717033, 19.134692054015492 ], [ 72.907850889522479, 19.134692054015492 ], [ 72.908980075499059, 19.138824707934173 ], [ 72.914147333722113, 19.138824707934173 ], [ 72.915276892561337, 19.14295740128663 ], [ 72.920444230833638, 19.14295740128663 ], [ 72.921574162614604, 19.147090134082713 ], [ 72.9267415809569, 19.147090134082713 ], [ 72.925611569105911, 19.14295740128663 ], [ 72.941113583922771, 19.14295740128663 ], [ 72.939983624837325, 19.138824707934173 ], [ 72.934816366614285, 19.138824707934173 ], [ 72.93368678049525, 19.134692054015492 ], [ 72.938853958689819, 19.134692054015492 ], [ 72.937724585442623, 19.130559439520741 ], [ 72.932557487255821, 19.130559439520741 ], [ 72.930299779265482, 19.12229432876364 ], [ 72.92513284103191, 19.12229432876364 ], [ 72.924004506151419, 19.118161832481615 ], [ 72.918837647863356, 19.118161832481615 ], [ 72.91770968561633, 19.114029375584135 ], [ 72.912542907253012, 19.114029375584135 ], [ 72.911415317560468, 19.109896958061373 ], [ 72.906248619101177, 19.109896958061373 ], [ 72.908503931287214, 19.118161832481615 ], [ 72.90333707299915, 19.118161832481615 ] ], [ [ 72.919965902798324, 19.12229432876364 ], [ 72.921094450458753, 19.12642686444007 ], [ 72.915927432258925, 19.12642686444007 ], [ 72.914798964564753, 19.12229432876364 ], [ 72.919965902798324, 19.12229432876364 ] ], [ [ 72.928519602300696, 19.134692054015492 ], [ 72.929649108391231, 19.138824707934173 ], [ 72.924481850168192, 19.138824707934173 ], [ 72.923352424106142, 19.134692054015492 ], [ 72.928519602300696, 19.134692054015492 ] ] ] } },
{ "type": "Feature", "properties": { }, "geometry": { "type": "Polygon", "coordinates": [ [ [ 72.939827848057902, 19.176020368904233 ], [ 72.940960284805527, 19.180153417603972 ], [ 72.946128344455275, 19.180153417603972 ], [ 72.944995827471544, 19.176020368904233 ], [ 72.950163806885158, 19.176020368904233 ], [ 72.947899492237823, 19.167754390062253 ], [ 72.942731673234135, 19.167754390062253 ], [ 72.941600035905111, 19.163621459900295 ], [ 72.957103252394717, 19.163621459900295 ], [ 72.954840376271719, 19.155355718045154 ], [ 72.939337640638072, 19.155355718045154 ], [ 72.938206882624769, 19.151222906332265 ], [ 72.922704387325652, 19.151222906332265 ], [ 72.923834905004412, 19.155355718045154 ], [ 72.918667326459854, 19.155355718045154 ], [ 72.922060397219383, 19.167754390062253 ], [ 72.927228216223071, 19.167754390062253 ], [ 72.928359906148899, 19.171887359726949 ], [ 72.933527805347182, 19.171887359726949 ], [ 72.934659868644275, 19.176020368904233 ], [ 72.939827848057902, 19.176020368904233 ] ], [ [ 72.923834905004412, 19.155355718045154 ], [ 72.934170062093514, 19.155355718045154 ], [ 72.936432297075228, 19.163621459900295 ], [ 72.931264558245346, 19.163621459900295 ], [ 72.930133374365298, 19.159488569231204 ], [ 72.924965715688472, 19.159488569231204 ], [ 72.923834905004412, 19.155355718045154 ] ] ] } },
{ "type": "Feature", "properties": { }, "geometry": { "type": "Polygon", "coordinates": [ [ [ 72.96163252340456, 19.180153417603972 ], [ 72.959367301338517, 19.171887359726949 ], [ 72.954199402140247, 19.171887359726949 ], [ 72.956464463754799, 19.180153417603972 ], [ 72.96163252340456, 19.180153417603972 ] ] ] } },
{ "type": "Feature", "properties": { }, "geometry": { "type": "Polygon", "coordinates": [ [ [ 72.946128344455275, 19.180153417603972 ], [ 72.948394258341381, 19.188419633610199 ], [ 72.953562478525754, 19.188419633610199 ], [ 72.95242929463933, 19.184286505835999 ], [ 72.957597434546003, 19.184286505835999 ], [ 72.956464463754799, 19.180153417603972 ], [ 72.946128344455275, 19.180153417603972 ] ] ] } },
{ "type": "Feature", "properties": { }, "geometry": { "type": "Polygon", "coordinates": [ [ [ 72.965032556767696, 19.192552800936411 ], [ 72.962765574452675, 19.184286505835999 ], [ 72.957597434546003, 19.184286505835999 ], [ 72.95986425628486, 19.192552800936411 ], [ 72.965032556767696, 19.192552800936411 ] ] ] } },
{ "type": "Feature", "properties": { }, "geometry": { "type": "Polygon", "coordinates": [ [ [ 72.955829726505883, 19.196686007824507 ], [ 72.960998107307987, 19.196686007824507 ], [ 72.95986425628486, 19.192552800936411 ], [ 72.949527655319173, 19.192552800936411 ], [ 72.948394258341381, 19.188419633610199 ], [ 72.943226038156993, 19.188419633610199 ], [ 72.944359354836322, 19.192552800936411 ], [ 72.939191054353472, 19.192552800936411 ], [ 72.942592523838428, 19.204952540325785 ], [ 72.952929606844478, 19.204952540325785 ], [ 72.951795329532942, 19.200819254284337 ], [ 72.956963790675104, 19.200819254284337 ], [ 72.955829726505883, 19.196686007824507 ] ] ] } },
{ "type": "Feature", "properties": { }, "geometry": { "type": "Polygon", "coordinates": [ [ [ 72.95519904206563, 19.21321923119292 ], [ 72.960367744352737, 19.21321923119292 ], [ 72.961502982761246, 19.217352636038363 ], [ 72.95633420005089, 19.217352636038363 ], [ 72.957469651669683, 19.221486080504857 ], [ 72.962638514824079, 19.221486080504857 ], [ 72.966046873317026, 19.233886651729414 ], [ 72.960877768705657, 19.233886651729414 ], [ 72.96201439523702, 19.238020254778853 ], [ 72.967183580375689, 19.238020254778853 ], [ 72.968320581277979, 19.242153897498699 ], [ 72.963151315591219, 19.242153897498699 ], [ 72.96428852980614, 19.246287579898837 ], [ 72.974627222317508, 19.246287579898837 ], [ 72.976902854881757, 19.254555063779449 ], [ 72.966563839969766, 19.254555063779449 ], [ 72.968840326031327, 19.262822706499705 ], [ 72.963670657291715, 19.262822706499705 ], [ 72.962532347906929, 19.258688865279687 ], [ 72.952193171732134, 19.258688865279687 ], [ 72.953331319812463, 19.262822706499705 ], [ 72.958500988552089, 19.262822706499705 ], [ 72.960778328081318, 19.271090508138602 ], [ 72.965948158187899, 19.271090508138602 ], [ 72.967087349775269, 19.27522446857725 ], [ 72.972257260596578, 19.27522446857725 ], [ 72.96997901011872, 19.266956587449382 ], [ 72.985488258356753, 19.266956587449382 ], [ 72.98434933225019, 19.262822706499705 ], [ 72.994688669729442, 19.262822706499705 ], [ 72.992411377249766, 19.254555063779449 ], [ 72.987241869793763, 19.254555063779449 ], [ 72.986103745301406, 19.250421301989128 ], [ 72.980934318455965, 19.250421301989128 ], [ 72.978659112651513, 19.242153897498699 ], [ 72.988997644025048, 19.242153897498699 ], [ 72.987860320930352, 19.238020254778853 ], [ 72.993029506069007, 19.238020254778853 ], [ 72.991892396373913, 19.233886651729414 ], [ 72.981554187151161, 19.233886651729414 ], [ 72.979281171436824, 19.22561956460229 ], [ 72.984450115056077, 19.22561956460229 ], [ 72.985586556483739, 19.229753088340512 ], [ 72.990755580588655, 19.229753088340512 ], [ 72.988482830596041, 19.221486080504857 ], [ 72.993651693750451, 19.221486080504857 ], [ 72.992515679023327, 19.217352636038363 ], [ 72.997684461733684, 19.217352636038363 ], [ 72.994277938868635, 19.204952540325785 ], [ 72.983940855862599, 19.204952540325785 ], [ 72.985075908984072, 19.209085865958688 ], [ 72.974738665214744, 19.209085865958688 ], [ 72.971334868912223, 19.196686007824507 ], [ 72.966166488110105, 19.196686007824507 ], [ 72.967300712959442, 19.200819254284337 ], [ 72.962132251817266, 19.200819254284337 ], [ 72.963266689850499, 19.204952540325785 ], [ 72.952929606844478, 19.204952540325785 ], [ 72.95519904206563, 19.21321923119292 ] ], [ [ 72.979179663510564, 19.262822706499705 ], [ 72.978041112169123, 19.258688865279687 ], [ 72.983210700256507, 19.258688865279687 ], [ 72.98434933225019, 19.262822706499705 ], [ 72.979179663510564, 19.262822706499705 ] ], [ [ 72.982691135791683, 19.238020254778853 ], [ 72.977521950653014, 19.238020254778853 ], [ 72.976385082539778, 19.233886651729414 ], [ 72.981554187151161, 19.233886651729414 ], [ 72.982691135791683, 19.238020254778853 ] ], [ [ 72.99024453086875, 19.209085865958688 ], [ 72.991379958075385, 19.21321923119292 ], [ 72.986211255788263, 19.21321923119292 ], [ 72.985075908984072, 19.209085865958688 ], [ 72.99024453086875, 19.209085865958688 ] ], [ [ 72.982178113602629, 19.217352636038363 ], [ 72.98331396744166, 19.221486080504857 ], [ 72.97814510428725, 19.221486080504857 ], [ 72.977009330892287, 19.217352636038363 ], [ 72.982178113602629, 19.217352636038363 ] ] ] } },
{ "type": "Feature", "properties": { }, "geometry": { "type": "Polygon", "coordinates": [ [ [ 72.956068811266618, 19.32896957597427 ], [ 72.957211719292829, 19.333104093942801 ], [ 72.952040676275757, 19.333104093942801 ], [ 72.954327214007478, 19.341373249582986 ], [ 72.959498419100683, 19.341373249582986 ], [ 72.95835492189147, 19.33723865180907 ], [ 72.963526045936163, 19.33723865180907 ], [ 72.961239773276944, 19.32896957597427 ], [ 72.956068811266618, 19.32896957597427 ] ] ] } },
{ "type": "Feature", "properties": { }, "geometry": { "type": "Polygon", "coordinates": [ [ [ 72.970984783283896, 19.34550788727444 ], [ 72.965813497121289, 19.34550788727444 ], [ 72.968102127137897, 19.35377728244956 ], [ 72.973273575501949, 19.35377728244956 ], [ 72.970984783283896, 19.34550788727444 ] ] ] } },
{ "type": "Feature", "properties": { }, "geometry": { "type": "Polygon", "coordinates": [ [ [ 73.075830796936202, 19.738481955048986 ], [ 73.073487010047842, 19.730205045619289 ], [ 73.068308092769769, 19.730205045619289 ], [ 73.070651713547576, 19.738481955048986 ], [ 73.075830796936202, 19.738481955048986 ] ] ] } },
{ "type": "Feature", "properties": { }, "geometry": { "type": "Polygon", "coordinates": [ [ [ 72.880809842317532, 18.7092380666842 ], [ 72.878609611330901, 18.700980892331984 ], [ 72.883768501497912, 18.700980892331984 ], [ 72.882668742054335, 18.696852362754228 ], [ 72.877509929730962, 18.696852362754228 ], [ 72.874212620069486, 18.684467004297556 ], [ 72.869054041154229, 18.684467004297556 ], [ 72.870152777439017, 18.688595418746758 ], [ 72.864994120741528, 18.688595418746758 ], [ 72.867192305084231, 18.696852362754228 ], [ 72.862033492760858, 18.696852362754228 ], [ 72.865332704570335, 18.7092380666842 ], [ 72.880809842317532, 18.7092380666842 ] ] ] } },
{ "type": "Feature", "properties": { }, "geometry": { "type": "Polygon", "coordinates": [ [ [ 72.889622342080685, 18.742268301478443 ], [ 72.888519766344714, 18.738139387505619 ], [ 72.878200582981691, 18.738139387505619 ], [ 72.879303002620631, 18.742268301478443 ], [ 72.889622342080685, 18.742268301478443 ] ] ] } },
{ "type": "Feature", "properties": { }, "geometry": { "type": "Polygon", "coordinates": [ [ [ 72.935382237015574, 18.874413926214146 ], [ 72.929825050020611, 18.853763561105808 ], [ 72.924663265222904, 18.853763561105808 ], [ 72.926885110569359, 18.862023590810491 ], [ 72.92172316850403, 18.862023590810491 ], [ 72.923946019281104, 18.870283775620333 ], [ 72.929108118696362, 18.870283775620333 ], [ 72.930220058894506, 18.874413926214146 ], [ 72.935382237015574, 18.874413926214146 ] ] ] } },
{ "type": "Feature", "properties": { }, "geometry": { "type": "Polygon", "coordinates": [ [ [ 72.935382237015574, 18.874413926214146 ], [ 72.936494546745621, 18.87854411561359 ], [ 72.931332289898151, 18.87854411561359 ], [ 72.932444811744119, 18.882674343828455 ], [ 72.942769482933087, 18.882674343828455 ], [ 72.940544415136642, 18.874413926214146 ], [ 72.935382237015574, 18.874413926214146 ] ] ] } },
{ "type": "Feature", "properties": { }, "geometry": { "type": "Polygon", "coordinates": [ [ [ 72.949592467489637, 18.965287074437683 ], [ 72.951829876885455, 18.973549204669041 ], [ 72.956993950127583, 18.973549204669041 ], [ 72.955875020411753, 18.969418120037918 ], [ 72.961039014453291, 18.969418120037918 ], [ 72.959920297212918, 18.965287074437683 ], [ 72.949592467489637, 18.965287074437683 ] ] ] } },
{ "type": "Feature", "properties": { }, "geometry": { "type": "Polygon", "coordinates": [ [ [ 72.99718173056209, 19.064442961228142 ], [ 73.002347551444885, 19.064442961228142 ], [ 73.001221877280059, 19.060311015434628 ], [ 72.990890394825271, 19.060311015434628 ], [ 72.993141717086644, 19.06857494627835 ], [ 72.998307617645537, 19.06857494627835 ], [ 72.99718173056209, 19.064442961228142 ] ] ] } },
{ "type": "Feature", "properties": { }, "geometry": { "type": "Polygon", "coordinates": [ [ [ 72.999729763684414, 19.130559439520741 ], [ 73.003121643190198, 19.14295740128663 ], [ 72.997954304917911, 19.14295740128663 ], [ 73.001348583172685, 19.155355718045154 ], [ 72.996181004628141, 19.155355718045154 ], [ 72.998445163033722, 19.163621459900295 ], [ 72.993277424203839, 19.163621459900295 ], [ 72.994409863270988, 19.167754390062253 ], [ 72.984074225263612, 19.167754390062253 ], [ 72.98747282165337, 19.180153417603972 ], [ 72.992640881303132, 19.180153417603972 ], [ 72.993774413892737, 19.184286505835999 ], [ 72.988606273986051, 19.184286505835999 ], [ 72.990874059181948, 19.192552800936411 ], [ 72.996042359664813, 19.192552800936411 ], [ 72.997176772922813, 19.196686007824507 ], [ 73.007513534527035, 19.196686007824507 ], [ 73.004110693706082, 19.184286505835999 ], [ 73.009278833612754, 19.184286505835999 ], [ 73.004745501278364, 19.167754390062253 ], [ 73.009913320282067, 19.167754390062253 ], [ 73.006516161717258, 19.155355718045154 ], [ 73.016851318806332, 19.155355718045154 ], [ 73.014587692775677, 19.147090134082713 ], [ 73.019755111117973, 19.147090134082713 ], [ 73.017492498182975, 19.138824707934173 ], [ 73.022659756406014, 19.138824707934173 ], [ 73.019267796255377, 19.12642686444007 ], [ 73.024434814455205, 19.12642686444007 ], [ 73.02330466746983, 19.12229432876364 ], [ 73.033638543936988, 19.12229432876364 ], [ 73.029120247707553, 19.105764579903468 ], [ 73.034286866283537, 19.105764579903468 ], [ 73.0320293168039, 19.09749994164293 ], [ 73.026862857932329, 19.09749994164293 ], [ 73.025734602498233, 19.093367681520611 ], [ 73.030900981548697, 19.093367681520611 ], [ 73.028645189819983, 19.085103279242684 ], [ 73.033811409290394, 19.085103279242684 ], [ 73.032683872982957, 19.080971137067408 ], [ 73.037850012694435, 19.080971137067408 ], [ 73.033342476741637, 19.064442961228142 ], [ 73.038508297624446, 19.064442961228142 ], [ 73.031755296894971, 19.039651874973433 ], [ 73.021424610373217, 19.039651874973433 ], [ 73.022549219884539, 19.043783624630908 ], [ 73.027714642697319, 19.043783624630908 ], [ 73.028839624292601, 19.047915413495936 ], [ 73.01850861952181, 19.047915413495936 ], [ 73.019633734499905, 19.052047241578347 ], [ 73.014468152521204, 19.052047241578347 ], [ 73.021224509577095, 19.076839034188158 ], [ 73.016058449603861, 19.076839034188158 ], [ 73.018312750879161, 19.085103279242684 ], [ 73.013146531408751, 19.085103279242684 ], [ 73.014274041482992, 19.089235460723806 ], [ 73.01944034073307, 19.089235460723806 ], [ 73.021696399060744, 19.09749994164293 ], [ 73.016529940189173, 19.09749994164293 ], [ 73.015401844397303, 19.093367681520611 ], [ 73.010235465346838, 19.093367681520611 ], [ 73.012491790182693, 19.101632241100603 ], [ 73.007325251469283, 19.101632241100603 ], [ 73.009582588286634, 19.109896958061373 ], [ 73.019915985205174, 19.109896958061373 ], [ 73.02217481362473, 19.118161832481615 ], [ 73.001507380472447, 19.118161832481615 ], [ 73.004896861871202, 19.130559439520741 ], [ 72.999729763684414, 19.130559439520741 ] ], [ [ 72.998942553799409, 19.184286505835999 ], [ 73.00007646018507, 19.188419633610199 ], [ 72.994908240000711, 19.188419633610199 ], [ 72.993774413892737, 19.184286505835999 ], [ 72.998942553799409, 19.184286505835999 ] ], [ [ 73.018787010555599, 19.105764579903468 ], [ 73.023953629131569, 19.105764579903468 ], [ 73.025082683664451, 19.109896958061373 ], [ 73.019915985205174, 19.109896958061373 ], [ 73.018787010555599, 19.105764579903468 ] ], [ [ 73.03155662952355, 19.076839034188158 ], [ 73.02639056955033, 19.076839034188158 ], [ 73.025263698618971, 19.072706970595078 ], [ 73.030429678874683, 19.072706970595078 ], [ 73.03155662952355, 19.076839034188158 ] ] ] } },
{ "type": "Feature", "properties": { }, "geometry": { "type": "Polygon", "coordinates": [ [ [ 72.976003703953296, 19.176020368904233 ], [ 72.973738587256236, 19.167754390062253 ], [ 72.968570768252562, 19.167754390062253 ], [ 72.969703099735057, 19.171887359726949 ], [ 72.964535200536787, 19.171887359726949 ], [ 72.965667745126026, 19.176020368904233 ], [ 72.976003703953296, 19.176020368904233 ] ] ] } },
{ "type": "Feature", "properties": { }, "geometry": { "type": "Polygon", "coordinates": [ [ [ 73.021769725218107, 19.229753088340512 ], [ 73.019496009522427, 19.221486080504857 ], [ 73.014327146368032, 19.221486080504857 ], [ 73.016600701113191, 19.229753088340512 ], [ 73.021769725218107, 19.229753088340512 ] ] ] } },
{ "type": "Feature", "properties": { }, "geometry": { "type": "Polygon", "coordinates": [ [ [ 73.011431677008289, 19.229753088340512 ], [ 73.001093628798472, 19.229753088340512 ], [ 73.003367876346346, 19.238020254778853 ], [ 73.013706246623684, 19.238020254778853 ], [ 73.011431677008289, 19.229753088340512 ] ] ] } },
{ "type": "Feature", "properties": { }, "geometry": { "type": "Polygon", "coordinates": [ [ [ 73.017120306374011, 19.250421301989128 ], [ 73.015981992363038, 19.246287579898837 ], [ 73.01081264610734, 19.246287579898837 ], [ 73.009674706772117, 19.242153897498699 ], [ 73.004505441085357, 19.242153897498699 ], [ 73.010197675948319, 19.262822706499705 ], [ 73.020537013427557, 19.262822706499705 ], [ 73.021676504245534, 19.266956587449382 ], [ 73.026846253658221, 19.266956587449382 ], [ 73.027986119466803, 19.271090508138602 ], [ 73.022816289360222, 19.271090508138602 ], [ 73.02395636880965, 19.27522446857725 ], [ 73.039466101273575, 19.27522446857725 ], [ 73.038325779679951, 19.271090508138602 ], [ 73.048665439893099, 19.271090508138602 ], [ 73.047525251308926, 19.266956587449382 ], [ 73.0578647501343, 19.266956587449382 ], [ 73.055584933480077, 19.258688865279687 ], [ 73.060754521567489, 19.258688865279687 ], [ 73.058475721137469, 19.250421301989128 ], [ 73.053306294292028, 19.250421301989128 ], [ 73.051028832266269, 19.242153897498699 ], [ 73.040690300892734, 19.242153897498699 ], [ 73.038414337876333, 19.233886651729414 ], [ 73.03324523326495, 19.233886651729414 ], [ 73.03210777342791, 19.229753088340512 ], [ 73.026938749323008, 19.229753088340512 ], [ 73.029213802039678, 19.238020254778853 ], [ 73.013706246623684, 19.238020254778853 ], [ 73.014843972458891, 19.242153897498699 ], [ 73.020013238145665, 19.242153897498699 ], [ 73.022289733219452, 19.250421301989128 ], [ 73.017120306374011, 19.250421301989128 ] ], [ [ 73.029736993043102, 19.258688865279687 ], [ 73.024567404955704, 19.258688865279687 ], [ 73.023428421985784, 19.254555063779449 ], [ 73.028597929441787, 19.254555063779449 ], [ 73.029736993043102, 19.258688865279687 ] ], [ [ 73.02632068487442, 19.246287579898837 ], [ 73.031490031130105, 19.246287579898837 ], [ 73.032628586910306, 19.250421301989128 ], [ 73.027459160064879, 19.250421301989128 ], [ 73.02632068487442, 19.246287579898837 ] ] ] } },
{ "type": "Feature", "properties": { }, "geometry": { "type": "Polygon", "coordinates": [ [ [ 73.013008929049306, 19.291760708023677 ], [ 73.015291842023473, 19.300029066500379 ], [ 73.025632633118377, 19.300029066500379 ], [ 73.024490867701417, 19.295894867357667 ], [ 73.034831497116684, 19.295894867357667 ], [ 73.035973424213296, 19.300029066500379 ], [ 73.041143819760748, 19.300029066500379 ], [ 73.043428719600385, 19.308297584251523 ], [ 73.038258162310726, 19.308297584251523 ], [ 73.041687479789459, 19.320700659690875 ], [ 73.052029079908365, 19.320700659690875 ], [ 73.053172937239239, 19.324835097893597 ], [ 73.06351469928812, 19.324835097893597 ], [ 73.062370680027257, 19.320700659690875 ], [ 73.067541480086703, 19.320700659690875 ], [ 73.065254164348104, 19.31243190287973 ], [ 73.060083526156049, 19.31243190287973 ], [ 73.057797551564434, 19.304163305461707 ], [ 73.052627075156309, 19.304163305461707 ], [ 73.051484610855638, 19.300029066500379 ], [ 73.0463142153082, 19.300029066500379 ], [ 73.045172126531966, 19.295894867357667 ], [ 73.05551275594722, 19.295894867357667 ], [ 73.054370800158679, 19.291760708023677 ], [ 73.049200566270002, 19.291760708023677 ], [ 73.048058985908838, 19.287626588488532 ], [ 73.053229138999399, 19.287626588488532 ], [ 73.050946700416219, 19.279358468775197 ], [ 73.045776708859336, 19.279358468775197 ], [ 73.046917700117973, 19.283492508742331 ], [ 73.041747627804696, 19.283492508742331 ], [ 73.040606717302467, 19.279358468775197 ], [ 73.0302667341887, 19.279358468775197 ], [ 73.032548526637171, 19.287626588488532 ], [ 73.022208220456037, 19.287626588488532 ], [ 73.02334939682666, 19.291760708023677 ], [ 73.013008929049306, 19.291760708023677 ] ] ] } },
{ "type": "Feature", "properties": { }, "geometry": { "type": "Polygon", "coordinates": [ [ [ 73.098076005623923, 19.523335210618256 ], [ 73.092901213682538, 19.523335210618256 ], [ 73.094059319947064, 19.52747161449604 ], [ 73.114758815676538, 19.52747161449604 ], [ 73.1101268591798, 19.510926241069562 ], [ 73.104952313085363, 19.510926241069562 ], [ 73.106109775216112, 19.515062523914949 ], [ 73.100935147193681, 19.515062523914949 ], [ 73.095151211828764, 19.494381512831044 ], [ 73.084802774643848, 19.494381512831044 ], [ 73.090585891148834, 19.515062523914949 ], [ 73.095760519171264, 19.515062523914949 ], [ 73.098076005623923, 19.523335210618256 ] ] ] } },
{ "type": "Feature", "properties": { }, "geometry": { "type": "Polygon", "coordinates": [ [ [ 73.128586139385362, 19.539881068353314 ], [ 73.133761259416744, 19.539881068353314 ], [ 73.132601688507037, 19.535744543353623 ], [ 73.137776726484404, 19.535744543353623 ], [ 73.134299549213623, 19.523335210618256 ], [ 73.129124757272237, 19.523335210618256 ], [ 73.130283437473651, 19.52747161449604 ], [ 73.119933689608899, 19.52747161449604 ], [ 73.122251612552304, 19.535744543353623 ], [ 73.127426650529671, 19.535744543353623 ], [ 73.128586139385362, 19.539881068353314 ] ] ] } },
{ "type": "Feature", "properties": { }, "geometry": { "type": "Polygon", "coordinates": [ [ [ 73.097535419197101, 19.539881068353314 ], [ 73.092360299165719, 19.539881068353314 ], [ 73.094679018596935, 19.548154239544221 ], [ 73.105029587001837, 19.548154239544221 ], [ 73.101551460642867, 19.535744543353623 ], [ 73.096376422665486, 19.535744543353623 ], [ 73.097535419197101, 19.539881068353314 ] ] ] } },
{ "type": "Feature", "properties": { }, "geometry": { "type": "Polygon", "coordinates": [ [ [ 73.084953928439063, 19.568837874936484 ], [ 73.116008098427358, 19.568837874936484 ], [ 73.114846858842853, 19.564701066970791 ], [ 73.109671246045977, 19.564701066970791 ], [ 73.108510385750492, 19.560564299458676 ], [ 73.092983793900302, 19.560564299458676 ], [ 73.094144407655349, 19.564701066970791 ], [ 73.083793182061612, 19.564701066970791 ], [ 73.084953928439063, 19.568837874936484 ] ] ] } },
{ "type": "Feature", "properties": { }, "geometry": { "type": "Polygon", "coordinates": [ [ [ 73.079778233441019, 19.568837874936484 ], [ 73.082100452834382, 19.577111612268396 ], [ 73.076924593370862, 19.577111612268396 ], [ 73.078086066401553, 19.581248541654549 ], [ 73.088437949857152, 19.581248541654549 ], [ 73.084953928439063, 19.568837874936484 ], [ 73.079778233441019, 19.568837874936484 ] ] ] } },
{ "type": "Feature", "properties": { }, "geometry": { "type": "Polygon", "coordinates": [ [ [ 73.13411799963248, 19.651582544839847 ], [ 73.135285404879582, 19.655720204631937 ], [ 73.145640257051483, 19.655720204631937 ], [ 73.144472686517432, 19.651582544839847 ], [ 73.13411799963248, 19.651582544839847 ] ] ] } },
{ "type": "Feature", "properties": { }, "geometry": { "type": "Polygon", "coordinates": [ [ [ 72.984068167688946, 18.882674343828455 ], [ 72.981841840105247, 18.874413926214146 ], [ 72.976679661984164, 18.874413926214146 ], [ 72.975567013433547, 18.870283775620333 ], [ 72.970404914018317, 18.870283775620333 ], [ 72.972630344678024, 18.87854411561359 ], [ 72.96746808783054, 18.87854411561359 ], [ 72.969694525003703, 18.886804610868516 ], [ 72.974856939365779, 18.886804610868516 ], [ 72.975970673312275, 18.890934916743561 ], [ 72.981133166462527, 18.890934916743561 ], [ 72.978905832094469, 18.882674343828455 ], [ 72.984068167688946, 18.882674343828455 ] ] ] } },
{ "type": "Feature", "properties": { }, "geometry": { "type": "Polygon", "coordinates": [ [ [ 72.986295659612779, 18.890934916743561 ], [ 72.996620645913268, 18.890934916743561 ], [ 72.994392838877914, 18.882674343828455 ], [ 72.984068167688946, 18.882674343828455 ], [ 72.986295659612779, 18.890934916743561 ] ] ] } },
{ "type": "Feature", "properties": { }, "geometry": { "type": "Polygon", "coordinates": [ [ [ 72.99480181091991, 18.903326067476481 ], [ 72.999964540558253, 18.903326067476481 ], [ 73.001079754678727, 18.907456528789339 ], [ 73.016568180205539, 18.907456528789339 ], [ 73.014337570113682, 18.899195645037764 ], [ 73.009174919325275, 18.899195645037764 ], [ 73.008060130130502, 18.895065261463383 ], [ 72.992572414253431, 18.895065261463383 ], [ 72.99480181091991, 18.903326067476481 ] ] ] } },
{ "type": "Feature", "properties": { }, "geometry": { "type": "Polygon", "coordinates": [ [ [ 72.987409842294412, 18.895065261463383 ], [ 72.977084698376359, 18.895065261463383 ], [ 72.978199014594907, 18.899195645037764 ], [ 72.988524316171706, 18.899195645037764 ], [ 72.987409842294412, 18.895065261463383 ] ] ] } },
{ "type": "Feature", "properties": { }, "geometry": { "type": "Polygon", "coordinates": [ [ [ 73.029125888558923, 18.915717568076623 ], [ 73.026893797223408, 18.907456528789339 ], [ 73.016568180205539, 18.907456528789339 ], [ 73.018799955935123, 18.915717568076623 ], [ 73.029125888558923, 18.915717568076623 ] ] ] } },
{ "type": "Feature", "properties": { }, "geometry": { "type": "Polygon", "coordinates": [ [ [ 72.991869485346569, 18.911587028986123 ], [ 72.986706597946466, 18.911587028986123 ], [ 72.988938009540675, 18.919848146070628 ], [ 72.999264100029265, 18.919848146070628 ], [ 72.998148090687536, 18.915717568076623 ], [ 72.992985124375622, 18.915717568076623 ], [ 72.991869485346569, 18.911587028986123 ] ] ] } },
{ "type": "Feature", "properties": { }, "geometry": { "type": "Polygon", "coordinates": [ [ [ 72.96535457086685, 18.928109418808337 ], [ 72.964238531427753, 18.923978762977942 ], [ 72.979727904019654, 18.923978762977942 ], [ 72.977496225439936, 18.915717568076623 ], [ 72.967170292816121, 18.915717568076623 ], [ 72.968285828563495, 18.919848146070628 ], [ 72.957959738074905, 18.919848146070628 ], [ 72.960191367695913, 18.928109418808337 ], [ 72.96535457086685, 18.928109418808337 ] ] ] } },
{ "type": "Feature", "properties": { }, "geometry": { "type": "Polygon", "coordinates": [ [ [ 73.018103723325098, 18.932240113571627 ], [ 73.020338839692258, 18.940501619936057 ], [ 73.025502279907769, 18.940501619936057 ], [ 73.027738721146875, 18.948763282149621 ], [ 73.032902319495236, 18.948763282149621 ], [ 73.028430287655425, 18.932240113571627 ], [ 73.018103723325098, 18.932240113571627 ] ] ] } },
{ "type": "Feature", "properties": { }, "geometry": { "type": "Polygon", "coordinates": [ [ [ 73.015604064337495, 18.961156067858543 ], [ 73.020767900039871, 18.961156067858543 ], [ 73.019648816376588, 18.957025100290686 ], [ 73.009321303249138, 18.957025100290686 ], [ 73.011559445829377, 18.965287074437683 ], [ 73.016723360691017, 18.965287074437683 ], [ 73.015604064337495, 18.961156067858543 ] ] ] } },
{ "type": "Feature", "properties": { }, "geometry": { "type": "Polygon", "coordinates": [ [ [ 73.029290975517341, 18.973549204669041 ], [ 73.0189628290331, 18.973549204669041 ], [ 73.022324221190871, 18.98594269284585 ], [ 73.027488532158586, 18.98594269284585 ], [ 73.025247153559263, 18.977680328340867 ], [ 73.0304113060226, 18.977680328340867 ], [ 73.029290975517341, 18.973549204669041 ] ] ] } },
{ "type": "Feature", "properties": { }, "geometry": { "type": "Polygon", "coordinates": [ [ [ 73.027488532158586, 18.98594269284585 ], [ 73.029731079047366, 18.994205213631318 ], [ 73.040060018156765, 18.994205213631318 ], [ 73.037817154094, 18.98594269284585 ], [ 73.027488532158586, 18.98594269284585 ] ] ] } },
{ "type": "Feature", "properties": { }, "geometry": { "type": "Polygon", "coordinates": [ [ [ 73.016480909850216, 19.002467890775772 ], [ 73.017602967803839, 19.006599288007152 ], [ 73.012438260213713, 19.006599288007152 ], [ 73.013560530977287, 19.01073072435771 ], [ 73.029054891907109, 19.01073072435771 ], [ 73.027932382984105, 19.006599288007152 ], [ 73.022767675393979, 19.006599288007152 ], [ 73.021645538074537, 19.002467890775772 ], [ 73.016480909850216, 19.002467890775772 ] ] ] } },
{ "type": "Feature", "properties": { }, "geometry": { "type": "Polygon", "coordinates": [ [ [ 73.047919248255496, 19.023125268222664 ], [ 73.045672292256427, 19.014862199837282 ], [ 73.035342559488896, 19.014862199837282 ], [ 73.037589197735329, 19.023125268222664 ], [ 73.032424172475245, 19.023125268222664 ], [ 73.033547850721902, 19.027256861148128 ], [ 73.043878060180418, 19.027256861148128 ], [ 73.042754222995413, 19.023125268222664 ], [ 73.047919248255496, 19.023125268222664 ] ] ] } },
{ "type": "Feature", "properties": { }, "geometry": { "type": "Polygon", "coordinates": [ [ [ 73.022094121955107, 19.023125268222664 ], [ 73.032424172475245, 19.023125268222664 ], [ 73.031300786615432, 19.018993714455657 ], [ 73.020970894992274, 19.018993714455657 ], [ 73.019847960337628, 19.014862199837282 ], [ 73.014683093953877, 19.014862199837282 ], [ 73.015805949180702, 19.018993714455657 ], [ 73.010641003369116, 19.018993714455657 ], [ 73.012887431804899, 19.027256861148128 ], [ 73.0232176412634, 19.027256861148128 ], [ 73.022094121955107, 19.023125268222664 ] ] ] } },
{ "type": "Feature", "properties": { }, "geometry": { "type": "Polygon", "coordinates": [ [ [ 73.068376513236188, 19.060311015434628 ], [ 73.0580450307814, 19.060311015434628 ], [ 73.060298424352283, 19.06857494627835 ], [ 73.065464324911176, 19.06857494627835 ], [ 73.06433740203839, 19.064442961228142 ], [ 73.069503222921185, 19.064442961228142 ], [ 73.068376513236188, 19.060311015434628 ] ] ] } },
{ "type": "Feature", "properties": { }, "geometry": { "type": "Polygon", "coordinates": [ [ [ 73.088064337182828, 19.151222906332265 ], [ 73.086931549567637, 19.147090134082713 ], [ 73.071429294540778, 19.147090134082713 ], [ 73.072561841883712, 19.151222906332265 ], [ 73.088064337182828, 19.151222906332265 ] ] ] } },
{ "type": "Feature", "properties": { }, "geometry": { "type": "Polygon", "coordinates": [ [ [ 73.025416777293103, 19.167754390062253 ], [ 73.026549990916024, 19.171887359726949 ], [ 73.036885789312578, 19.171887359726949 ], [ 73.03461933484283, 19.163621459900295 ], [ 73.029451596012947, 19.163621459900295 ], [ 73.030584596296791, 19.167754390062253 ], [ 73.025416777293103, 19.167754390062253 ] ] ] } },
{ "type": "Feature", "properties": { }, "geometry": { "type": "Polygon", "coordinates": [ [ [ 73.050623952866147, 19.184286505835999 ], [ 73.040287673052802, 19.184286505835999 ], [ 73.041422221660028, 19.188419633610199 ], [ 73.051758662028774, 19.188419633610199 ], [ 73.050623952866147, 19.184286505835999 ] ] ] } },
{ "type": "Feature", "properties": { }, "geometry": { "type": "Polygon", "coordinates": [ [ [ 73.092480227426023, 19.204952540325785 ], [ 73.090207627360883, 19.196686007824507 ], [ 73.085039246558779, 19.196686007824507 ], [ 73.087311685923012, 19.204952540325785 ], [ 73.092480227426023, 19.204952540325785 ] ] ] } },
{ "type": "Feature", "properties": { }, "geometry": { "type": "Polygon", "coordinates": [ [ [ 73.102197819992767, 19.221486080504857 ], [ 73.117704409455953, 19.221486080504857 ], [ 73.116566464071738, 19.217352636038363 ], [ 73.121735246782094, 19.217352636038363 ], [ 73.120597515253067, 19.21321923119292 ], [ 73.099922706104635, 19.21321923119292 ], [ 73.102197819992767, 19.221486080504857 ] ] ] } },
{ "type": "Feature", "properties": { }, "geometry": { "type": "Polygon", "coordinates": [ [ [ 73.073459966267194, 19.229753088340512 ], [ 73.071184641066395, 19.221486080504857 ], [ 73.066015777911986, 19.221486080504857 ], [ 73.068290942162264, 19.229753088340512 ], [ 73.073459966267194, 19.229753088340512 ] ] ] } },
{ "type": "Feature", "properties": { }, "geometry": { "type": "Polygon", "coordinates": [ [ [ 73.087828987441029, 19.22561956460229 ], [ 73.088967038581899, 19.229753088340512 ], [ 73.094136062686815, 19.229753088340512 ], [ 73.095274488601518, 19.233886651729414 ], [ 73.100443593212887, 19.233886651729414 ], [ 73.099305086791716, 19.229753088340512 ], [ 73.104474110896632, 19.229753088340512 ], [ 73.103335818298774, 19.22561956460229 ], [ 73.087828987441029, 19.22561956460229 ] ] ] } },
{ "type": "Feature", "properties": { }, "geometry": { "type": "Polygon", "coordinates": [ [ [ 73.121120011658419, 19.233886651729414 ], [ 73.110781802435653, 19.233886651729414 ], [ 73.114199571221121, 19.246287579898837 ], [ 73.119368917476805, 19.246287579898837 ], [ 73.11822928619425, 19.242153897498699 ], [ 73.12339855188101, 19.242153897498699 ], [ 73.121120011658419, 19.233886651729414 ] ] ] } },
{ "type": "Feature", "properties": { }, "geometry": { "type": "Polygon", "coordinates": [ [ [ 73.104392494848426, 19.266956587449382 ], [ 73.103251713261528, 19.262822706499705 ], [ 73.10842138200114, 19.262822706499705 ], [ 73.105000562746355, 19.250421301989128 ], [ 73.099831135900928, 19.250421301989128 ], [ 73.1009710338258, 19.254555063779449 ], [ 73.090632018913809, 19.254555063779449 ], [ 73.091772050091876, 19.258688865279687 ], [ 73.086602462004464, 19.258688865279687 ], [ 73.088883246610393, 19.266956587449382 ], [ 73.104392494848426, 19.266956587449382 ] ] ] } },
{ "type": "Feature", "properties": { }, "geometry": { "type": "Polygon", "coordinates": [ [ [ 73.067064032084161, 19.262822706499705 ], [ 73.06934476031941, 19.271090508138602 ], [ 73.079684420532558, 19.271090508138602 ], [ 73.077403369563413, 19.262822706499705 ], [ 73.067064032084161, 19.262822706499705 ] ] ] } },
{ "type": "Feature", "properties": { }, "geometry": { "type": "Polygon", "coordinates": [ [ [ 73.079684420532558, 19.271090508138602 ], [ 73.080825387844044, 19.27522446857725 ], [ 73.085995298665338, 19.27522446857725 ], [ 73.088278278624372, 19.283492508742331 ], [ 73.083108206311081, 19.283492508742331 ], [ 73.085392203490727, 19.291760708023677 ], [ 73.100902905156744, 19.291760708023677 ], [ 73.102045588315946, 19.295894867357667 ], [ 73.107215903023572, 19.295894867357667 ], [ 73.108358961877627, 19.300029066500379 ], [ 73.103188566330189, 19.300029066500379 ], [ 73.104331839237588, 19.304163305461707 ], [ 73.109502315645713, 19.304163305461707 ], [ 73.110645964365986, 19.308297584251523 ], [ 73.115816521655645, 19.308297584251523 ], [ 73.114672792053838, 19.304163305461707 ], [ 73.119843268461963, 19.304163305461707 ], [ 73.118699752972532, 19.300029066500379 ], [ 73.11352935742508, 19.300029066500379 ], [ 73.111243372934084, 19.291760708023677 ], [ 73.116413606822746, 19.291760708023677 ], [ 73.114128640190842, 19.283492508742331 ], [ 73.103788495564245, 19.283492508742331 ], [ 73.101505031129264, 19.27522446857725 ], [ 73.091165209486661, 19.27522446857725 ], [ 73.090024080745707, 19.271090508138602 ], [ 73.079684420532558, 19.271090508138602 ] ], [ [ 73.099760516814456, 19.287626588488532 ], [ 73.104930669905002, 19.287626588488532 ], [ 73.106073139045407, 19.291760708023677 ], [ 73.100902905156744, 19.291760708023677 ], [ 73.099760516814456, 19.287626588488532 ] ] ] } },
{ "type": "Feature", "properties": { }, "geometry": { "type": "Polygon", "coordinates": [ [ [ 73.104881747483745, 19.324835097893597 ], [ 73.115223509532626, 19.324835097893597 ], [ 73.114078680621759, 19.320700659690875 ], [ 73.129591080800111, 19.320700659690875 ], [ 73.128446304161798, 19.316566261356215 ], [ 73.138787742392452, 19.316566261356215 ], [ 73.137643099036936, 19.31243190287973 ], [ 73.153155013613116, 19.31243190287973 ], [ 73.149722126257259, 19.300029066500379 ], [ 73.160062917352164, 19.300029066500379 ], [ 73.157775477932134, 19.291760708023677 ], [ 73.147435010154794, 19.291760708023677 ], [ 73.148578420684657, 19.295894867357667 ], [ 73.143408105977016, 19.295894867357667 ], [ 73.144551730709807, 19.300029066500379 ], [ 73.139381335162355, 19.300029066500379 ], [ 73.140525174094492, 19.304163305461707 ], [ 73.130184221278228, 19.304163305461707 ], [ 73.131328193524638, 19.308297584251523 ], [ 73.126157636234979, 19.308297584251523 ], [ 73.127301822652811, 19.31243190287973 ], [ 73.111789908076631, 19.31243190287973 ], [ 73.112934146815832, 19.316566261356215 ], [ 73.107763427700533, 19.316566261356215 ], [ 73.108907880562327, 19.320700659690875 ], [ 73.103737080502867, 19.320700659690875 ], [ 73.104881747483745, 19.324835097893597 ] ] ] } },
{ "type": "Feature", "properties": { }, "geometry": { "type": "Polygon", "coordinates": [ [ [ 73.088224680324515, 19.320700659690875 ], [ 73.093395480383961, 19.320700659690875 ], [ 73.092251270354552, 19.316566261356215 ], [ 73.081909832123912, 19.316566261356215 ], [ 73.084198223385926, 19.324835097893597 ], [ 73.08936910441038, 19.324835097893597 ], [ 73.088224680324515, 19.320700659690875 ] ] ] } },
{ "type": "Feature", "properties": { }, "geometry": { "type": "Polygon", "coordinates": [ [ [ 73.149102819879801, 19.35377728244956 ], [ 73.151398309009338, 19.362046837413644 ], [ 73.156569919658409, 19.362046837413644 ], [ 73.158866753525473, 19.370316552245896 ], [ 73.164038526543166, 19.370316552245896 ], [ 73.161741530307481, 19.362046837413644 ], [ 73.166913140956552, 19.362046837413644 ], [ 73.165765005155976, 19.357912039953035 ], [ 73.160593475659866, 19.357912039953035 ], [ 73.158298253113301, 19.349642564893333 ], [ 73.153126885860416, 19.349642564893333 ], [ 73.151979798975063, 19.34550788727444 ], [ 73.14680851281247, 19.34550788727444 ], [ 73.142223443638301, 19.32896957597427 ], [ 73.137052481627975, 19.32896957597427 ], [ 73.138198224890417, 19.333104093942801 ], [ 73.133027181873345, 19.333104093942801 ], [ 73.135319392269878, 19.341373249582986 ], [ 73.130148187176673, 19.341373249582986 ], [ 73.132441416848863, 19.349642564893333 ], [ 73.137612784101748, 19.349642564893333 ], [ 73.138759923151696, 19.35377728244956 ], [ 73.149102819879801, 19.35377728244956 ] ] ] } },
{ "type": "Feature", "properties": { }, "geometry": { "type": "Polygon", "coordinates": [ [ [ 73.122098682343093, 19.349642564893333 ], [ 73.117514052822116, 19.333104093942801 ], [ 73.09682988075383, 19.333104093942801 ], [ 73.099120956617398, 19.341373249582986 ], [ 73.109463366803823, 19.341373249582986 ], [ 73.111755947837338, 19.349642564893333 ], [ 73.122098682343093, 19.349642564893333 ] ] ] } },
{ "type": "Feature", "properties": { }, "geometry": { "type": "Polygon", "coordinates": [ [ [ 73.171147542051798, 19.544017633746869 ], [ 73.173469318421098, 19.552290885755351 ], [ 73.17864468474059, 19.552290885755351 ], [ 73.176322744158185, 19.544017633746869 ], [ 73.171147542051798, 19.544017633746869 ] ] ] } },
{ "type": "Feature", "properties": { }, "geometry": { "type": "Polygon", "coordinates": [ [ [ 73.20050789474088, 19.556427572390181 ], [ 73.195332446283274, 19.556427572390181 ], [ 73.197656663592781, 19.564701066970791 ], [ 73.202832276389643, 19.564701066970791 ], [ 73.20050789474088, 19.556427572390181 ] ] ] } },
{ "type": "Feature", "properties": { }, "geometry": { "type": "Polygon", "coordinates": [ [ [ 73.152237963413697, 19.568837874936484 ], [ 73.149914630684293, 19.560564299458676 ], [ 73.144739100067554, 19.560564299458676 ], [ 73.147062268415652, 19.568837874936484 ], [ 73.152237963413697, 19.568837874936484 ] ] ] } },
{ "type": "Feature", "properties": { }, "geometry": { "type": "Polygon", "coordinates": [ [ [ 73.166077075774098, 19.581248541654549 ], [ 73.155725192318513, 19.581248541654549 ], [ 73.158051498583845, 19.589522521916994 ], [ 73.168403711222851, 19.589522521916994 ], [ 73.166077075774098, 19.581248541654549 ] ] ] } },
{ "type": "Feature", "properties": { }, "geometry": { "type": "Polygon", "coordinates": [ [ [ 72.945006366296724, 18.523488662911802 ], [ 72.946095625684791, 18.527615588654591 ], [ 72.940939987353218, 18.527615588654591 ], [ 72.943119216688203, 18.535869554112182 ], [ 72.953430801417511, 18.535869554112182 ], [ 72.950161927642313, 18.523488662911802 ], [ 72.945006366296724, 18.523488662911802 ] ] ] } },
{ "type": "Feature", "properties": { }, "geometry": { "type": "Polygon", "coordinates": [ [ [ 73.017899645840174, 18.700980892331984 ], [ 73.020104082042209, 18.7092380666842 ], [ 73.025263127957942, 18.7092380666842 ], [ 73.026365858759419, 18.713366711478162 ], [ 73.031524982580237, 18.713366711478162 ], [ 73.03042217387366, 18.7092380666842 ], [ 73.035581219789393, 18.7092380666842 ], [ 73.032274299431947, 18.696852362754228 ], [ 73.03743311175532, 18.696852362754228 ], [ 73.038535206508229, 18.700980892331984 ], [ 73.048852986842249, 18.700980892331984 ], [ 73.046648775851324, 18.692723871562404 ], [ 73.051807510351523, 18.692723871562404 ], [ 73.050705761851248, 18.688595418746758 ], [ 73.055864418548751, 18.688595418746758 ], [ 73.054762882103518, 18.684467004297556 ], [ 73.049604303188261, 18.684467004297556 ], [ 73.047402255228818, 18.676210290459551 ], [ 73.031926984992268, 18.676210290459551 ], [ 73.033027630865746, 18.680338628205071 ], [ 73.027869129712258, 18.680338628205071 ], [ 73.031172572350741, 18.692723871562404 ], [ 73.026013837850542, 18.692723871562404 ], [ 73.027115487108588, 18.696852362754228 ], [ 73.021956674785201, 18.696852362754228 ], [ 73.023058536007198, 18.700980892331984 ], [ 73.017899645840174, 18.700980892331984 ] ] ] } },
{ "type": "Feature", "properties": { }, "geometry": { "type": "Polygon", "coordinates": [ [ [ 73.080228647484844, 18.837243966699077 ], [ 73.069905706466201, 18.837243966699077 ], [ 73.07212978312235, 18.845503686428078 ], [ 73.077291410734745, 18.845503686428078 ], [ 73.07840396434365, 18.849633604393468 ], [ 73.08356567053842, 18.849633604393468 ], [ 73.080228647484844, 18.837243966699077 ] ] ] } },
{ "type": "Feature", "properties": { }, "geometry": { "type": "Polygon", "coordinates": [ [ [ 73.044901940542815, 18.87854411561359 ], [ 73.046016194822755, 18.882674343828455 ], [ 73.040853859228278, 18.882674343828455 ], [ 73.041968326072706, 18.886804610868516 ], [ 73.047130740434781, 18.886804610868516 ], [ 73.048245577415784, 18.890934916743561 ], [ 73.053408070566036, 18.890934916743561 ], [ 73.050064197390313, 18.87854411561359 ], [ 73.044901940542815, 18.87854411561359 ] ] ] } },
{ "type": "Feature", "properties": { }, "geometry": { "type": "Polygon", "coordinates": [ [ [ 73.035405416739323, 18.919848146070628 ], [ 73.04099260055429, 18.940501619936057 ], [ 73.046156040769816, 18.940501619936057 ], [ 73.043920134150923, 18.932240113571627 ], [ 73.049083416316094, 18.932240113571627 ], [ 73.047965821601636, 18.928109418808337 ], [ 73.053129024772559, 18.928109418808337 ], [ 73.050894552472201, 18.919848146070628 ], [ 73.056057597716503, 18.919848146070628 ], [ 73.052707839768118, 18.907456528789339 ], [ 73.047545031259176, 18.907456528789339 ], [ 73.046429107303553, 18.903326067476481 ], [ 73.041266377665181, 18.903326067476481 ], [ 73.042382222750234, 18.907456528789339 ], [ 73.037219414241306, 18.907456528789339 ], [ 73.040568461983611, 18.919848146070628 ], [ 73.035405416739323, 18.919848146070628 ] ] ] } },
{ "type": "Feature", "properties": { }, "geometry": { "type": "Polygon", "coordinates": [ [ [ 73.042542934999233, 18.965287074437683 ], [ 73.068362509307477, 18.965287074437683 ], [ 73.066122625450149, 18.957025100290686 ], [ 73.050631355758952, 18.957025100290686 ], [ 73.049512089200064, 18.95289417172431 ], [ 73.044348411754342, 18.95289417172431 ], [ 73.04099260055429, 18.940501619936057 ], [ 73.035829160338793, 18.940501619936057 ], [ 73.040303842631502, 18.957025100290686 ], [ 73.03514008606777, 18.957025100290686 ], [ 73.036259407146972, 18.961156067858543 ], [ 73.041423242849334, 18.961156067858543 ], [ 73.042542934999233, 18.965287074437683 ] ] ] } },
{ "type": "Feature", "properties": { }, "geometry": { "type": "Polygon", "coordinates": [ [ [ 73.122691531031904, 18.994205213631318 ], [ 73.11932386753486, 18.981811491063201 ], [ 73.114159635829665, 18.981811491063201 ], [ 73.113037745435989, 18.977680328340867 ], [ 73.107873592972666, 18.977680328340867 ], [ 73.110117507641903, 18.98594269284585 ], [ 73.104953196674202, 18.98594269284585 ], [ 73.107198122367819, 18.994205213631318 ], [ 73.122691531031904, 18.994205213631318 ] ], [ [ 73.115281818609617, 18.98594269284585 ], [ 73.116404293813048, 18.990073933698614 ], [ 73.111239903562165, 18.990073933698614 ], [ 73.110117507641903, 18.98594269284585 ], [ 73.115281818609617, 18.98594269284585 ] ] ] } },
{ "type": "Feature", "properties": { }, "geometry": { "type": "Polygon", "coordinates": [ [ [ 73.105859316931486, 19.027256861148128 ], [ 73.116189526389988, 19.027256861148128 ], [ 73.113939919600753, 19.018993714455657 ], [ 73.103610027977595, 19.018993714455657 ], [ 73.105859316931486, 19.027256861148128 ] ] ] } },
{ "type": "Feature", "properties": { }, "geometry": { "type": "Polygon", "coordinates": [ [ [ 73.065662926707347, 19.031388493241867 ], [ 73.063414324035733, 19.023125268222664 ], [ 73.05308427351558, 19.023125268222664 ], [ 73.054208269638934, 19.027256861148128 ], [ 73.059373374368192, 19.027256861148128 ], [ 73.060497742488238, 19.031388493241867 ], [ 73.065662926707347, 19.031388493241867 ] ] ] } },
{ "type": "Feature", "properties": { }, "geometry": { "type": "Polygon", "coordinates": [ [ [ 73.09552910747297, 19.027256861148128 ], [ 73.085198898014468, 19.027256861148128 ], [ 73.086323663583798, 19.031388493241867 ], [ 73.081158479364689, 19.031388493241867 ], [ 73.082283458091752, 19.035520164513692 ], [ 73.087448721821403, 19.035520164513692 ], [ 73.088574072764629, 19.039651874973433 ], [ 73.0937394160255, 19.039651874973433 ], [ 73.091488847802921, 19.031388493241867 ], [ 73.096654032022016, 19.031388493241867 ], [ 73.09552910747297, 19.027256861148128 ] ] ] } },
{ "type": "Feature", "properties": { }, "geometry": { "type": "Polygon", "coordinates": [ [ [ 73.098244065933855, 19.056179108887974 ], [ 73.100498148217952, 19.064442961228142 ], [ 73.105663969100718, 19.064442961228142 ], [ 73.107919382710278, 19.072706970595078 ], [ 73.11308536296599, 19.072706970595078 ], [ 73.11872942540657, 19.093367681520611 ], [ 73.113563046356106, 19.093367681520611 ], [ 73.114692658749092, 19.09749994164293 ], [ 73.140524953106961, 19.09749994164293 ], [ 73.137135798698594, 19.085103279242684 ], [ 73.157800676580237, 19.085103279242684 ], [ 73.155542068881005, 19.076839034188158 ], [ 73.14520994893455, 19.076839034188158 ], [ 73.141824715280279, 19.064442961228142 ], [ 73.136658894397485, 19.064442961228142 ], [ 73.135531149192303, 19.060311015434628 ], [ 73.130365407964902, 19.060311015434628 ], [ 73.129238035490019, 19.056179108887974 ], [ 73.12407237389732, 19.056179108887974 ], [ 73.122945374073893, 19.052047241578347 ], [ 73.117779792095192, 19.052047241578347 ], [ 73.116653164844394, 19.047915413495936 ], [ 73.111487662458984, 19.047915413495936 ], [ 73.109235445808125, 19.039651874973433 ], [ 73.114400789069009, 19.039651874973433 ], [ 73.113275040469659, 19.035520164513692 ], [ 73.118440304199311, 19.035520164513692 ], [ 73.117314768898467, 19.031388493241867 ], [ 73.101819216241125, 19.031388493241867 ], [ 73.108575389119238, 19.056179108887974 ], [ 73.098244065933855, 19.056179108887974 ] ], [ [ 73.124545709041641, 19.076839034188158 ], [ 73.123417323477398, 19.072706970595078 ], [ 73.128583303733095, 19.072706970595078 ], [ 73.129711769014861, 19.076839034188158 ], [ 73.124545709041641, 19.076839034188158 ] ] ] } },
{ "type": "Feature", "properties": { }, "geometry": { "type": "Polygon", "coordinates": [ [ [ 73.057582013199351, 19.039651874973433 ], [ 73.067912699721106, 19.039651874973433 ], [ 73.066787666902798, 19.035520164513692 ], [ 73.061622403173146, 19.035520164513692 ], [ 73.060497742488238, 19.031388493241867 ], [ 73.055332558269129, 19.031388493241867 ], [ 73.057582013199351, 19.039651874973433 ] ] ] } },
{ "type": "Feature", "properties": { }, "geometry": { "type": "Polygon", "coordinates": [ [ [ 73.06903802519966, 19.043783624630908 ], [ 73.070163643375793, 19.047915413495936 ], [ 73.080494648146598, 19.047915413495936 ], [ 73.07824338624286, 19.039651874973433 ], [ 73.07307804298199, 19.039651874973433 ], [ 73.074203448012454, 19.043783624630908 ], [ 73.06903802519966, 19.043783624630908 ] ] ] } },
{ "type": "Feature", "properties": { }, "geometry": { "type": "Polygon", "coordinates": [ [ [ 73.071289554286892, 19.052047241578347 ], [ 73.070163643375793, 19.047915413495936 ], [ 73.059832638604988, 19.047915413495936 ], [ 73.060958390329503, 19.052047241578347 ], [ 73.071289554286892, 19.052047241578347 ] ] ] } },
{ "type": "Feature", "properties": { }, "geometry": { "type": "Polygon", "coordinates": [ [ [ 73.09129382770567, 19.06857494627835 ], [ 73.092421441943159, 19.072706970595078 ], [ 73.102753402454582, 19.072706970595078 ], [ 73.10162562882347, 19.06857494627835 ], [ 73.09129382770567, 19.06857494627835 ] ] ] } },
{ "type": "Feature", "properties": { }, "geometry": { "type": "Polygon", "coordinates": [ [ [ 73.092421441943159, 19.072706970595078 ], [ 73.07692350117604, 19.072706970595078 ], [ 73.078051169282588, 19.076839034188158 ], [ 73.093549349202277, 19.076839034188158 ], [ 73.092421441943159, 19.072706970595078 ] ] ] } },
{ "type": "Feature", "properties": { }, "geometry": { "type": "Polygon", "coordinates": [ [ [ 73.089989870883869, 19.101632241100603 ], [ 73.088860364391238, 19.09749994164293 ], [ 73.078527446648081, 19.09749994164293 ], [ 73.079656793457033, 19.101632241100603 ], [ 73.089989870883869, 19.101632241100603 ] ] ] } },
{ "type": "Feature", "properties": { }, "geometry": { "type": "Polygon", "coordinates": [ [ [ 73.128416652849893, 19.109896958061373 ], [ 73.13358335130917, 19.109896958061373 ], [ 73.132452619227067, 19.105764579903468 ], [ 73.127286000651097, 19.105764579903468 ], [ 73.12615564187773, 19.101632241100603 ], [ 73.12098910316432, 19.101632241100603 ], [ 73.12324995439063, 19.109896958061373 ], [ 73.118083255931339, 19.109896958061373 ], [ 73.119214041785114, 19.114029375584135 ], [ 73.124380820148417, 19.114029375584135 ], [ 73.126643432141321, 19.12229432876364 ], [ 73.131810370374893, 19.12229432876364 ], [ 73.128416652849893, 19.109896958061373 ] ] ] } },
{ "type": "Feature", "properties": { }, "geometry": { "type": "Polygon", "coordinates": [ [ [ 73.119572176484908, 19.171887359726949 ], [ 73.11616908673119, 19.159488569231204 ], [ 73.111001428054365, 19.159488569231204 ], [ 73.112135417290943, 19.163621459900295 ], [ 73.106967678461061, 19.163621459900295 ], [ 73.109236378088369, 19.171887359726949 ], [ 73.119572176484908, 19.171887359726949 ] ] ] } },
{ "type": "Feature", "properties": { }, "geometry": { "type": "Polygon", "coordinates": [ [ [ 73.136839721438506, 19.159488569231204 ], [ 73.121336745408016, 19.159488569231204 ], [ 73.122470894950695, 19.163621459900295 ], [ 73.137974111440315, 19.163621459900295 ], [ 73.136839721438506, 19.159488569231204 ] ] ] } },
{ "type": "Feature", "properties": { }, "geometry": { "type": "Polygon", "coordinates": [ [ [ 73.137241594913149, 19.217352636038363 ], [ 73.138379862073535, 19.221486080504857 ], [ 73.143548725227944, 19.221486080504857 ], [ 73.142410377623492, 19.217352636038363 ], [ 73.147579160333834, 19.217352636038363 ], [ 73.1453031874087, 19.209085865958688 ], [ 73.14013456552405, 19.209085865958688 ], [ 73.138997100953233, 19.204952540325785 ], [ 73.128660017947183, 19.204952540325785 ], [ 73.129797321754708, 19.209085865958688 ], [ 73.124628699870044, 19.209085865958688 ], [ 73.126904029492451, 19.217352636038363 ], [ 73.137241594913149, 19.217352636038363 ] ] ] } },
{ "type": "Feature", "properties": { }, "geometry": { "type": "Polygon", "coordinates": [ [ [ 73.179730767308712, 19.221486080504857 ], [ 73.177453240411253, 19.21321923119292 ], [ 73.172284538124146, 19.21321923119292 ], [ 73.174561904154302, 19.221486080504857 ], [ 73.179730767308712, 19.221486080504857 ] ] ] } },
{ "type": "Feature", "properties": { }, "geometry": { "type": "Polygon", "coordinates": [ [ [ 73.11884264915652, 19.22561956460229 ], [ 73.121120011658419, 19.233886651729414 ], [ 73.126289116269803, 19.233886651729414 ], [ 73.124011592775759, 19.22561956460229 ], [ 73.11884264915652, 19.22561956460229 ] ] ] } },
{ "type": "Feature", "properties": { }, "geometry": { "type": "Polygon", "coordinates": [ [ [ 73.155554341266637, 19.246287579898837 ], [ 73.153274245367641, 19.238020254778853 ], [ 73.148105060228986, 19.238020254778853 ], [ 73.150384995010953, 19.246287579898837 ], [ 73.155554341266637, 19.246287579898837 ] ] ] } },
{ "type": "Feature", "properties": { }, "geometry": { "type": "Polygon", "coordinates": [ [ [ 73.167033684891564, 19.250421301989128 ], [ 73.165893033778019, 19.246287579898837 ], [ 73.155554341266637, 19.246287579898837 ], [ 73.156694831200682, 19.250421301989128 ], [ 73.167033684891564, 19.250421301989128 ] ] ] } },
{ "type": "Feature", "properties": { }, "geometry": { "type": "Polygon", "coordinates": [ [ [ 73.157835615841819, 19.254555063779449 ], [ 73.15897669522802, 19.258688865279687 ], [ 73.153807107140636, 19.258688865279687 ], [ 73.154948400657759, 19.262822706499705 ], [ 73.16011806939737, 19.262822706499705 ], [ 73.161259738387926, 19.266956587449382 ], [ 73.166429487800613, 19.266956587449382 ], [ 73.163005123297822, 19.254555063779449 ], [ 73.157835615841819, 19.254555063779449 ] ] ] } },
{ "type": "Feature", "properties": { }, "geometry": { "type": "Polygon", "coordinates": [ [ [ 73.197447984276707, 19.266956587449382 ], [ 73.195163811839805, 19.258688865279687 ], [ 73.189994223752407, 19.258688865279687 ], [ 73.192278234864034, 19.266956587449382 ], [ 73.197447984276707, 19.266956587449382 ] ] ] } },
{ "type": "Feature", "properties": { }, "geometry": { "type": "Polygon", "coordinates": [ [ [ 73.188250852770636, 19.271090508138602 ], [ 73.183081022664069, 19.271090508138602 ], [ 73.18193873603866, 19.266956587449382 ], [ 73.176768986625973, 19.266956587449382 ], [ 73.175627075616234, 19.262822706499705 ], [ 73.170457406876622, 19.262822706499705 ], [ 73.173883782627584, 19.27522446857725 ], [ 73.189393515091496, 19.27522446857725 ], [ 73.188250852770636, 19.271090508138602 ] ] ] } },
{ "type": "Feature", "properties": { }, "geometry": { "type": "Polygon", "coordinates": [ [ [ 73.174395526009945, 19.333104093942801 ], [ 73.172103200801615, 19.324835097893597 ], [ 73.156590557728251, 19.324835097893597 ], [ 73.157736329669277, 19.32896957597427 ], [ 73.152565367658951, 19.32896957597427 ], [ 73.153711353941645, 19.333104093942801 ], [ 73.174395526009945, 19.333104093942801 ] ] ] } },
{ "type": "Feature", "properties": { }, "geometry": { "type": "Polygon", "coordinates": [ [ [ 73.165765005155976, 19.357912039953035 ], [ 73.17610806414821, 19.357912039953035 ], [ 73.174960061700091, 19.35377728244956 ], [ 73.169788613336024, 19.35377728244956 ], [ 73.168640987619071, 19.349642564893333 ], [ 73.163469620366172, 19.349642564893333 ], [ 73.165765005155976, 19.357912039953035 ] ] ] } },
{ "type": "Feature", "properties": { }, "geometry": { "type": "Polygon", "coordinates": [ [ [ 73.18874833970375, 19.3661816748413 ], [ 73.187599583552839, 19.362046837413644 ], [ 73.19277119420191, 19.362046837413644 ], [ 73.191622652636553, 19.357912039953035 ], [ 73.181279593644334, 19.357912039953035 ], [ 73.182427972903781, 19.362046837413644 ], [ 73.177256362254695, 19.362046837413644 ], [ 73.178404956057904, 19.3661816748413 ], [ 73.18874833970375, 19.3661816748413 ] ] ] } },
{ "type": "Feature", "properties": { }, "geometry": { "type": "Polygon", "coordinates": [ [ [ 73.110601896491247, 18.564759630938632 ], [ 73.120914560735969, 18.564759630938632 ], [ 73.118726202325163, 18.556505133045665 ], [ 73.123882380129118, 18.556505133045665 ], [ 73.12169502383648, 18.54825078737413 ], [ 73.106226953135192, 18.54825078737413 ], [ 73.10732025542022, 18.552377941187078 ], [ 73.102164154744884, 18.552377941187078 ], [ 73.104351472109315, 18.56063236295962 ], [ 73.09919521715635, 18.56063236295962 ], [ 73.100289232246524, 18.564759630938632 ], [ 73.105445564368893, 18.564759630938632 ], [ 73.106539945728045, 18.568886936992413 ], [ 73.111696355040181, 18.568886936992413 ], [ 73.110601896491247, 18.564759630938632 ] ] ] } },
{ "type": "Feature", "properties": { }, "geometry": { "type": "Polygon", "coordinates": [ [ [ 73.149963360656812, 18.866153663822374 ], [ 73.152193718100648, 18.874413926214146 ], [ 73.157355896221716, 18.874413926214146 ], [ 73.159587577901391, 18.882674343828455 ], [ 73.164749913495882, 18.882674343828455 ], [ 73.166982919871558, 18.890934916743561 ], [ 73.177307906172047, 18.890934916743561 ], [ 73.176191099486559, 18.886804610868516 ], [ 73.191678342572771, 18.886804610868516 ], [ 73.189445132272382, 18.87854411561359 ], [ 73.184282875424898, 18.87854411561359 ], [ 73.183166786827073, 18.874413926214146 ], [ 73.172842430584936, 18.874413926214146 ], [ 73.171726791212862, 18.870283775620333 ], [ 73.166564691797618, 18.870283775620333 ], [ 73.164334445574525, 18.862023590810491 ], [ 73.169496387639867, 18.862023590810491 ], [ 73.167267150715716, 18.853763561105808 ], [ 73.162105365917995, 18.853763561105808 ], [ 73.158763933100232, 18.841373807199876 ], [ 73.153602384049648, 18.841373807199876 ], [ 73.154715824920629, 18.845503686428078 ], [ 73.149554197308234, 18.845503686428078 ], [ 73.152896033101413, 18.857893556574894 ], [ 73.158057896522649, 18.857893556574894 ], [ 73.160287402116808, 18.866153663822374 ], [ 73.149963360656812, 18.866153663822374 ] ], [ [ 73.173958361729944, 18.87854411561359 ], [ 73.17507458468485, 18.882674343828455 ], [ 73.169912249090359, 18.882674343828455 ], [ 73.16879610488246, 18.87854411561359 ], [ 73.173958361729944, 18.87854411561359 ] ] ] } },
{ "type": "Feature", "properties": { }, "geometry": { "type": "Polygon", "coordinates": [ [ [ 73.190144155901166, 18.862023590810491 ], [ 73.192375188873839, 18.870283775620333 ], [ 73.19753728828907, 18.870283775620333 ], [ 73.196421547226777, 18.866153663822374 ], [ 73.201583567956789, 18.866153663822374 ], [ 73.202699387704328, 18.870283775620333 ], [ 73.207861487119573, 18.870283775620333 ], [ 73.206745588686786, 18.866153663822374 ], [ 73.222231650876779, 18.866153663822374 ], [ 73.22000025757751, 18.857893556574894 ], [ 73.225162120998746, 18.857893556574894 ], [ 73.224046783490635, 18.853763561105808 ], [ 73.229208568288342, 18.853763561105808 ], [ 73.228093443992023, 18.849633604393468 ], [ 73.222931737797282, 18.849633604393468 ], [ 73.221816983881752, 18.845503686428078 ], [ 73.206332101044552, 18.845503686428078 ], [ 73.209676530735024, 18.857893556574894 ], [ 73.199352803892552, 18.857893556574894 ], [ 73.200468040031836, 18.862023590810491 ], [ 73.190144155901166, 18.862023590810491 ] ] ] } },
{ "type": "Feature", "properties": { }, "geometry": { "type": "Polygon", "coordinates": [ [ [ 73.115649302738518, 18.853763561105808 ], [ 73.113422804021482, 18.845503686428078 ], [ 73.108261176409087, 18.845503686428078 ], [ 73.109374201512267, 18.849633604393468 ], [ 73.104212495317526, 18.849633604393468 ], [ 73.10532573314309, 18.853763561105808 ], [ 73.115649302738518, 18.853763561105808 ] ] ] } },
{ "type": "Feature", "properties": { }, "geometry": { "type": "Polygon", "coordinates": [ [ [ 73.147449573024161, 18.895065261463383 ], [ 73.149683700070852, 18.903326067476481 ], [ 73.154846429709224, 18.903326067476481 ], [ 73.155964009946871, 18.907456528789339 ], [ 73.161126818455799, 18.907456528789339 ], [ 73.160009159347595, 18.903326067476481 ], [ 73.170334618624324, 18.903326067476481 ], [ 73.169217093765525, 18.899195645037764 ], [ 73.164054442977132, 18.899195645037764 ], [ 73.161820426721292, 18.890934916743561 ], [ 73.151495440420803, 18.890934916743561 ], [ 73.152612144983181, 18.895065261463383 ], [ 73.147449573024161, 18.895065261463383 ] ] ] } },
{ "type": "Feature", "properties": { }, "geometry": { "type": "Polygon", "coordinates": [ [ [ 73.202429286527305, 18.907456528789339 ], [ 73.197266478018364, 18.907456528789339 ], [ 73.199503776851614, 18.915717568076623 ], [ 73.204666743163514, 18.915717568076623 ], [ 73.202429286527305, 18.907456528789339 ] ] ] } },
{ "type": "Feature", "properties": { }, "geometry": { "type": "Polygon", "coordinates": [ [ [ 73.132385214796912, 18.915717568076623 ], [ 73.122059282173126, 18.915717568076623 ], [ 73.125413869165513, 18.928109418808337 ], [ 73.130577072336408, 18.928109418808337 ], [ 73.129458505741397, 18.923978762977942 ], [ 73.134621629938692, 18.923978762977942 ], [ 73.132385214796912, 18.915717568076623 ] ] ] } },
{ "type": "Feature", "properties": { }, "geometry": { "type": "Polygon", "coordinates": [ [ [ 73.157949315560316, 18.95289417172431 ], [ 73.15570833644658, 18.944632431556798 ], [ 73.150544817174975, 18.944632431556798 ], [ 73.149424845080006, 18.940501619936057 ], [ 73.14426140486448, 18.940501619936057 ], [ 73.145381297903342, 18.944632431556798 ], [ 73.140217778631722, 18.944632431556798 ], [ 73.141337884810739, 18.948763282149621 ], [ 73.146501483159085, 18.948763282149621 ], [ 73.147621960668872, 18.95289417172431 ], [ 73.157949315560316, 18.95289417172431 ] ] ] } },
{ "type": "Feature", "properties": { }, "geometry": { "type": "Polygon", "coordinates": [ [ [ 73.122923947651159, 18.957025100290686 ], [ 73.138415217342356, 18.957025100290686 ], [ 73.135054259360103, 18.944632431556798 ], [ 73.124727220816879, 18.944632431556798 ], [ 73.126967250885983, 18.95289417172431 ], [ 73.121803573440246, 18.95289417172431 ], [ 73.122923947651159, 18.957025100290686 ] ] ] } },
{ "type": "Feature", "properties": { }, "geometry": { "type": "Polygon", "coordinates": [ [ [ 73.175682971110902, 18.961156067858543 ], [ 73.174561513288452, 18.957025100290686 ], [ 73.164234000161002, 18.957025100290686 ], [ 73.16535529970615, 18.961156067858543 ], [ 73.175682971110902, 18.961156067858543 ] ] ] } },
{ "type": "Feature", "properties": { }, "geometry": { "type": "Polygon", "coordinates": [ [ [ 73.142900586844149, 18.973549204669041 ], [ 73.140657317370497, 18.965287074437683 ], [ 73.135493402508857, 18.965287074437683 ], [ 73.134372285491963, 18.961156067858543 ], [ 73.124044614087225, 18.961156067858543 ], [ 73.126286823783374, 18.969418120037918 ], [ 73.131450817824927, 18.969418120037918 ], [ 73.132572440359908, 18.973549204669041 ], [ 73.142900586844149, 18.973549204669041 ] ] ] } },
{ "type": "Feature", "properties": { }, "geometry": { "type": "Polygon", "coordinates": [ [ [ 73.167598776115867, 18.969418120037918 ], [ 73.166476891678727, 18.965287074437683 ], [ 73.156149061955432, 18.965287074437683 ], [ 73.157270788032747, 18.969418120037918 ], [ 73.167598776115867, 18.969418120037918 ] ] ] } },
{ "type": "Feature", "properties": { }, "geometry": { "type": "Polygon", "coordinates": [ [ [ 73.200828337312743, 18.977680328340867 ], [ 73.198582740365268, 18.969418120037918 ], [ 73.193418746323701, 18.969418120037918 ], [ 73.195664184849406, 18.977680328340867 ], [ 73.200828337312743, 18.977680328340867 ] ] ] } },
{ "type": "Feature", "properties": { }, "geometry": { "type": "Polygon", "coordinates": [ [ [ 73.298795701601193, 19.147090134082713 ], [ 73.296524442227323, 19.138824707934173 ], [ 73.291357184004283, 19.138824707934173 ], [ 73.292492586438172, 19.14295740128663 ], [ 73.287325248165871, 19.14295740128663 ], [ 73.28846086491663, 19.147090134082713 ], [ 73.298795701601193, 19.147090134082713 ] ] ] } },
{ "type": "Feature", "properties": { }, "geometry": { "type": "Polygon", "coordinates": [ [ [ 73.25052821232876, 19.159488569231204 ], [ 73.247121518178375, 19.147090134082713 ], [ 73.236786681493811, 19.147090134082713 ], [ 73.237921791740888, 19.151222906332265 ], [ 73.232754293307863, 19.151222906332265 ], [ 73.23502523629827, 19.159488569231204 ], [ 73.25052821232876, 19.159488569231204 ] ] ] } },
{ "type": "Feature", "properties": { }, "geometry": { "type": "Polygon", "coordinates": [ [ [ 73.181586966864145, 19.171887359726949 ], [ 73.184995590439712, 19.184286505835999 ], [ 73.179827450533026, 19.184286505835999 ], [ 73.182101177047372, 19.192552800936411 ], [ 73.202774378978773, 19.192552800936411 ], [ 73.201637047375485, 19.188419633610199 ], [ 73.211973487744217, 19.188419633610199 ], [ 73.210836289973059, 19.184286505835999 ], [ 73.205668150066387, 19.184286505835999 ], [ 73.204531326943354, 19.180153417603972 ], [ 73.209699386593115, 19.180153417603972 ], [ 73.206290442422144, 19.167754390062253 ], [ 73.195954804414754, 19.167754390062253 ], [ 73.194819238568911, 19.163621459900295 ], [ 73.189651499739057, 19.163621459900295 ], [ 73.1885163082068, 19.159488569231204 ], [ 73.183348649529975, 19.159488569231204 ], [ 73.186754866062415, 19.171887359726949 ], [ 73.181586966864145, 19.171887359726949 ] ] ] } },
{ "type": "Feature", "properties": { }, "geometry": { "type": "Polygon", "coordinates": [ [ [ 73.243601757243397, 19.171887359726949 ], [ 73.242465175447947, 19.167754390062253 ], [ 73.247632994451635, 19.167754390062253 ], [ 73.246496626867668, 19.163621459900295 ], [ 73.230993410378048, 19.163621459900295 ], [ 73.233265958846843, 19.171887359726949 ], [ 73.243601757243397, 19.171887359726949 ] ] ] } },
{ "type": "Feature", "properties": { }, "geometry": { "type": "Polygon", "coordinates": [ [ [ 73.187790644985469, 19.21321923119292 ], [ 73.198128049559685, 19.21321923119292 ], [ 73.196989406255369, 19.209085865958688 ], [ 73.202158028140033, 19.209085865958688 ], [ 73.20101959898949, 19.204952540325785 ], [ 73.2061881404925, 19.204952540325785 ], [ 73.205049925499367, 19.200819254284337 ], [ 73.210218386641543, 19.200819254284337 ], [ 73.209080385809543, 19.196686007824507 ], [ 73.214248766611675, 19.196686007824507 ], [ 73.21311097994446, 19.192552800936411 ], [ 73.202774378978773, 19.192552800936411 ], [ 73.203912005007425, 19.196686007824507 ], [ 73.198743624205321, 19.196686007824507 ], [ 73.199881464357205, 19.200819254284337 ], [ 73.194713003215043, 19.200819254284337 ], [ 73.195851057486465, 19.204952540325785 ], [ 73.185513974480429, 19.204952540325785 ], [ 73.187790644985469, 19.21321923119292 ] ] ] } },
{ "type": "Feature", "properties": { }, "geometry": { "type": "Polygon", "coordinates": [ [ [ 73.242291662676678, 19.242153897498699 ], [ 73.244575087573054, 19.250421301989128 ], [ 73.254913941263936, 19.250421301989128 ], [ 73.252630194050212, 19.242153897498699 ], [ 73.242291662676678, 19.242153897498699 ] ] ] } },
{ "type": "Feature", "properties": { }, "geometry": { "type": "Polygon", "coordinates": [ [ [ 73.20430758293017, 19.291760708023677 ], [ 73.219818284596201, 19.291760708023677 ], [ 73.218674037897344, 19.287626588488532 ], [ 73.213503884806784, 19.287626588488532 ], [ 73.212360014143513, 19.283492508742331 ], [ 73.202019869516917, 19.283492508742331 ], [ 73.20430758293017, 19.291760708023677 ] ] ] } },
{ "type": "Feature", "properties": { }, "geometry": { "type": "Polygon", "coordinates": [ [ [ 73.26116953957424, 19.403397011841665 ], [ 73.266341962902715, 19.403397011841665 ], [ 73.265189485669609, 19.399261814264808 ], [ 73.249672459770423, 19.399261814264808 ], [ 73.250824692917348, 19.403397011841665 ], [ 73.255997116245808, 19.403397011841665 ], [ 73.257149727107901, 19.407532249484643 ], [ 73.262322231819311, 19.407532249484643 ], [ 73.26116953957424, 19.403397011841665 ] ] ] } },
{ "type": "Feature", "properties": { }, "geometry": { "type": "Polygon", "coordinates": [ [ [ 73.254283170505431, 19.41580284500866 ], [ 73.255436589212394, 19.419938202909524 ], [ 73.265782087184263, 19.419938202909524 ], [ 73.264628505585776, 19.41580284500866 ], [ 73.254283170505431, 19.41580284500866 ] ] ] } },
{ "type": "Feature", "properties": { }, "geometry": { "type": "Polygon", "coordinates": [ [ [ 73.291091679160999, 19.436480035670108 ], [ 73.294558742099397, 19.448886831733315 ], [ 73.310078701177474, 19.448886831733315 ], [ 73.305455565446195, 19.432344517286548 ], [ 73.29510957854842, 19.432344517286548 ], [ 73.296264754139401, 19.436480035670108 ], [ 73.291091679160999, 19.436480035670108 ] ] ] } },
{ "type": "Feature", "properties": { }, "geometry": { "type": "Polygon", "coordinates": [ [ [ 73.352622437825346, 19.453022510758309 ], [ 73.350308376725707, 19.444751192883565 ], [ 73.345135138625395, 19.444751192883565 ], [ 73.347449036519322, 19.453022510758309 ], [ 73.352622437825346, 19.453022510758309 ] ] ] } },
{ "type": "Feature", "properties": { }, "geometry": { "type": "Polygon", "coordinates": [ [ [ 73.33602029656106, 19.48610939045847 ], [ 73.334861148059929, 19.481973389674089 ], [ 73.32451320168731, 19.481973389674089 ], [ 73.325672186626321, 19.48610939045847 ], [ 73.33602029656106, 19.48610939045847 ] ] ] } },
{ "type": "Feature", "properties": { }, "geometry": { "type": "Polygon", "coordinates": [ [ [ 73.330311099923591, 19.502653796341569 ], [ 73.345834246827991, 19.502653796341569 ], [ 73.342353879188877, 19.490245431507478 ], [ 73.332005605650039, 19.490245431507478 ], [ 73.334325225926875, 19.498517634439089 ], [ 73.329150925490396, 19.498517634439089 ], [ 73.330311099923591, 19.502653796341569 ] ] ] } },
{ "type": "Feature", "properties": { }, "geometry": { "type": "Polygon", "coordinates": [ [ [ 73.326297107640002, 19.50678999854841 ], [ 73.327457795146444, 19.510926241069562 ], [ 73.337806887335333, 19.510926241069562 ], [ 73.336646036014926, 19.50678999854841 ], [ 73.326297107640002, 19.50678999854841 ] ] ] } },
{ "type": "Feature", "properties": { }, "geometry": { "type": "Polygon", "coordinates": [ [ [ 73.354607139604269, 19.552290885755351 ], [ 73.364957872243295, 19.552290885755351 ], [ 73.360303359511022, 19.535744543353623 ], [ 73.35512832153367, 19.535744543353623 ], [ 73.353965520146545, 19.531608058737852 ], [ 73.348790564202176, 19.531608058737852 ], [ 73.347628142633212, 19.52747161449604 ], [ 73.342453268700837, 19.52747161449604 ], [ 73.343615608257807, 19.531608058737852 ], [ 73.338440652313452, 19.531608058737852 ], [ 73.339603207601584, 19.535744543353623 ], [ 73.344778245578951, 19.535744543353623 ], [ 73.345941180703207, 19.539881068353314 ], [ 73.351116300734589, 19.539881068353314 ], [ 73.354607139604269, 19.552290885755351 ] ] ] } },
{ "type": "Feature", "properties": { }, "geometry": { "type": "Polygon", "coordinates": [ [ [ 73.376473142299602, 19.556427572390181 ], [ 73.37129769384201, 19.556427572390181 ], [ 73.373627498686403, 19.564701066970791 ], [ 73.378803111483279, 19.564701066970791 ], [ 73.376473142299602, 19.556427572390181 ] ] ] } },
{ "type": "Feature", "properties": { }, "geometry": { "type": "Polygon", "coordinates": [ [ [ 73.389809277316289, 19.585385511534085 ], [ 73.394985301329427, 19.585385511534085 ], [ 73.393818511797093, 19.581248541654549 ], [ 73.383466628341509, 19.581248541654549 ], [ 73.384633253303164, 19.585385511534085 ], [ 73.37945722929004, 19.585385511534085 ], [ 73.380624070322455, 19.589522521916994 ], [ 73.390976282961446, 19.589522521916994 ], [ 73.389809277316289, 19.585385511534085 ] ] ] } },
{ "type": "Feature", "properties": { }, "geometry": { "type": "Polygon", "coordinates": [ [ [ 73.396152389280971, 19.589522521916994 ], [ 73.390976282961446, 19.589522521916994 ], [ 73.393311189602926, 19.597796664232728 ], [ 73.398487460598332, 19.597796664232728 ], [ 73.396152389280971, 19.589522521916994 ] ] ] } },
{ "type": "Feature", "properties": { }, "geometry": { "type": "Polygon", "coordinates": [ [ [ 73.403161185987997, 19.614345435342894 ], [ 73.400823726062768, 19.606070968681454 ], [ 73.390470854551737, 19.606070968681454 ], [ 73.392807984788263, 19.614345435342894 ], [ 73.403161185987997, 19.614345435342894 ] ] ] } },
{ "type": "Feature", "properties": { }, "geometry": { "type": "Polygon", "coordinates": [ [ [ 73.464262051083693, 19.738481955048986 ], [ 73.461905805902745, 19.730205045619289 ], [ 73.456726888624686, 19.730205045619289 ], [ 73.459082967695068, 19.738481955048986 ], [ 73.464262051083693, 19.738481955048986 ] ] ] } },
{ "type": "Feature", "properties": { }, "geometry": { "type": "Polygon", "coordinates": [ [ [ 73.833010924307587, 21.156305053796686 ], [ 73.830446505407082, 21.147999010055706 ], [ 73.814820793614587, 21.147999010055706 ], [ 73.817384669773261, 21.156305053796686 ], [ 73.822593421284694, 21.156305053796686 ], [ 73.82387592094166, 21.160458142198955 ], [ 73.82908476294331, 21.160458142198955 ], [ 73.82780217279614, 21.156305053796686 ], [ 73.833010924307587, 21.156305053796686 ] ] ] } },
{ "type": "Feature", "properties": { }, "geometry": { "type": "Polygon", "coordinates": [ [ [ 73.750952132918599, 21.160458142198955 ], [ 73.75351554003926, 21.168764452119039 ], [ 73.758724563087839, 21.168764452119039 ], [ 73.756160974920249, 21.160458142198955 ], [ 73.750952132918599, 21.160458142198955 ] ] ] } },
{ "type": "Feature", "properties": { }, "geometry": { "type": "Polygon", "coordinates": [ [ [ 73.159280096306489, 18.436831980245042 ], [ 73.158193647185101, 18.432705887774002 ], [ 73.163347519986914, 18.432705887774002 ], [ 73.162261282646369, 18.428579833067587 ], [ 73.172568875213571, 18.428579833067587 ], [ 73.171482773160861, 18.424453816116124 ], [ 73.166329053375179, 18.424453816116124 ], [ 73.165243316088748, 18.42032783690993 ], [ 73.139475099548378, 18.42032783690993 ], [ 73.140560454446756, 18.424453816116124 ], [ 73.135406734661075, 18.424453816116124 ], [ 73.136492301228387, 18.428579833067587 ], [ 73.141646097511995, 18.428579833067587 ], [ 73.143818248285456, 18.436831980245042 ], [ 73.159280096306489, 18.436831980245042 ] ] ] } },
{ "type": "Feature", "properties": { }, "geometry": { "type": "Polygon", "coordinates": [ [ [ 73.126461920276697, 18.449210484342693 ], [ 73.125375142240557, 18.445084278519705 ], [ 73.115066937283885, 18.445084278519705 ], [ 73.116153562121085, 18.449210484342693 ], [ 73.126461920276697, 18.449210484342693 ] ] ] } },
{ "type": "Feature", "properties": { }, "geometry": { "type": "Polygon", "coordinates": [ [ [ 73.189985744436896, 18.494601245546125 ], [ 73.186714452401148, 18.482221492660063 ], [ 73.181559659795795, 18.482221492660063 ], [ 73.182649724855409, 18.486348039061685 ], [ 73.177494855467586, 18.486348039061685 ], [ 73.178585132528639, 18.490474623353808 ], [ 73.173430186338038, 18.490474623353808 ], [ 73.175611453288539, 18.498727905648323 ], [ 73.185921653002993, 18.498727905648323 ], [ 73.184830721423168, 18.494601245546125 ], [ 73.189985744436896, 18.494601245546125 ] ] ] } },
{ "type": "Feature", "properties": { }, "geometry": { "type": "Polygon", "coordinates": [ [ [ 73.14170710048657, 18.506981339621127 ], [ 73.131396593276094, 18.506981339621127 ], [ 73.134670317116431, 18.519361775146766 ], [ 73.139825801496357, 18.519361775146766 ], [ 73.138734194451644, 18.515234925349766 ], [ 73.143889601886343, 18.515234925349766 ], [ 73.14170710048657, 18.506981339621127 ] ] ] } },
{ "type": "Feature", "properties": { }, "geometry": { "type": "Polygon", "coordinates": [ [ [ 73.292088900083343, 18.626673225034711 ], [ 73.281773915860086, 18.626673225034711 ], [ 73.282875040415547, 18.630801103375589 ], [ 73.288032610023137, 18.630801103375589 ], [ 73.29023588515534, 18.639056974757736 ], [ 73.295393609816145, 18.639056974757736 ], [ 73.292088900083343, 18.626673225034711 ] ] ] } },
{ "type": "Feature", "properties": { }, "geometry": { "type": "Polygon", "coordinates": [ [ [ 73.205852186759472, 18.767042594012096 ], [ 73.206961482080104, 18.77117177764152 ], [ 73.217281915367678, 18.77117177764152 ], [ 73.215063303062394, 18.762913448934306 ], [ 73.209903242782232, 18.762913448934306 ], [ 73.211012325211186, 18.767042594012096 ], [ 73.205852186759472, 18.767042594012096 ] ] ] } },
{ "type": "Feature", "properties": { }, "geometry": { "type": "Polygon", "coordinates": [ [ [ 73.257846341283596, 18.787688897870709 ], [ 73.273327930135494, 18.787688897870709 ], [ 73.268884081805538, 18.77117177764152 ], [ 73.263723865161779, 18.77117177764152 ], [ 73.262613709728328, 18.767042594012096 ], [ 73.252293432824899, 18.767042594012096 ], [ 73.254513722208017, 18.775300999832336 ], [ 73.24935342735165, 18.775300999832336 ], [ 73.250463930773577, 18.7794302605943 ], [ 73.255624303863087, 18.7794302605943 ], [ 73.257846341283596, 18.787688897870709 ] ] ] } },
{ "type": "Feature", "properties": { }, "geometry": { "type": "Polygon", "coordinates": [ [ [ 73.324535371148883, 18.767042594012096 ], [ 73.314215094245455, 18.767042594012096 ], [ 73.315326031599653, 18.77117177764152 ], [ 73.325646464887228, 18.77117177764152 ], [ 73.324535371148883, 18.767042594012096 ] ] ] } },
{ "type": "Feature", "properties": { }, "geometry": { "type": "Polygon", "coordinates": [ [ [ 73.287697884934843, 18.783559559937171 ], [ 73.277376982248569, 18.783559559937171 ], [ 73.279600228770477, 18.791818274404676 ], [ 73.284760836682466, 18.791818274404676 ], [ 73.286985406056061, 18.800077143312933 ], [ 73.281824641493074, 18.800077143312933 ], [ 73.2851634478466, 18.812465736422606 ], [ 73.295485447233617, 18.812465736422606 ], [ 73.293258971110106, 18.804206635706759 ], [ 73.298419814029387, 18.804206635706759 ], [ 73.295082052506473, 18.791818274404676 ], [ 73.289921444594455, 18.791818274404676 ], [ 73.287697884934843, 18.783559559937171 ] ] ] } },
{ "type": "Feature", "properties": { }, "geometry": { "type": "Polygon", "coordinates": [ [ [ 73.355896404012313, 18.787688897870709 ], [ 73.345575344777714, 18.787688897870709 ], [ 73.347801210292232, 18.795947689548829 ], [ 73.35296189651946, 18.795947689548829 ], [ 73.351848739538426, 18.791818274404676 ], [ 73.357009347450415, 18.791818274404676 ], [ 73.355896404012313, 18.787688897870709 ] ] ] } },
{ "type": "Feature", "properties": { }, "geometry": { "type": "Polygon", "coordinates": [ [ [ 73.345981276263942, 18.808336166740066 ], [ 73.343753816248906, 18.800077143312933 ], [ 73.348914580811908, 18.800077143312933 ], [ 73.347801210292232, 18.795947689548829 ], [ 73.337479837837776, 18.795947689548829 ], [ 73.338593051685919, 18.800077143312933 ], [ 73.33343228712296, 18.800077143312933 ], [ 73.335659433671694, 18.808336166740066 ], [ 73.345981276263942, 18.808336166740066 ] ] ] } },
{ "type": "Feature", "properties": { }, "geometry": { "type": "Polygon", "coordinates": [ [ [ 73.274250818690746, 18.981811491063201 ], [ 73.269086586985551, 18.981811491063201 ], [ 73.267962319336121, 18.977680328340867 ], [ 73.26279816687277, 18.977680328340867 ], [ 73.268422039135501, 18.998336532653763 ], [ 73.273586588014695, 18.998336532653763 ], [ 73.271336001339236, 18.990073933698614 ], [ 73.276500391590119, 18.990073933698614 ], [ 73.274250818690746, 18.981811491063201 ] ] ] } },
{ "type": "Feature", "properties": { }, "geometry": { "type": "Polygon", "coordinates": [ [ [ 73.381388607200904, 19.014862199837282 ], [ 73.380260406316793, 19.01073072435771 ], [ 73.385425193293386, 19.01073072435771 ], [ 73.384297206703394, 19.006599288007152 ], [ 73.373967791523114, 19.006599288007152 ], [ 73.376223740817139, 19.014862199837282 ], [ 73.381388607200904, 19.014862199837282 ] ] ] } },
{ "type": "Feature", "properties": { }, "geometry": { "type": "Polygon", "coordinates": [ [ [ 73.292617795082336, 19.105764579903468 ], [ 73.293751003546618, 19.109896958061373 ], [ 73.304084400465158, 19.109896958061373 ], [ 73.302951032234276, 19.105764579903468 ], [ 73.292617795082336, 19.105764579903468 ] ] ] } },
{ "type": "Feature", "properties": { }, "geometry": { "type": "Polygon", "coordinates": [ [ [ 73.419401530783361, 19.134692054015492 ], [ 73.42456870897793, 19.134692054015492 ], [ 73.423431815003227, 19.130559439520741 ], [ 73.413097618629592, 19.130559439520741 ], [ 73.415371381357332, 19.138824707934173 ], [ 73.420538639580371, 19.138824707934173 ], [ 73.419401530783361, 19.134692054015492 ] ] ] } },
{ "type": "Feature", "properties": { }, "geometry": { "type": "Polygon", "coordinates": [ [ [ 73.376099394898716, 19.258688865279687 ], [ 73.378389213720553, 19.266956587449382 ], [ 73.383558963133254, 19.266956587449382 ], [ 73.386996151613488, 19.279358468775197 ], [ 73.392166143170371, 19.279358468775197 ], [ 73.394459242976382, 19.287626588488532 ], [ 73.399629396066956, 19.287626588488532 ], [ 73.398482617422218, 19.283492508742331 ], [ 73.403652689735523, 19.283492508742331 ], [ 73.402506126284138, 19.279358468775197 ], [ 73.407676117840992, 19.279358468775197 ], [ 73.406529769586427, 19.27522446857725 ], [ 73.401359858765133, 19.27522446857725 ], [ 73.400213887140254, 19.271090508138602 ], [ 73.395044057033672, 19.271090508138602 ], [ 73.393898461958614, 19.266956587449382 ], [ 73.399068211371301, 19.266956587449382 ], [ 73.397922831420047, 19.262822706499705 ], [ 73.403092500159659, 19.262822706499705 ], [ 73.400802466273888, 19.254555063779449 ], [ 73.385293943905893, 19.254555063779449 ], [ 73.386438571073512, 19.258688865279687 ], [ 73.376099394898716, 19.258688865279687 ] ] ] } },
{ "type": "Feature", "properties": { }, "geometry": { "type": "Polygon", "coordinates": [ [ [ 73.529461104828641, 19.308297584251523 ], [ 73.528310904704071, 19.304163305461707 ], [ 73.517969951887821, 19.304163305461707 ], [ 73.519119990249308, 19.308297584251523 ], [ 73.529461104828641, 19.308297584251523 ] ] ] } },
{ "type": "Feature", "properties": { }, "geometry": { "type": "Polygon", "coordinates": [ [ [ 73.504352441173083, 19.606070968681454 ], [ 73.502012880506356, 19.597796664232728 ], [ 73.496836609510964, 19.597796664232728 ], [ 73.499176005417567, 19.606070968681454 ], [ 73.504352441173083, 19.606070968681454 ] ] ] } },
{ "type": "Feature", "properties": { }, "geometry": { "type": "Polygon", "coordinates": [ [ [ 73.479145488517915, 19.626757439658281 ], [ 73.476803926722411, 19.618482729528285 ], [ 73.471627243668777, 19.618482729528285 ], [ 73.473968640493538, 19.626757439658281 ], [ 73.479145488517915, 19.626757439658281 ] ] ] } },
{ "type": "Feature", "properties": { }, "geometry": { "type": "Polygon", "coordinates": [ [ [ 73.539346447303629, 19.692960974236318 ], [ 73.54052313074142, 19.697099041206009 ], [ 73.556057891785258, 19.697099041206009 ], [ 73.554880959783873, 19.692960974236318 ], [ 73.539346447303629, 19.692960974236318 ] ] ] } },
{ "type": "Feature", "properties": { }, "geometry": { "type": "Polygon", "coordinates": [ [ [ 73.595840004605577, 19.709513486791117 ], [ 73.601018506977184, 19.709513486791117 ], [ 73.602197302766157, 19.713651716911471 ], [ 73.607375888076774, 19.713651716911471 ], [ 73.605018430939182, 19.705375297473417 ], [ 73.594661592031798, 19.705375297473417 ], [ 73.595840004605577, 19.709513486791117 ] ] ] } },
{ "type": "Feature", "properties": { }, "geometry": { "type": "Polygon", "coordinates": [ [ [ 73.639627076787548, 19.717789987844469 ], [ 73.637268023578329, 19.709513486791117 ], [ 73.632089521206737, 19.709513486791117 ], [ 73.634448408516775, 19.717789987844469 ], [ 73.639627076787548, 19.717789987844469 ] ] ] } },
{ "type": "Feature", "properties": { }, "geometry": { "type": "Polygon", "coordinates": [ [ [ 73.651164556663332, 19.721928299600112 ], [ 73.653525745191175, 19.730205045619289 ], [ 73.658704662469219, 19.730205045619289 ], [ 73.656343307915392, 19.721928299600112 ], [ 73.651164556663332, 19.721928299600112 ] ] ] } },
{ "type": "Feature", "properties": { }, "geometry": { "type": "Polygon", "coordinates": [ [ [ 73.608372499909024, 19.771591228472989 ], [ 73.61073907780559, 19.779868956155479 ], [ 73.615918993016408, 19.779868956155479 ], [ 73.614735470345096, 19.775730071832903 ], [ 73.619915302278443, 19.775730071832903 ], [ 73.61873199726314, 19.771591228472989 ], [ 73.608372499909024, 19.771591228472989 ] ] ] } },
{ "type": "Feature", "properties": { }, "geometry": { "type": "Polygon", "coordinates": [ [ [ 73.671273018605689, 19.792285854999331 ], [ 73.667718145124539, 19.779868956155479 ], [ 73.652178399492087, 19.779868956155479 ], [ 73.655732523094869, 19.792285854999331 ], [ 73.671273018605689, 19.792285854999331 ] ] ] } },
{ "type": "Feature", "properties": { }, "geometry": { "type": "Polygon", "coordinates": [ [ [ 73.549762836016995, 19.784007881450734 ], [ 73.550945877474888, 19.788146847728683 ], [ 73.561306041133435, 19.788146847728683 ], [ 73.558939925697473, 19.779868956155479 ], [ 73.553760010486656, 19.779868956155479 ], [ 73.554942834526443, 19.784007881450734 ], [ 73.549762836016995, 19.784007881450734 ] ] ] } },
{ "type": "Feature", "properties": { }, "geometry": { "type": "Polygon", "coordinates": [ [ [ 73.67159208030229, 19.829538766759459 ], [ 73.670404275315335, 19.82539939010373 ], [ 73.675585107976502, 19.82539939010373 ], [ 73.672023251755306, 19.812981506593665 ], [ 73.661662087369081, 19.812981506593665 ], [ 73.664036022739069, 19.821260054530875 ], [ 73.658855273588458, 19.821260054530875 ], [ 73.661230247916421, 19.829538766759459 ], [ 73.67159208030229, 19.829538766759459 ] ] ] } },
{ "type": "Feature", "properties": { }, "geometry": { "type": "Polygon", "coordinates": [ [ [ 73.680765940637684, 19.82539939010373 ], [ 73.681953912688158, 19.829538766759459 ], [ 73.692315745074026, 19.829538766759459 ], [ 73.691127605960006, 19.82539939010373 ], [ 73.680765940637684, 19.82539939010373 ] ] ] } },
{ "type": "Feature", "properties": { }, "geometry": { "type": "Polygon", "coordinates": [ [ [ 73.682716964229286, 19.850236266631885 ], [ 73.680338471947209, 19.841957143324048 ], [ 73.685519638862715, 19.841957143324048 ], [ 73.681953912688158, 19.829538766759459 ], [ 73.67159208030229, 19.829538766759459 ], [ 73.67278018689062, 19.83367818450807 ], [ 73.667599187144717, 19.83367818450807 ], [ 73.672354295889349, 19.850236266631885 ], [ 73.682716964229286, 19.850236266631885 ] ] ] } },
{ "type": "Feature", "properties": { }, "geometry": { "type": "Polygon", "coordinates": [ [ [ 73.69265923992522, 19.86679500704404 ], [ 73.682295902058016, 19.86679500704404 ], [ 73.684677849671658, 19.875074624308862 ], [ 73.689859686114474, 19.875074624308862 ], [ 73.688668477541086, 19.870934795079865 ], [ 73.693850230218672, 19.870934795079865 ], [ 73.69265923992522, 19.86679500704404 ] ] ] } },
{ "type": "Feature", "properties": { }, "geometry": { "type": "Polygon", "coordinates": [ [ [ 73.534404592829731, 19.875074624308862 ], [ 73.533215897213225, 19.870934795079865 ], [ 73.522852391858038, 19.870934795079865 ], [ 73.524040919944085, 19.875074624308862 ], [ 73.534404592829731, 19.875074624308862 ] ] ] } },
{ "type": "Feature", "properties": { }, "geometry": { "type": "Polygon", "coordinates": [ [ [ 73.69820660617718, 19.90405458316399 ], [ 73.699400232390573, 19.908194742299777 ], [ 73.709765247049702, 19.908194742299777 ], [ 73.708571452965842, 19.90405458316399 ], [ 73.69820660617718, 19.90405458316399 ] ] ] } },
{ "type": "Feature", "properties": { }, "geometry": { "type": "Polygon", "coordinates": [ [ [ 73.715738754708156, 19.9288961574327 ], [ 73.716934363970225, 19.933036564420405 ], [ 73.706568341194966, 19.933036564420405 ], [ 73.707764084959777, 19.937177012751924 ], [ 73.723313371375085, 19.937177012751924 ], [ 73.720921682032923, 19.9288961574327 ], [ 73.715738754708156, 19.9288961574327 ] ] ] } },
{ "type": "Feature", "properties": { }, "geometry": { "type": "Polygon", "coordinates": [ [ [ 73.535528965403216, 19.933036564420405 ], [ 73.525162942627958, 19.933036564420405 ], [ 73.526355743447795, 19.937177012751924 ], [ 73.536721934391323, 19.937177012751924 ], [ 73.535528965403216, 19.933036564420405 ] ] ] } },
{ "type": "Feature", "properties": { }, "geometry": { "type": "Polygon", "coordinates": [ [ [ 73.562637411750188, 19.937177012751924 ], [ 73.557454316278424, 19.937177012751924 ], [ 73.559841833123116, 19.945458033486648 ], [ 73.565025096827029, 19.945458033486648 ], [ 73.562637411750188, 19.937177012751924 ] ] ] } },
{ "type": "Feature", "properties": { }, "geometry": { "type": "Polygon", "coordinates": [ [ [ 73.742061191591262, 19.966161309544074 ], [ 73.740862907128914, 19.962020571524292 ], [ 73.77196450967098, 19.962020571524292 ], [ 73.77076602295547, 19.957879874918721 ], [ 73.760398990531868, 19.957879874918721 ], [ 73.758003263096398, 19.949598605909951 ], [ 73.752819915244473, 19.949598605909951 ], [ 73.751622590167713, 19.945458033486648 ], [ 73.746439326463801, 19.945458033486648 ], [ 73.745242388433837, 19.941317502437322 ], [ 73.740059208856636, 19.941317502437322 ], [ 73.741256062759902, 19.945458033486648 ], [ 73.720523007944266, 19.945458033486648 ], [ 73.722916951154559, 19.953739219717288 ], [ 73.728100383175757, 19.953739219717288 ], [ 73.729297893261133, 19.957879874918721 ], [ 73.73448140947292, 19.957879874918721 ], [ 73.736877506934391, 19.966161309544074 ], [ 73.742061191591262, 19.966161309544074 ] ] ] } },
{ "type": "Feature", "properties": { }, "geometry": { "type": "Polygon", "coordinates": [ [ [ 73.692620137860985, 19.974442909866486 ], [ 73.691422089998753, 19.970302088988124 ], [ 73.681054552176036, 19.970302088988124 ], [ 73.682252431486688, 19.974442909866486 ], [ 73.692620137860985, 19.974442909866486 ] ] ] } },
{ "type": "Feature", "properties": { }, "geometry": { "type": "Polygon", "coordinates": [ [ [ 73.722953542168952, 20.007570969736758 ], [ 73.733322598490744, 20.007570969736758 ], [ 73.734523880959415, 20.011712163976949 ], [ 73.744893106216537, 20.011712163976949 ], [ 73.746094861083222, 20.015853399752128 ], [ 73.751279558200793, 20.015853399752128 ], [ 73.750077718845105, 20.011712163976949 ], [ 73.76563155673081, 20.011712163976949 ], [ 73.764429767456051, 20.007570969736758 ], [ 73.769614295616933, 20.007570969736758 ], [ 73.768412725403124, 20.003429817021484 ], [ 73.758043837974057, 20.003429817021484 ], [ 73.759245239295154, 20.007570969736758 ], [ 73.754060711134272, 20.007570969736758 ], [ 73.752859394259517, 20.003429817021484 ], [ 73.747674950544962, 20.003429817021484 ], [ 73.748876182973376, 20.007570969736758 ], [ 73.743691654812508, 20.007570969736758 ], [ 73.740089120969657, 19.995147636125413 ], [ 73.755641945627119, 19.995147636125413 ], [ 73.75324126673631, 19.986865621208175 ], [ 73.748057160593916, 19.986865621208175 ], [ 73.749257264016549, 19.991006607924469 ], [ 73.718152120995853, 19.991006607924469 ], [ 73.715753229616709, 19.982724675966459 ], [ 73.710569207814032, 19.982724675966459 ], [ 73.712967930492383, 19.991006607924469 ], [ 73.70778373998894, 19.991006607924469 ], [ 73.708983471654719, 19.995147636125413 ], [ 73.714167746540539, 19.995147636125413 ], [ 73.715367865782127, 19.999288705821058 ], [ 73.720552225071643, 19.999288705821058 ], [ 73.722953542168952, 20.007570969736758 ] ] ] } },
{ "type": "Feature", "properties": { }, "geometry": { "type": "Polygon", "coordinates": [ [ [ 73.761745307978615, 20.06969324909787 ], [ 73.760539604390701, 20.065551472450846 ], [ 73.750168179088831, 20.065551472450846 ], [ 73.751373713143494, 20.06969324909787 ], [ 73.761745307978615, 20.06969324909787 ] ] ] } },
{ "type": "Feature", "properties": { }, "geometry": { "type": "Polygon", "coordinates": [ [ [ 73.77399722772951, 20.164965635013111 ], [ 73.775209983586848, 20.169108414673076 ], [ 73.78558566005843, 20.169108414673076 ], [ 73.78437273364024, 20.164965635013111 ], [ 73.77399722772951, 20.164965635013111 ] ] ] } },
{ "type": "Feature", "properties": { }, "geometry": { "type": "Polygon", "coordinates": [ [ [ 73.76166917420997, 20.264403936846229 ], [ 73.760450080162457, 20.260260190499451 ], [ 73.750070640491145, 20.260260190499451 ], [ 73.751289562989911, 20.264403936846229 ], [ 73.76166917420997, 20.264403936846229 ] ] ] } },
{ "type": "Feature", "properties": { }, "geometry": { "type": "Polygon", "coordinates": [ [ [ 73.830052048924387, 20.285123301054391 ], [ 73.828830395214538, 20.280979343849044 ], [ 73.818450097369194, 20.280979343849044 ], [ 73.819671579315127, 20.285123301054391 ], [ 73.830052048924387, 20.285123301054391 ] ] ] } },
{ "type": "Feature", "properties": { }, "geometry": { "type": "Polygon", "coordinates": [ [ [ 73.820893367416673, 20.289267300461884 ], [ 73.815703046708563, 20.289267300461884 ], [ 73.818147369673284, 20.297555425923875 ], [ 73.823337862252956, 20.297555425923875 ], [ 73.820893367416673, 20.289267300461884 ] ] ] } },
{ "type": "Feature", "properties": { }, "geometry": { "type": "Polygon", "coordinates": [ [ [ 74.213246815868857, 21.555205348921323 ], [ 74.210612601929824, 21.54689069434729 ], [ 74.205395247031561, 21.54689069434729 ], [ 74.208029275772972, 21.555205348921323 ], [ 74.213246815868857, 21.555205348921323 ] ] ] } },
{ "type": "Feature", "properties": { }, "geometry": { "type": "Polygon", "coordinates": [ [ [ 74.184575955822069, 21.563520184939193 ], [ 74.181941575293536, 21.555205348921323 ], [ 74.176724035197651, 21.555205348921323 ], [ 74.179358230438694, 21.563520184939193 ], [ 74.184575955822069, 21.563520184939193 ] ] ] } },
{ "type": "Feature", "properties": { }, "geometry": { "type": "Polygon", "coordinates": [ [ [ 74.016294358504155, 21.559362744244527 ], [ 74.017608743553907, 21.563520184939193 ], [ 74.028044194320657, 21.563520184939193 ], [ 74.026729623960932, 21.559362744244527 ], [ 74.016294358504155, 21.559362744244527 ] ] ] } },
{ "type": "Feature", "properties": { }, "geometry": { "type": "Polygon", "coordinates": [ [ [ 73.194669297581882, 17.303546382286218 ], [ 73.225471245693484, 17.303546382286218 ], [ 73.224457874750797, 17.299430313804287 ], [ 73.219324287777141, 17.299430313804287 ], [ 73.217298528790991, 17.291198282248846 ], [ 73.20703163890559, 17.291198282248846 ], [ 73.208044236263333, 17.295314280461636 ], [ 73.197777204366616, 17.295314280461636 ], [ 73.198789939882531, 17.299430313804287 ], [ 73.193656352908889, 17.299430313804287 ], [ 73.194669297581882, 17.303546382286218 ] ] ] } },
{ "type": "Feature", "properties": { }, "geometry": { "type": "Polygon", "coordinates": [ [ [ 73.159367496532397, 17.554693382720487 ], [ 73.161425792327933, 17.562929949559987 ], [ 73.156287618760473, 17.562929949559987 ], [ 73.157317117204911, 17.567048286591064 ], [ 73.162455363079772, 17.567048286591064 ], [ 73.165545767150874, 17.579403512243367 ], [ 73.170684230066797, 17.579403512243367 ], [ 73.166563965895392, 17.562929949559987 ], [ 73.171702139462852, 17.562929949559987 ], [ 73.169643554556473, 17.554693382720487 ], [ 73.174781583568489, 17.554693382720487 ], [ 73.172723981733526, 17.546456958781349 ], [ 73.177861866269311, 17.546456958781349 ], [ 73.175805247398287, 17.538220677666768 ], [ 73.17066750725958, 17.538220677666768 ], [ 73.169639692699974, 17.534102590645002 ], [ 73.164502024730155, 17.534102590645002 ], [ 73.165529767120887, 17.538220677666768 ], [ 73.155254286843487, 17.538220677666768 ], [ 73.154226688790487, 17.534102590645002 ], [ 73.149089020820668, 17.534102590645002 ], [ 73.151144354283645, 17.542338800375724 ], [ 73.156282166610993, 17.542338800375724 ], [ 73.157310328126172, 17.546456958781349 ], [ 73.152172443590388, 17.546456958781349 ], [ 73.15320081465822, 17.55057515289311 ], [ 73.163476728186254, 17.55057515289311 ], [ 73.164505525544428, 17.554693382720487 ], [ 73.159367496532397, 17.554693382720487 ] ] ] } },
{ "type": "Feature", "properties": { }, "geometry": { "type": "Polygon", "coordinates": [ [ [ 73.171715001193249, 17.583521992345428 ], [ 73.172746054419733, 17.587640508238934 ], [ 73.183023269837705, 17.587640508238934 ], [ 73.181992071798348, 17.583521992345428 ], [ 73.171715001193249, 17.583521992345428 ] ] ] } },
{ "type": "Feature", "properties": { }, "geometry": { "type": "Polygon", "coordinates": [ [ [ 73.20256757665716, 17.604114929917106 ], [ 73.200502770212665, 17.595877647438218 ], [ 73.190225265050046, 17.595877647438218 ], [ 73.192289781591356, 17.604114929917106 ], [ 73.20256757665716, 17.604114929917106 ] ] ] } },
{ "type": "Feature", "properties": { }, "geometry": { "type": "Polygon", "coordinates": [ [ [ 73.187470289466816, 17.74829064659902 ], [ 73.189554570184143, 17.75653059345489 ], [ 73.184412976725156, 17.75653059345489 ], [ 73.185455468941228, 17.760650621163858 ], [ 73.195738802340443, 17.760650621163858 ], [ 73.192611736504332, 17.74829064659902 ], [ 73.187470289466816, 17.74829064659902 ] ] ] } },
{ "type": "Feature", "properties": { }, "geometry": { "type": "Polygon", "coordinates": [ [ [ 73.343163130800477, 18.391447038521779 ], [ 73.344249599284737, 18.395572753781863 ], [ 73.354555969022144, 18.395572753781863 ], [ 73.355642878967657, 18.399698506719531 ], [ 73.35048961774315, 18.399698506719531 ], [ 73.352664151374697, 18.407950125666261 ], [ 73.357817565371747, 18.407950125666261 ], [ 73.358905341901647, 18.412075991694675 ], [ 73.369212322729183, 18.412075991694675 ], [ 73.368124393365861, 18.407950125666261 ], [ 73.378431221360003, 18.407950125666261 ], [ 73.375168708496957, 18.395572753781863 ], [ 73.370015523628254, 18.395572753781863 ], [ 73.368928673466272, 18.391447038521779 ], [ 73.363775564933107, 18.391447038521779 ], [ 73.360516976081726, 18.379070118710306 ], [ 73.355364096433476, 18.379070118710306 ], [ 73.354278553828038, 18.374944554063863 ], [ 73.343972947040399, 18.374944554063863 ], [ 73.345058337137019, 18.379070118710306 ], [ 73.339905457488769, 18.379070118710306 ], [ 73.340991059938091, 18.383195720995662 ], [ 73.335838104015167, 18.383195720995662 ], [ 73.338010022267298, 18.391447038521779 ], [ 73.343163130800477, 18.391447038521779 ] ] ] } },
{ "type": "Feature", "properties": { }, "geometry": { "type": "Polygon", "coordinates": [ [ [ 73.465966873185124, 18.659697322752518 ], [ 73.46817934144029, 18.667953729970492 ], [ 73.47333760943124, 18.667953729970492 ], [ 73.472231151975436, 18.663825507207484 ], [ 73.477389342286443, 18.663825507207484 ], [ 73.476283098488182, 18.659697322752518 ], [ 73.465966873185124, 18.659697322752518 ] ] ] } },
{ "type": "Feature", "properties": { }, "geometry": { "type": "Polygon", "coordinates": [ [ [ 73.567864800778452, 18.903326067476481 ], [ 73.565617901705124, 18.895065261463383 ], [ 73.560455329746105, 18.895065261463383 ], [ 73.56270207114008, 18.903326067476481 ], [ 73.567864800778452, 18.903326067476481 ] ] ] } },
{ "type": "Feature", "properties": { }, "geometry": { "type": "Polygon", "coordinates": [ [ [ 73.603907753747819, 19.481973389674089 ], [ 73.598733780561503, 19.481973389674089 ], [ 73.601060717659919, 19.490245431507478 ], [ 73.606234854429346, 19.490245431507478 ], [ 73.603907753747819, 19.481973389674089 ] ] ] } },
{ "type": "Feature", "properties": { }, "geometry": { "type": "Polygon", "coordinates": [ [ [ 73.642595956778337, 19.52747161449604 ], [ 73.644930448266024, 19.535744543353623 ], [ 73.655280524220771, 19.535744543353623 ], [ 73.652945704643074, 19.52747161449604 ], [ 73.642595956778337, 19.52747161449604 ] ] ] } },
{ "type": "Feature", "properties": { }, "geometry": { "type": "Polygon", "coordinates": [ [ [ 73.767015972056925, 19.746759027969187 ], [ 73.764648887624418, 19.738481955048986 ], [ 73.759469804235792, 19.738481955048986 ], [ 73.76183672247312, 19.746759027969187 ], [ 73.767015972056925, 19.746759027969187 ] ] ] } },
{ "type": "Feature", "properties": { }, "geometry": { "type": "Polygon", "coordinates": [ [ [ 73.771753756713053, 19.763313664601156 ], [ 73.769384261646806, 19.755036264459903 ], [ 73.764204845783226, 19.755036264459903 ], [ 73.766574174485072, 19.763313664601156 ], [ 73.771753756713053, 19.763313664601156 ] ] ] } },
{ "type": "Feature", "properties": { }, "geometry": { "type": "Polygon", "coordinates": [ [ [ 73.806718388776105, 19.812981506593665 ], [ 73.796357224389894, 19.812981506593665 ], [ 73.797546211516831, 19.817120760030861 ], [ 73.802726877178074, 19.817120760030861 ], [ 73.80391624980561, 19.821260054530875 ], [ 73.809096998956235, 19.821260054530875 ], [ 73.806718388776105, 19.812981506593665 ] ] ] } },
{ "type": "Feature", "properties": { }, "geometry": { "type": "Polygon", "coordinates": [ [ [ 73.697496661266953, 19.829538766759459 ], [ 73.698685185620178, 19.83367818450807 ], [ 73.709047185111984, 19.83367818450807 ], [ 73.707858493652836, 19.829538766759459 ], [ 73.697496661266953, 19.829538766759459 ] ] ] } },
{ "type": "Feature", "properties": { }, "geometry": { "type": "Polygon", "coordinates": [ [ [ 73.886367894950254, 19.891634353357382 ], [ 73.876003551517897, 19.891634353357382 ], [ 73.878395164122367, 19.899914465301684 ], [ 73.888759843083079, 19.899914465301684 ], [ 73.886367894950254, 19.891634353357382 ] ] ] } },
{ "type": "Feature", "properties": { }, "geometry": { "type": "Polygon", "coordinates": [ [ [ 73.834167714755083, 19.962020571524292 ], [ 73.831769023599804, 19.953739219717288 ], [ 73.826585591578606, 19.953739219717288 ], [ 73.828984114331419, 19.962020571524292 ], [ 73.834167714755083, 19.962020571524292 ] ] ] } },
{ "type": "Feature", "properties": { }, "geometry": { "type": "Polygon", "coordinates": [ [ [ 73.865269317297134, 19.962020571524292 ], [ 73.860085716873471, 19.962020571524292 ], [ 73.861285938699083, 19.966161309544074 ], [ 73.856102254042227, 19.966161309544074 ], [ 73.857302695162005, 19.970302088988124 ], [ 73.867670232984707, 19.970302088988124 ], [ 73.865269317297134, 19.962020571524292 ] ] ] } },
{ "type": "Feature", "properties": { }, "geometry": { "type": "Polygon", "coordinates": [ [ [ 73.81861691348405, 19.962020571524292 ], [ 73.821016312782547, 19.970302088988124 ], [ 73.826200081693912, 19.970302088988124 ], [ 73.825000146101061, 19.966161309544074 ], [ 73.830183830757932, 19.966161309544074 ], [ 73.828984114331419, 19.962020571524292 ], [ 73.81861691348405, 19.962020571524292 ] ] ] } },
{ "type": "Feature", "properties": { }, "geometry": { "type": "Polygon", "coordinates": [ [ [ 73.830183830757932, 19.966161309544074 ], [ 73.831383850605249, 19.970302088988124 ], [ 73.841751388427966, 19.970302088988124 ], [ 73.83935131517876, 19.962020571524292 ], [ 73.834167714755083, 19.962020571524292 ], [ 73.835367515414788, 19.966161309544074 ], [ 73.830183830757932, 19.966161309544074 ] ] ] } },
{ "type": "Feature", "properties": { }, "geometry": { "type": "Polygon", "coordinates": [ [ [ 73.805465006048493, 19.970302088988124 ], [ 73.810648774959844, 19.970302088988124 ], [ 73.809449092130478, 19.966161309544074 ], [ 73.814632776787334, 19.966161309544074 ], [ 73.813433313060386, 19.962020571524292 ], [ 73.803066112213017, 19.962020571524292 ], [ 73.805465006048493, 19.970302088988124 ] ] ] } },
{ "type": "Feature", "properties": { }, "geometry": { "type": "Polygon", "coordinates": [ [ [ 73.783530668846169, 19.966161309544074 ], [ 73.787129363366475, 19.978583772189253 ], [ 73.792313300850722, 19.978583772189253 ], [ 73.793513556656762, 19.982724675966459 ], [ 73.788329534854114, 19.982724675966459 ], [ 73.789530009733141, 19.986865621208175 ], [ 73.79989822201793, 19.986865621208175 ], [ 73.793898038159881, 19.966161309544074 ], [ 73.783530668846169, 19.966161309544074 ] ] ] } },
{ "type": "Feature", "properties": { }, "geometry": { "type": "Polygon", "coordinates": [ [ [ 73.882843920296381, 19.986865621208175 ], [ 73.898396238723592, 19.986865621208175 ], [ 73.893589077541478, 19.970302088988124 ], [ 73.888405308630126, 19.970302088988124 ], [ 73.889606558972631, 19.974442909866486 ], [ 73.879238852598334, 19.974442909866486 ], [ 73.882843920296381, 19.986865621208175 ] ] ] } },
{ "type": "Feature", "properties": { }, "geometry": { "type": "Polygon", "coordinates": [ [ [ 73.774362392580386, 19.970302088988124 ], [ 73.77556178885537, 19.974442909866486 ], [ 73.770377935668222, 19.974442909866486 ], [ 73.771577550913719, 19.978583772189253 ], [ 73.776761488397966, 19.978583772189253 ], [ 73.77796149124876, 19.982724675966459 ], [ 73.783145513051437, 19.982724675966459 ], [ 73.779546161491737, 19.970302088988124 ], [ 73.774362392580386, 19.970302088988124 ] ] ] } },
{ "type": "Feature", "properties": { }, "geometry": { "type": "Polygon", "coordinates": [ [ [ 73.789530009733141, 19.986865621208175 ], [ 73.779161797448339, 19.986865621208175 ], [ 73.780362407037288, 19.991006607924469 ], [ 73.78554659754073, 19.991006607924469 ], [ 73.786747594942071, 19.995147636125413 ], [ 73.791931869827891, 19.995147636125413 ], [ 73.789530009733141, 19.986865621208175 ] ] ] } },
{ "type": "Feature", "properties": { }, "geometry": { "type": "Polygon", "coordinates": [ [ [ 73.793133255124886, 19.999288705821058 ], [ 73.795536936421371, 20.007570969736758 ], [ 73.800721464582253, 20.007570969736758 ], [ 73.798317614414387, 19.999288705821058 ], [ 73.793133255124886, 19.999288705821058 ] ] ] } },
{ "type": "Feature", "properties": { }, "geometry": { "type": "Polygon", "coordinates": [ [ [ 73.822662295645046, 20.011712163976949 ], [ 73.820257162548486, 20.003429817021484 ], [ 73.815072718833946, 20.003429817021484 ], [ 73.816275049064913, 20.007570969736758 ], [ 73.811090520904017, 20.007570969736758 ], [ 73.813495923611796, 20.015853399752128 ], [ 73.829050014964551, 20.015853399752128 ], [ 73.827846908273614, 20.011712163976949 ], [ 73.822662295645046, 20.011712163976949 ] ] ] } },
{ "type": "Feature", "properties": { }, "geometry": { "type": "Polygon", "coordinates": [ [ [ 73.809144507491169, 20.036560202005429 ], [ 73.807940304147735, 20.032418758404201 ], [ 73.797570233573623, 20.032418758404201 ], [ 73.798774267725591, 20.036560202005429 ], [ 73.809144507491169, 20.036560202005429 ] ] ] } },
{ "type": "Feature", "properties": { }, "geometry": { "type": "Polygon", "coordinates": [ [ [ 73.924423513773576, 20.040701687202098 ], [ 73.922011080462909, 20.032418758404201 ], [ 73.916826045175867, 20.032418758404201 ], [ 73.919238309273695, 20.040701687202098 ], [ 73.924423513773576, 20.040701687202098 ] ] ] } },
{ "type": "Feature", "properties": { }, "geometry": { "type": "Polygon", "coordinates": [ [ [ 73.900553845965987, 20.065551472450846 ], [ 73.899346158248676, 20.061409737469845 ], [ 73.904531786154351, 20.061409737469845 ], [ 73.903324318241829, 20.05726804414477 ], [ 73.892953231878238, 20.05726804414477 ], [ 73.894160530343001, 20.061409737469845 ], [ 73.888974902437312, 20.061409737469845 ], [ 73.890182420664104, 20.065551472450846 ], [ 73.900553845965987, 20.065551472450846 ] ] ] } },
{ "type": "Feature", "properties": { }, "geometry": { "type": "Polygon", "coordinates": [ [ [ 73.892247704950577, 20.090402757676269 ], [ 73.902620148093376, 20.090402757676269 ], [ 73.900201591094984, 20.08211882913589 ], [ 73.884643435557834, 20.08211882913589 ], [ 73.885852307124068, 20.086260772547849 ], [ 73.891038443821927, 20.086260772547849 ], [ 73.892247704950577, 20.090402757676269 ] ] ] } },
{ "type": "Feature", "properties": { }, "geometry": { "type": "Polygon", "coordinates": [ [ [ 73.93581679176792, 20.11525554505771 ], [ 73.9346051065029, 20.111113309418545 ], [ 73.944978399022816, 20.111113309418545 ], [ 73.943766848903053, 20.106971115556423 ], [ 73.923020603785233, 20.106971115556423 ], [ 73.924231813982971, 20.111113309418545 ], [ 73.919045167722999, 20.111113309418545 ], [ 73.920256597982302, 20.11525554505771 ], [ 73.925443329244175, 20.11525554505771 ], [ 73.926655149609942, 20.119397822484 ], [ 73.931841965895146, 20.119397822484 ], [ 73.930630060506047, 20.11525554505771 ], [ 73.93581679176792, 20.11525554505771 ] ] ] } },
{ "type": "Feature", "properties": { }, "geometry": { "type": "Polygon", "coordinates": [ [ [ 73.893111936423196, 20.111113309418545 ], [ 73.882738643903281, 20.111113309418545 ], [ 73.88394947914918, 20.11525554505771 ], [ 73.894322941672925, 20.11525554505771 ], [ 73.893111936423196, 20.111113309418545 ] ] ] } },
{ "type": "Feature", "properties": { }, "geometry": { "type": "Polygon", "coordinates": [ [ [ 73.970575596988127, 20.127682502738367 ], [ 73.969362485760755, 20.123540141707515 ], [ 73.958988683100927, 20.123540141707515 ], [ 73.960201624195989, 20.127682502738367 ], [ 73.970575596988127, 20.127682502738367 ] ] ] } },
{ "type": "Feature", "properties": { }, "geometry": { "type": "Polygon", "coordinates": [ [ [ 73.885699444806164, 20.156680201408285 ], [ 73.875324279888474, 20.156680201408285 ], [ 73.876538130712561, 20.160822897261557 ], [ 73.886913466105341, 20.160822897261557 ], [ 73.885699444806164, 20.156680201408285 ] ] ] } },
{ "type": "Feature", "properties": { }, "geometry": { "type": "Polygon", "coordinates": [ [ [ 73.974780746921368, 20.177394099758658 ], [ 73.972347836547016, 20.169108414673076 ], [ 73.967159998311232, 20.169108414673076 ], [ 73.969592738060399, 20.177394099758658 ], [ 73.974780746921368, 20.177394099758658 ] ] ] } },
{ "type": "Feature", "properties": { }, "geometry": { "type": "Polygon", "coordinates": [ [ [ 73.944869095630438, 20.181537005204511 ], [ 73.947302816713474, 20.189822941952929 ], [ 73.957679346632759, 20.189822941952929 ], [ 73.955245284041922, 20.181537005204511 ], [ 73.944869095630438, 20.181537005204511 ] ] ] } },
{ "type": "Feature", "properties": { }, "geometry": { "type": "Polygon", "coordinates": [ [ [ 73.831886168965227, 20.256116486293969 ], [ 73.834326452750361, 20.264403936846229 ], [ 73.849895869580465, 20.264403936846229 ], [ 73.84867531736856, 20.260260190499451 ], [ 73.838295877697263, 20.260260190499451 ], [ 73.837075803048023, 20.256116486293969 ], [ 73.831886168965227, 20.256116486293969 ] ] ] } },
{ "type": "Feature", "properties": { }, "geometry": { "type": "Polygon", "coordinates": [ [ [ 74.012084729746633, 20.338998588813165 ], [ 74.006893376516615, 20.338998588813165 ], [ 74.009350915912876, 20.347287729075521 ], [ 74.014542441531646, 20.347287729075521 ], [ 74.012084729746633, 20.338998588813165 ] ] ] } },
{ "type": "Feature", "properties": { }, "geometry": { "type": "Polygon", "coordinates": [ [ [ 74.119150852768229, 20.799304295939837 ], [ 74.124351904698841, 20.799304295939837 ], [ 74.123089569266824, 20.795155027944745 ], [ 74.112687642553098, 20.795155027944745 ], [ 74.115212271134226, 20.803453607403839 ], [ 74.120413411660508, 20.803453607403839 ], [ 74.119150852768229, 20.799304295939837 ] ] ] } },
{ "type": "Feature", "properties": { }, "geometry": { "type": "Polygon", "coordinates": [ [ [ 74.252205152390104, 21.197837935643641 ], [ 74.253498052407892, 21.201991468197441 ], [ 74.263917548654589, 21.201991468197441 ], [ 74.261331702131429, 21.193684447551774 ], [ 74.256122135409896, 21.193684447551774 ], [ 74.257414809801446, 21.197837935643641 ], [ 74.252205152390104, 21.197837935643641 ] ] ] } },
{ "type": "Feature", "properties": { }, "geometry": { "type": "Polygon", "coordinates": [ [ [ 74.21945170147886, 21.359858754422298 ], [ 74.21684504217157, 21.351548339627403 ], [ 74.211632013608806, 21.351548339627403 ], [ 74.214238489823046, 21.359858754422298 ], [ 74.21945170147886, 21.359858754422298 ] ] ] } },
{ "type": "Feature", "properties": { }, "geometry": { "type": "Polygon", "coordinates": [ [ [ 74.263775636430864, 21.384791075985788 ], [ 74.261163879865961, 21.376480122517886 ], [ 74.255950301756187, 21.376480122517886 ], [ 74.258561874960151, 21.384791075985788 ], [ 74.263775636430864, 21.384791075985788 ] ] ] } },
{ "type": "Feature", "properties": { }, "geometry": { "type": "Polygon", "coordinates": [ [ [ 74.242968868506296, 21.434660573945216 ], [ 74.240350758176604, 21.426348540872539 ], [ 74.235136078560529, 21.426348540872539 ], [ 74.237754004992837, 21.434660573945216 ], [ 74.242968868506296, 21.434660573945216 ] ] ] } },
{ "type": "Feature", "properties": { }, "geometry": { "type": "Polygon", "coordinates": [ [ [ 74.253398595533227, 21.434660573945216 ], [ 74.250780117408766, 21.426348540872539 ], [ 74.245565437792692, 21.426348540872539 ], [ 74.248183732019768, 21.434660573945216 ], [ 74.253398595533227, 21.434660573945216 ] ] ] } },
{ "type": "Feature", "properties": { }, "geometry": { "type": "Polygon", "coordinates": [ [ [ 74.329099520659639, 21.476223444391781 ], [ 74.318667951972884, 21.476223444391781 ], [ 74.319981779310794, 21.480379979652085 ], [ 74.330413532409906, 21.480379979652085 ], [ 74.329099520659639, 21.476223444391781 ] ] ] } },
{ "type": "Feature", "properties": { }, "geometry": { "type": "Polygon", "coordinates": [ [ [ 73.216286069637491, 17.28708231915649 ], [ 73.226552817550882, 17.28708231915649 ], [ 73.224528455934063, 17.278850498295419 ], [ 73.214261991846797, 17.278850498295419 ], [ 73.216286069637491, 17.28708231915649 ] ] ] } },
{ "type": "Feature", "properties": { }, "geometry": { "type": "Polygon", "coordinates": [ [ [ 73.431296798522908, 18.078002189277328 ], [ 73.426149432318525, 18.078002189277328 ], [ 73.428283760078486, 18.086247986183075 ], [ 73.433431275904866, 18.086247986183075 ], [ 73.431296798522908, 18.078002189277328 ] ] ] } },
{ "type": "Feature", "properties": { }, "geometry": { "type": "Polygon", "coordinates": [ [ [ 73.4717992227758, 18.115109439945954 ], [ 73.487243343185867, 18.115109439945954 ], [ 73.488313695252543, 18.119232652782003 ], [ 73.493461810371159, 18.119232652782003 ], [ 73.492391383322555, 18.115109439945954 ], [ 73.497539423459244, 18.115109439945954 ], [ 73.494329640664574, 18.102740023533769 ], [ 73.499477455976177, 18.102740023533769 ], [ 73.497338886728642, 18.094493930909628 ], [ 73.481895890142312, 18.094493930909628 ], [ 73.482964806562038, 18.0986169587297 ], [ 73.472669325741762, 18.0986169587297 ], [ 73.47053207941228, 18.090370940063949 ], [ 73.460236898077241, 18.090370940063949 ], [ 73.4613052280272, 18.094493930909628 ], [ 73.456157562498433, 18.094493930909628 ], [ 73.458294933483359, 18.102740023533769 ], [ 73.468590564106563, 18.102740023533769 ], [ 73.4717992227758, 18.115109439945954 ] ] ] } },
{ "type": "Feature", "properties": { }, "geometry": { "type": "Polygon", "coordinates": [ [ [ 73.5108429517811, 18.10686312533144 ], [ 73.512983543869311, 18.115109439945954 ], [ 73.523279624142688, 18.115109439945954 ], [ 73.521138732247451, 18.10686312533144 ], [ 73.5108429517811, 18.10686312533144 ] ] ] } },
{ "type": "Feature", "properties": { }, "geometry": { "type": "Polygon", "coordinates": [ [ [ 73.501023530557191, 18.403824297344439 ], [ 73.503203073487157, 18.412075991694675 ], [ 73.513510054314693, 18.412075991694675 ], [ 73.511330205758497, 18.403824297344439 ], [ 73.501023530557191, 18.403824297344439 ] ] ] } },
{ "type": "Feature", "properties": { }, "geometry": { "type": "Polygon", "coordinates": [ [ [ 73.666444308552826, 18.502854603670091 ], [ 73.667542968221511, 18.506981339621127 ], [ 73.662387714616273, 18.506981339621127 ], [ 73.663486588256958, 18.511108113511117 ], [ 73.668641918766752, 18.511108113511117 ], [ 73.669741160224675, 18.515234925349766 ], [ 73.664585752789975, 18.515234925349766 ], [ 73.667884992104263, 18.527615588654591 ], [ 73.683351907098967, 18.527615588654591 ], [ 73.681151661391283, 18.519361775146766 ], [ 73.686307145771252, 18.519361775146766 ], [ 73.685207382528731, 18.515234925349766 ], [ 73.705829012267486, 18.515234925349766 ], [ 73.702530545600226, 18.502854603670091 ], [ 73.692220192158103, 18.502854603670091 ], [ 73.69441857131568, 18.511108113511117 ], [ 73.6892632408059, 18.511108113511117 ], [ 73.688163982642479, 18.506981339621127 ], [ 73.683008729037255, 18.506981339621127 ], [ 73.679712930741928, 18.494601245546125 ], [ 73.669402884714444, 18.494601245546125 ], [ 73.6683050206357, 18.490474623353808 ], [ 73.657995128254498, 18.490474623353808 ], [ 73.661289131831765, 18.502854603670091 ], [ 73.666444308552826, 18.502854603670091 ] ] ] } },
{ "type": "Feature", "properties": { }, "geometry": { "type": "Polygon", "coordinates": [ [ [ 73.655374239491522, 18.519361775146766 ], [ 73.653175927237385, 18.511108113511117 ], [ 73.642865266217797, 18.511108113511117 ], [ 73.645063270731626, 18.519361775146766 ], [ 73.655374239491522, 18.519361775146766 ] ] ] } },
{ "type": "Feature", "properties": { }, "geometry": { "type": "Polygon", "coordinates": [ [ [ 73.690682069464003, 18.593651573429032 ], [ 73.689577293785888, 18.589524038722722 ], [ 73.674106907084791, 18.589524038722722 ], [ 73.675211450826325, 18.593651573429032 ], [ 73.680368323705551, 18.593651573429032 ], [ 73.681473236356126, 18.5977791462781 ], [ 73.691787136779752, 18.5977791462781 ], [ 73.692892495769584, 18.601906757279629 ], [ 73.708363578464059, 18.601906757279629 ], [ 73.710575635913273, 18.610162093778946 ], [ 73.720890000577413, 18.610162093778946 ], [ 73.718677633593671, 18.601906757279629 ], [ 73.734148716288146, 18.601906757279629 ], [ 73.731937052497727, 18.593651573429032 ], [ 73.74225079825618, 18.593651573429032 ], [ 73.743356638897893, 18.5977791462781 ], [ 73.753670539321519, 18.5977791462781 ], [ 73.752564544014618, 18.593651573429032 ], [ 73.757721416893844, 18.593651573429032 ], [ 73.758827489533346, 18.5977791462781 ], [ 73.763984439745158, 18.5977791462781 ], [ 73.761772431724353, 18.589524038722722 ], [ 73.741145249456224, 18.589524038722722 ], [ 73.740039992461647, 18.585396542149439 ], [ 73.745196710736906, 18.585396542149439 ], [ 73.744091668239975, 18.581269083699478 ], [ 73.749248309243853, 18.581269083699478 ], [ 73.747038944991132, 18.573014281130686 ], [ 73.731569485424146, 18.573014281130686 ], [ 73.73267378999023, 18.577141663363129 ], [ 73.727517226237325, 18.577141663363129 ], [ 73.728621745228338, 18.581269083699478 ], [ 73.723465104224459, 18.581269083699478 ], [ 73.725674862755127, 18.589524038722722 ], [ 73.710204476054017, 18.589524038722722 ], [ 73.709099682810134, 18.585396542149439 ], [ 73.703942964534889, 18.585396542149439 ], [ 73.702838540208958, 18.581269083699478 ], [ 73.69768189920508, 18.581269083699478 ], [ 73.696577843719936, 18.577141663363129 ], [ 73.691421279967031, 18.577141663363129 ], [ 73.690317593245553, 18.573014281130686 ], [ 73.685161106723214, 18.573014281130686 ], [ 73.686264716214126, 18.577141663363129 ], [ 73.67595158870833, 18.577141663363129 ], [ 73.678159373158621, 18.585396542149439 ], [ 73.693629527984385, 18.585396542149439 ], [ 73.695838942343215, 18.593651573429032 ], [ 73.690682069464003, 18.593651573429032 ] ] ] } },
{ "type": "Feature", "properties": { }, "geometry": { "type": "Polygon", "coordinates": [ [ [ 73.668585824233006, 18.626673225034711 ], [ 73.670799989580487, 18.634929019946686 ], [ 73.675957636704467, 18.634929019946686 ], [ 73.673743316344655, 18.626673225034711 ], [ 73.668585824233006, 18.626673225034711 ] ] ] } },
{ "type": "Feature", "properties": { }, "geometry": { "type": "Polygon", "coordinates": [ [ [ 73.677065234715954, 18.639056974757736 ], [ 73.687380684037592, 18.639056974757736 ], [ 73.686272930952441, 18.634929019946686 ], [ 73.675957636704467, 18.634929019946686 ], [ 73.677065234715954, 18.639056974757736 ] ] ] } },
{ "type": "Feature", "properties": { }, "geometry": { "type": "Polygon", "coordinates": [ [ [ 73.658649787401515, 18.647312999138553 ], [ 73.657541915791569, 18.643184967818446 ], [ 73.647226311355425, 18.643184967818446 ], [ 73.648334027809966, 18.647312999138553 ], [ 73.658649787401515, 18.647312999138553 ] ] ] } },
{ "type": "Feature", "properties": { }, "geometry": { "type": "Polygon", "coordinates": [ [ [ 73.649109938760375, 18.688595418746758 ], [ 73.646889268130934, 18.680338628205071 ], [ 73.641730766977446, 18.680338628205071 ], [ 73.643951282062886, 18.688595418746758 ], [ 73.649109938760375, 18.688595418746758 ] ] ] } },
{ "type": "Feature", "properties": { }, "geometry": { "type": "Polygon", "coordinates": [ [ [ 73.65537944687425, 18.692723871562404 ], [ 73.657602026549554, 18.700980892331984 ], [ 73.662760916716564, 18.700980892331984 ], [ 73.661649402882631, 18.696852362754228 ], [ 73.666808215206004, 18.696852362754228 ], [ 73.665696915874648, 18.692723871562404 ], [ 73.65537944687425, 18.692723871562404 ] ] ] } },
{ "type": "Feature", "properties": { }, "geometry": { "type": "Polygon", "coordinates": [ [ [ 73.632918914726105, 18.705109460305398 ], [ 73.637367193901525, 18.721624116350487 ], [ 73.647685753286368, 18.721624116350487 ], [ 73.64546071725627, 18.713366711478162 ], [ 73.650619841077074, 18.713366711478162 ], [ 73.649507683761129, 18.7092380666842 ], [ 73.654666729676848, 18.7092380666842 ], [ 73.652443136382544, 18.700980892331984 ], [ 73.642125356048524, 18.700980892331984 ], [ 73.643236850788355, 18.705109460305398 ], [ 73.632918914726105, 18.705109460305398 ] ] ] } },
{ "type": "Feature", "properties": { }, "geometry": { "type": "Polygon", "coordinates": [ [ [ 73.667618110252604, 18.738139387505619 ], [ 73.665390266110265, 18.729881675000314 ], [ 73.655071394818322, 18.729881675000314 ], [ 73.657298926889581, 18.738139387505619 ], [ 73.667618110252604, 18.738139387505619 ] ] ] } },
{ "type": "Feature", "properties": { }, "geometry": { "type": "Polygon", "coordinates": [ [ [ 73.688672789407732, 18.758784342398389 ], [ 73.689788848836656, 18.762913448934306 ], [ 73.70010896939695, 18.762913448934306 ], [ 73.698992753665934, 18.758784342398389 ], [ 73.688672789407732, 18.758784342398389 ] ] ] } },
{ "type": "Feature", "properties": { }, "geometry": { "type": "Polygon", "coordinates": [ [ [ 73.618663262896519, 18.767042594012096 ], [ 73.60834298599309, 18.767042594012096 ], [ 73.609458380295507, 18.77117177764152 ], [ 73.60429816365172, 18.77117177764152 ], [ 73.605413772441906, 18.775300999832336 ], [ 73.62089465701105, 18.775300999832336 ], [ 73.618663262896519, 18.767042594012096 ] ] ] } },
{ "type": "Feature", "properties": { }, "geometry": { "type": "Polygon", "coordinates": [ [ [ 73.683245815061809, 18.795947689548829 ], [ 73.688406501289037, 18.795947689548829 ], [ 73.689525041969006, 18.800077143312933 ], [ 73.699846571094994, 18.800077143312933 ], [ 73.698727873743479, 18.795947689548829 ], [ 73.709049246197921, 18.795947689548829 ], [ 73.706812417988786, 18.787688897870709 ], [ 73.701651888371487, 18.787688897870709 ], [ 73.699416389559701, 18.7794302605943 ], [ 73.704576762649182, 18.7794302605943 ], [ 73.70234227988368, 18.77117177764152 ], [ 73.692021846596106, 18.77117177764152 ], [ 73.693138785000386, 18.775300999832336 ], [ 73.682818195287624, 18.775300999832336 ], [ 73.68505263835624, 18.783559559937171 ], [ 73.67989218701311, 18.783559559937171 ], [ 73.683245815061809, 18.795947689548829 ] ] ] } },
{ "type": "Feature", "properties": { }, "geometry": { "type": "Polygon", "coordinates": [ [ [ 73.746978054473857, 18.783559559937171 ], [ 73.752138505816987, 18.783559559937171 ], [ 73.751020120454669, 18.7794302605943 ], [ 73.740699374275678, 18.7794302605943 ], [ 73.74293612530991, 18.787688897870709 ], [ 73.74809665492721, 18.787688897870709 ], [ 73.746978054473857, 18.783559559937171 ] ] ] } },
{ "type": "Feature", "properties": { }, "geometry": { "type": "Polygon", "coordinates": [ [ [ 73.602909546267242, 18.804206635706759 ], [ 73.613231232105818, 18.804206635706759 ], [ 73.612113573524212, 18.800077143312933 ], [ 73.617274338087199, 18.800077143312933 ], [ 73.616156894107888, 18.795947689548829 ], [ 73.610996207880675, 18.795947689548829 ], [ 73.609879135138257, 18.791818274404676 ], [ 73.615039743050261, 18.791818274404676 ], [ 73.613922884877368, 18.787688897870709 ], [ 73.608762355260069, 18.787688897870709 ], [ 73.607645868209204, 18.783559559937171 ], [ 73.602485416866074, 18.783559559937171 ], [ 73.60360182564277, 18.787688897870709 ], [ 73.59844129602547, 18.787688897870709 ], [ 73.602909546267242, 18.804206635706759 ] ] ] } },
{ "type": "Feature", "properties": { }, "geometry": { "type": "Polygon", "coordinates": [ [ [ 73.763119725152819, 18.862023590810491 ], [ 73.761995916807493, 18.857893556574894 ], [ 73.751672189965035, 18.857893556574894 ], [ 73.752795841022149, 18.862023590810491 ], [ 73.763119725152819, 18.862023590810491 ] ] ] } },
{ "type": "Feature", "properties": { }, "geometry": { "type": "Polygon", "coordinates": [ [ [ 73.846517498494066, 19.184286505835999 ], [ 73.847664570421699, 19.188419633610199 ], [ 73.858001010790446, 19.188419633610199 ], [ 73.856853778307411, 19.184286505835999 ], [ 73.846517498494066, 19.184286505835999 ] ] ] } },
{ "type": "Feature", "properties": { }, "geometry": { "type": "Polygon", "coordinates": [ [ [ 73.793676999127612, 19.217352636038363 ], [ 73.792528812577046, 19.21321923119292 ], [ 73.782191408002831, 19.21321923119292 ], [ 73.783339433706914, 19.217352636038363 ], [ 73.793676999127612, 19.217352636038363 ] ] ] } },
{ "type": "Feature", "properties": { }, "geometry": { "type": "Polygon", "coordinates": [ [ [ 73.837325812231967, 19.22561956460229 ], [ 73.836176387917007, 19.221486080504857 ], [ 73.825838661608202, 19.221486080504857 ], [ 73.826987924993475, 19.22561956460229 ], [ 73.837325812231967, 19.22561956460229 ] ] ] } },
{ "type": "Feature", "properties": { }, "geometry": { "type": "Polygon", "coordinates": [ [ [ 73.816650037754997, 19.22561956460229 ], [ 73.80631215051649, 19.22561956460229 ], [ 73.80746138916416, 19.229753088340512 ], [ 73.817799437373978, 19.229753088340512 ], [ 73.816650037754997, 19.22561956460229 ] ] ] } },
{ "type": "Feature", "properties": { }, "geometry": { "type": "Polygon", "coordinates": [ [ [ 73.841910520317882, 19.481973389674089 ], [ 73.839577092309568, 19.473701508859421 ], [ 73.834403282622461, 19.473701508859421 ], [ 73.836736547131565, 19.481973389674089 ], [ 73.841910520317882, 19.481973389674089 ] ] ] } },
{ "type": "Feature", "properties": { }, "geometry": { "type": "Polygon", "coordinates": [ [ [ 74.059758856041626, 19.846096684411478 ], [ 74.057368760807591, 19.837817643359596 ], [ 74.036644427527222, 19.837817643359596 ], [ 74.03783898911675, 19.841957143324048 ], [ 74.032657822201244, 19.841957143324048 ], [ 74.038634760763529, 19.862655260191364 ], [ 74.05417951639609, 19.862655260191364 ], [ 74.051787328946077, 19.854375889995321 ], [ 74.056968746775098, 19.854375889995321 ], [ 74.054577605509522, 19.846096684411478 ], [ 74.059758856041626, 19.846096684411478 ] ] ] } },
{ "type": "Feature", "properties": { }, "geometry": { "type": "Polygon", "coordinates": [ [ [ 73.966092567811657, 19.862655260191364 ], [ 73.960910982600808, 19.862655260191364 ], [ 73.963301369453603, 19.870934795079865 ], [ 73.958119616776017, 19.870934795079865 ], [ 73.959315181141321, 19.875074624308862 ], [ 73.954133344698491, 19.875074624308862 ], [ 73.956525215381291, 19.883354406386555 ], [ 73.966889223455311, 19.883354406386555 ], [ 73.970479806893039, 19.895774388702829 ], [ 73.980844318068321, 19.895774388702829 ], [ 73.979646985841484, 19.891634353357382 ], [ 73.98482915755767, 19.891634353357382 ], [ 73.983632044874597, 19.887494359255296 ], [ 73.988814132740572, 19.887494359255296 ], [ 73.986420649821767, 19.879214494741085 ], [ 73.976056809363186, 19.879214494741085 ], [ 73.977253231529332, 19.883354406386555 ], [ 73.972071227492336, 19.883354406386555 ], [ 73.969678854026981, 19.875074624308862 ], [ 73.985224363355442, 19.875074624308862 ], [ 73.980442249835193, 19.858515554511804 ], [ 73.970079246816539, 19.858515554511804 ], [ 73.972469362339822, 19.86679500704404 ], [ 73.96728769340622, 19.86679500704404 ], [ 73.966092567811657, 19.862655260191364 ] ] ] } },
{ "type": "Feature", "properties": { }, "geometry": { "type": "Polygon", "coordinates": [ [ [ 73.949358542721768, 19.912334942719113 ], [ 73.948160584210086, 19.908194742299777 ], [ 73.937795569550943, 19.908194742299777 ], [ 73.938993360149624, 19.912334942719113 ], [ 73.949358542721768, 19.912334942719113 ] ] ] } },
{ "type": "Feature", "properties": { }, "geometry": { "type": "Polygon", "coordinates": [ [ [ 73.928238775023644, 19.9288961574327 ], [ 73.925841573813472, 19.920615467448556 ], [ 73.910293296024847, 19.920615467448556 ], [ 73.912689993049341, 19.9288961574327 ], [ 73.928238775023644, 19.9288961574327 ] ] ] } },
{ "type": "Feature", "properties": { }, "geometry": { "type": "Polygon", "coordinates": [ [ [ 74.07152370181629, 20.011712163976949 ], [ 74.061154476559139, 20.011712163976949 ], [ 74.062361385255798, 20.015853399752128 ], [ 74.072730779490968, 20.015853399752128 ], [ 74.07152370181629, 20.011712163976949 ] ] ] } },
{ "type": "Feature", "properties": { }, "geometry": { "type": "Polygon", "coordinates": [ [ [ 73.946730073947393, 20.02827735638833 ], [ 73.944318621314821, 20.019994677072379 ], [ 73.939133839686889, 20.019994677072379 ], [ 73.941545123234718, 20.02827735638833 ], [ 73.946730073947393, 20.02827735638833 ] ] ] } },
{ "type": "Feature", "properties": { }, "geometry": { "type": "Polygon", "coordinates": [ [ [ 74.05059709462077, 20.08211882913589 ], [ 74.040224990929332, 20.08211882913589 ], [ 74.041436408059994, 20.086260772547849 ], [ 74.036250271362121, 20.086260772547849 ], [ 74.038673851887452, 20.094544784531244 ], [ 74.049046464820108, 20.094544784531244 ], [ 74.047834352092508, 20.090402757676269 ], [ 74.0530205736639, 20.090402757676269 ], [ 74.05059709462077, 20.08211882913589 ] ] ] } },
{ "type": "Feature", "properties": { }, "geometry": { "type": "Polygon", "coordinates": [ [ [ 74.109974260043714, 20.23125514546058 ], [ 74.099596020009542, 20.23125514546058 ], [ 74.100818711888323, 20.235398597031164 ], [ 74.111197123170243, 20.235398597031164 ], [ 74.109974260043714, 20.23125514546058 ] ] ] } },
{ "type": "Feature", "properties": { }, "geometry": { "type": "Polygon", "coordinates": [ [ [ 74.128632705271329, 20.276835428835696 ], [ 74.12985903272947, 20.280979343849044 ], [ 74.140239330574815, 20.280979343849044 ], [ 74.137786639623471, 20.272691556004212 ], [ 74.132596662400147, 20.272691556004212 ], [ 74.133822768333559, 20.276835428835696 ], [ 74.128632705271329, 20.276835428835696 ] ] ] } },
{ "type": "Feature", "properties": { }, "geometry": { "type": "Polygon", "coordinates": [ [ [ 74.139957909613358, 20.297555425923875 ], [ 74.142414118990999, 20.305843720316204 ], [ 74.15279544806576, 20.305843720316204 ], [ 74.150338894772716, 20.297555425923875 ], [ 74.139957909613358, 20.297555425923875 ] ] ] } },
{ "type": "Feature", "properties": { }, "geometry": { "type": "Polygon", "coordinates": [ [ [ 74.201926050764172, 20.591893931666856 ], [ 74.204425281770924, 20.600188275827232 ], [ 74.209622106803977, 20.600188275827232 ], [ 74.208372248508311, 20.596041082263934 ], [ 74.213568986015048, 20.596041082263934 ], [ 74.211070026054514, 20.587746824025768 ], [ 74.205873463535184, 20.587746824025768 ], [ 74.20712270076632, 20.591893931666856 ], [ 74.201926050764172, 20.591893931666856 ] ] ] } },
{ "type": "Feature", "properties": { }, "geometry": { "type": "Polygon", "coordinates": [ [ [ 74.272503784578234, 20.670697150153909 ], [ 74.267305468267494, 20.670697150153909 ], [ 74.269817921842588, 20.678993130726628 ], [ 74.275016414011716, 20.678993130726628 ], [ 74.272503784578234, 20.670697150153909 ] ] ] } },
{ "type": "Feature", "properties": { }, "geometry": { "type": "Polygon", "coordinates": [ [ [ 74.297997008865067, 20.720475625495158 ], [ 74.313595127175105, 20.720475625495158 ], [ 74.312335098078648, 20.716327181456172 ], [ 74.307135813466957, 20.716327181456172 ], [ 74.305876184592208, 20.712178780680574 ], [ 74.300676988116976, 20.712178780680574 ], [ 74.301936528855251, 20.716327181456172 ], [ 74.296737244243545, 20.716327181456172 ], [ 74.297997008865067, 20.720475625495158 ] ] ] } },
{ "type": "Feature", "properties": { }, "geometry": { "type": "Polygon", "coordinates": [ [ [ 74.215908977269379, 20.894749478081103 ], [ 74.21463838459637, 20.890599207696177 ], [ 74.204232372399815, 20.890599207696177 ], [ 74.20550278691654, 20.894749478081103 ], [ 74.215908977269379, 20.894749478081103 ] ] ] } },
{ "type": "Feature", "properties": { }, "geometry": { "type": "Polygon", "coordinates": [ [ [ 74.49347851993042, 21.501163333743964 ], [ 74.49084208306158, 21.492849856507195 ], [ 74.485625929759024, 21.492849856507195 ], [ 74.48826218201377, 21.501163333743964 ], [ 74.49347851993042, 21.501163333743964 ] ] ] } },
{ "type": "Feature", "properties": { }, "geometry": { "type": "Polygon", "coordinates": [ [ [ 74.45444348755737, 21.52610485117749 ], [ 74.455763276602966, 21.53026192919457 ], [ 74.466197246148027, 21.53026192919457 ], [ 74.46487727215181, 21.52610485117749 ], [ 74.45444348755737, 21.52610485117749 ] ] ] } },
{ "type": "Feature", "properties": { }, "geometry": { "type": "Polygon", "coordinates": [ [ [ 74.476697701741301, 21.54689069434729 ], [ 74.474055325251669, 21.538576221133042 ], [ 74.463620985670673, 21.538576221133042 ], [ 74.464941828537278, 21.542733435075441 ], [ 74.470159090870425, 21.542733435075441 ], [ 74.471480346843038, 21.54689069434729 ], [ 74.476697701741301, 21.54689069434729 ] ] ] } },
{ "type": "Feature", "properties": { }, "geometry": { "type": "Polygon", "coordinates": [ [ [ 73.284442578378361, 16.892111953693661 ], [ 73.27931592794755, 16.892111953693661 ], [ 73.281291907235214, 16.900337258421622 ], [ 73.286418695906335, 16.900337258421622 ], [ 73.284442578378361, 16.892111953693661 ] ] ] } },
{ "type": "Feature", "properties": { }, "geometry": { "type": "Polygon", "coordinates": [ [ [ 73.291363851700439, 16.920901119422648 ], [ 73.306745255536455, 16.920901119422648 ], [ 73.302787744809095, 16.904449962125312 ], [ 73.29766088698868, 16.904449962125312 ], [ 73.298649778594722, 16.908562700067922 ], [ 73.293522851605573, 16.908562700067922 ], [ 73.292534029168266, 16.904449962125312 ], [ 73.287407171347837, 16.904449962125312 ], [ 73.291363851700439, 16.920901119422648 ] ] ] } },
{ "type": "Feature", "properties": { }, "geometry": { "type": "Polygon", "coordinates": [ [ [ 73.32958732719402, 17.015505935043823 ], [ 73.334716059399469, 17.015505935043823 ], [ 73.335712604748991, 17.019619600969651 ], [ 73.345970208548579, 17.019619600969651 ], [ 73.34397711787274, 17.011392303609323 ], [ 73.349105780403349, 17.011392303609323 ], [ 73.347113665510932, 17.00316514417689 ], [ 73.357370711989759, 17.00316514417689 ], [ 73.355379433568501, 16.994938122597485 ], [ 73.329737513437621, 16.994938122597485 ], [ 73.328742640179442, 16.99082466347928 ], [ 73.323614325730659, 16.99082466347928 ], [ 73.324609129411456, 16.994938122597485 ], [ 73.319480745385277, 16.994938122597485 ], [ 73.321471049313828, 17.00316514417689 ], [ 73.33172809579267, 17.00316514417689 ], [ 73.33272380495319, 17.007278706656795 ], [ 73.32759521207791, 17.007278706656795 ], [ 73.32958732719402, 17.015505935043823 ] ] ] } },
{ "type": "Feature", "properties": { }, "geometry": { "type": "Polygon", "coordinates": [ [ [ 73.468799149576398, 17.620589925017281 ], [ 73.463659961902437, 17.620589925017281 ], [ 73.464697547696375, 17.624708763460674 ], [ 73.46983680795519, 17.624708763460674 ], [ 73.470874749878448, 17.628827637790387 ], [ 73.481153415605419, 17.628827637790387 ], [ 73.482191786355756, 17.632946548015916 ], [ 73.487331191843765, 17.632946548015916 ], [ 73.485254588731635, 17.624708763460674 ], [ 73.49039384899045, 17.624708763460674 ], [ 73.489355900272287, 17.620589925017281 ], [ 73.494495087946262, 17.620589925017281 ], [ 73.493457350253351, 17.616471122450715 ], [ 73.498596465362311, 17.616471122450715 ], [ 73.493411667347203, 17.595877647438218 ], [ 73.498550419928506, 17.595877647438218 ], [ 73.495442725253639, 17.583521992345428 ], [ 73.490304189951104, 17.583521992345428 ], [ 73.491339732376872, 17.587640508238934 ], [ 73.4862011246679, 17.587640508238934 ], [ 73.488272914765886, 17.595877647438218 ], [ 73.483134162184584, 17.595877647438218 ], [ 73.485206940966663, 17.604114929917106 ], [ 73.480068043433761, 17.604114929917106 ], [ 73.481104785486693, 17.60823362491012 ], [ 73.475965815448248, 17.60823362491012 ], [ 73.477002768445615, 17.612352355751497 ], [ 73.471863725881818, 17.612352355751497 ], [ 73.472900889817495, 17.616471122450715 ], [ 73.467761774708535, 17.616471122450715 ], [ 73.468799149576398, 17.620589925017281 ] ] ] } },
{ "type": "Feature", "properties": { }, "geometry": { "type": "Polygon", "coordinates": [ [ [ 73.694370607312578, 18.568886936992413 ], [ 73.696577843719936, 18.577141663363129 ], [ 73.701734407472841, 18.577141663363129 ], [ 73.699527016624714, 18.568886936992413 ], [ 73.694370607312578, 18.568886936992413 ] ] ] } },
{ "type": "Feature", "properties": { }, "geometry": { "type": "Polygon", "coordinates": [ [ [ 73.726047182909497, 18.610162093778946 ], [ 73.727153881625469, 18.614289819296165 ], [ 73.737468401118136, 18.614289819296165 ], [ 73.736361547573651, 18.610162093778946 ], [ 73.726047182909497, 18.610162093778946 ] ] ] } },
{ "type": "Feature", "properties": { }, "geometry": { "type": "Polygon", "coordinates": [ [ [ 73.752940180357143, 18.614289819296165 ], [ 73.742625660864476, 18.614289819296165 ], [ 73.743732883826723, 18.618417583004717 ], [ 73.754047558188745, 18.618417583004717 ], [ 73.752940180357143, 18.614289819296165 ] ] ] } },
{ "type": "Feature", "properties": { }, "geometry": { "type": "Polygon", "coordinates": [ [ [ 73.727534107944322, 18.634929019946686 ], [ 73.717218813696363, 18.634929019946686 ], [ 73.718327032002449, 18.639056974757736 ], [ 73.728642481324044, 18.639056974757736 ], [ 73.727534107944322, 18.634929019946686 ] ] ] } },
{ "type": "Feature", "properties": { }, "geometry": { "type": "Polygon", "coordinates": [ [ [ 73.783642877570074, 18.7092380666842 ], [ 73.799120015317243, 18.7092380666842 ], [ 73.798005891722283, 18.705109460305398 ], [ 73.792846923691172, 18.705109460305398 ], [ 73.791733170891831, 18.700980892331984 ], [ 73.781415390557811, 18.700980892331984 ], [ 73.782528987628908, 18.705109460305398 ], [ 73.777370019597768, 18.705109460305398 ], [ 73.778483831654341, 18.7092380666842 ], [ 73.773324785738609, 18.7092380666842 ], [ 73.774438812776452, 18.713366711478162 ], [ 73.784757060418073, 18.713366711478162 ], [ 73.783642877570074, 18.7092380666842 ] ] ] } },
{ "type": "Feature", "properties": { }, "geometry": { "type": "Polygon", "coordinates": [ [ [ 73.763147139544458, 18.767042594012096 ], [ 73.764264879609115, 18.77117177764152 ], [ 73.769425096252917, 18.77117177764152 ], [ 73.772780311189521, 18.783559559937171 ], [ 73.777940762532666, 18.783559559937171 ], [ 73.779059832631006, 18.787688897870709 ], [ 73.784220362248305, 18.787688897870709 ], [ 73.781982358991627, 18.7794302605943 ], [ 73.776821985902131, 18.7794302605943 ], [ 73.77570350270247, 18.775300999832336 ], [ 73.780863797558851, 18.775300999832336 ], [ 73.777509873599286, 18.762913448934306 ], [ 73.782669933879433, 18.762913448934306 ], [ 73.781552467731714, 18.758784342398389 ], [ 73.786712449860843, 18.758784342398389 ], [ 73.787829994159594, 18.762913448934306 ], [ 73.792990054439755, 18.762913448934306 ], [ 73.791872431989944, 18.758784342398389 ], [ 73.807352378377288, 18.758784342398389 ], [ 73.806234814864155, 18.754655274394601 ], [ 73.821714526859878, 18.754655274394601 ], [ 73.822832324764605, 18.758784342398389 ], [ 73.812512360506375, 18.758784342398389 ], [ 73.813630295560358, 18.762913448934306 ], [ 73.81879035584052, 18.762913448934306 ], [ 73.819908662513313, 18.767042594012096 ], [ 73.809588385609885, 18.767042594012096 ], [ 73.810706829403216, 18.77117177764152 ], [ 73.815867046047003, 18.77117177764152 ], [ 73.816985861553505, 18.775300999832336 ], [ 73.822146156409886, 18.775300999832336 ], [ 73.824384824620864, 18.783559559937171 ], [ 73.829545275964009, 18.783559559937171 ], [ 73.828425716797085, 18.7794302605943 ], [ 73.833586089886595, 18.7794302605943 ], [ 73.831347695978366, 18.77117177764152 ], [ 73.84166812926594, 18.77117177764152 ], [ 73.838312271151935, 18.758784342398389 ], [ 73.84347225328105, 18.758784342398389 ], [ 73.842354142854191, 18.754655274394601 ], [ 73.832034334857028, 18.754655274394601 ], [ 73.830916674146692, 18.750526244913178 ], [ 73.836076500035247, 18.750526244913178 ], [ 73.833841902674777, 18.742268301478443 ], [ 73.839001572404797, 18.742268301478443 ], [ 73.840118802452977, 18.74639725394438 ], [ 73.855598045850087, 18.74639725394438 ], [ 73.856715803589466, 18.750526244913178 ], [ 73.851555977700912, 18.750526244913178 ], [ 73.853792217539265, 18.758784342398389 ], [ 73.864112181797495, 18.758784342398389 ], [ 73.860757793649114, 18.74639725394438 ], [ 73.865917541448155, 18.74639725394438 ], [ 73.862565560696382, 18.734010512016155 ], [ 73.867725074349863, 18.734010512016155 ], [ 73.863259562405148, 18.717495394697014 ], [ 73.852941158912429, 18.717495394697014 ], [ 73.851825670088559, 18.713366711478162 ], [ 73.846666546267755, 18.713366711478162 ], [ 73.847781957166063, 18.717495394697014 ], [ 73.842622755419683, 18.717495394697014 ], [ 73.844854301019097, 18.72575287644834 ], [ 73.834535585701204, 18.72575287644834 ], [ 73.83230435192695, 18.717495394697014 ], [ 73.827145150180584, 18.717495394697014 ], [ 73.832725044060894, 18.738139387505619 ], [ 73.827565452379389, 18.738139387505619 ], [ 73.828682232944757, 18.742268301478443 ], [ 73.823522563214738, 18.742268301478443 ], [ 73.822405860697884, 18.738139387505619 ], [ 73.796607902290347, 18.738139387505619 ], [ 73.795491883200967, 18.734010512016155 ], [ 73.790332369547457, 18.734010512016155 ], [ 73.791448310608828, 18.738139387505619 ], [ 73.786288718927324, 18.738139387505619 ], [ 73.788521324462607, 18.74639725394438 ], [ 73.783361576663566, 18.74639725394438 ], [ 73.784478241149714, 18.750526244913178 ], [ 73.768998763484035, 18.750526244913178 ], [ 73.771232503473499, 18.758784342398389 ], [ 73.766072521344384, 18.758784342398389 ], [ 73.768307277996186, 18.767042594012096 ], [ 73.763147139544458, 18.767042594012096 ] ], [ [ 73.825756848258138, 18.750526244913178 ], [ 73.824639559055854, 18.74639725394438 ], [ 73.829799306854895, 18.74639725394438 ], [ 73.830916674146692, 18.750526244913178 ], [ 73.825756848258138, 18.750526244913178 ] ], [ [ 73.827992306893719, 18.758784342398389 ], [ 73.83315228902282, 18.758784342398389 ], [ 73.835389077868456, 18.767042594012096 ], [ 73.830228939416727, 18.767042594012096 ], [ 73.827992306893719, 18.758784342398389 ] ] ] } },
{ "type": "Feature", "properties": { }, "geometry": { "type": "Polygon", "coordinates": [ [ [ 73.762459408503247, 18.783559559937171 ], [ 73.760222618133312, 18.775300999832336 ], [ 73.75506232327696, 18.775300999832336 ], [ 73.757298957160131, 18.783559559937171 ], [ 73.762459408503247, 18.783559559937171 ] ] ] } },
{ "type": "Feature", "properties": { }, "geometry": { "type": "Polygon", "coordinates": [ [ [ 73.768056519684365, 18.804206635706759 ], [ 73.80934326303867, 18.804206635706759 ], [ 73.807102284515196, 18.795947689548829 ], [ 73.801941598287968, 18.795947689548829 ], [ 73.800821627882144, 18.791818274404676 ], [ 73.795661019970154, 18.791818274404676 ], [ 73.79678091206074, 18.795947689548829 ], [ 73.786459539606284, 18.795947689548829 ], [ 73.785339804146147, 18.791818274404676 ], [ 73.780179196234158, 18.791818274404676 ], [ 73.779059832631006, 18.787688897870709 ], [ 73.758417714161823, 18.787688897870709 ], [ 73.761775745850827, 18.800077143312933 ], [ 73.766936510413785, 18.800077143312933 ], [ 73.768056519684365, 18.804206635706759 ] ] ] } },
{ "type": "Feature", "properties": { }, "geometry": { "type": "Polygon", "coordinates": [ [ [ 73.871781412839596, 19.200819254284337 ], [ 73.869485141266324, 19.192552800936411 ], [ 73.864316840783459, 19.192552800936411 ], [ 73.866612951697434, 19.200819254284337 ], [ 73.871781412839596, 19.200819254284337 ] ] ] } },
{ "type": "Feature", "properties": { }, "geometry": { "type": "Polygon", "coordinates": [ [ [ 73.871208739782872, 19.217352636038363 ], [ 73.870059346883664, 19.21321923119292 ], [ 73.859721942309449, 19.21321923119292 ], [ 73.860871174362174, 19.217352636038363 ], [ 73.871208739782872, 19.217352636038363 ] ] ] } },
{ "type": "Feature", "properties": { }, "geometry": { "type": "Polygon", "coordinates": [ [ [ 73.882129349919495, 19.238020254778853 ], [ 73.8832806078359, 19.242153897498699 ], [ 73.89361913920942, 19.242153897498699 ], [ 73.892467720196819, 19.238020254778853 ], [ 73.882129349919495, 19.238020254778853 ] ] ] } },
{ "type": "Feature", "properties": { }, "geometry": { "type": "Polygon", "coordinates": [ [ [ 74.06613569280664, 19.850236266631885 ], [ 74.067331582433155, 19.854375889995321 ], [ 74.072513000262191, 19.854375889995321 ], [ 74.074905857239457, 19.862655260191364 ], [ 74.069724272028623, 19.862655260191364 ], [ 74.072118175683087, 19.870934795079865 ], [ 74.077299928360688, 19.870934795079865 ], [ 74.078497419326268, 19.875074624308862 ], [ 74.088861092211928, 19.875074624308862 ], [ 74.090059054407661, 19.879214494741085 ], [ 74.095240974636951, 19.879214494741085 ], [ 74.094042928654758, 19.875074624308862 ], [ 74.099224765097574, 19.875074624308862 ], [ 74.098026939071076, 19.870934795079865 ], [ 74.103208691748662, 19.870934795079865 ], [ 74.100813783293717, 19.862655260191364 ], [ 74.095632198082868, 19.862655260191364 ], [ 74.094435283040326, 19.858515554511804 ], [ 74.078890778512346, 19.858515554511804 ], [ 74.075302607638008, 19.846096684411478 ], [ 74.070121357105876, 19.846096684411478 ], [ 74.071317026976601, 19.850236266631885 ], [ 74.06613569280664, 19.850236266631885 ] ] ] } },
{ "type": "Feature", "properties": { }, "geometry": { "type": "Polygon", "coordinates": [ [ [ 74.244463353080747, 20.334854082188251 ], [ 74.243231389422903, 20.330709617887308 ], [ 74.232849027567838, 20.330709617887308 ], [ 74.235312918637476, 20.338998588813165 ], [ 74.240504271867493, 20.338998588813165 ], [ 74.239272086012747, 20.334854082188251 ], [ 74.244463353080747, 20.334854082188251 ] ] ] } },
{ "type": "Feature", "properties": { }, "geometry": { "type": "Polygon", "coordinates": [ [ [ 73.778004716353138, 18.515234925349766 ], [ 73.772849308918438, 18.515234925349766 ], [ 73.777255342664432, 18.531742552384816 ], [ 73.787566773340274, 18.531742552384816 ], [ 73.785362865625743, 18.523488662911802 ], [ 73.780207304280168, 18.523488662911802 ], [ 73.778004716353138, 18.515234925349766 ] ] ] } },
{ "type": "Feature", "properties": { }, "geometry": { "type": "Polygon", "coordinates": [ [ [ 73.737111240845309, 18.535869554112182 ], [ 73.734908290414651, 18.527615588654591 ], [ 73.729752652083079, 18.527615588654591 ], [ 73.731955448480647, 18.535869554112182 ], [ 73.737111240845309, 18.535869554112182 ] ] ] } },
{ "type": "Feature", "properties": { }, "geometry": { "type": "Polygon", "coordinates": [ [ [ 73.799341672447227, 18.556505133045665 ], [ 73.794927716633083, 18.539996593846389 ], [ 73.78461597780958, 18.539996593846389 ], [ 73.785718875085664, 18.544123671597134 ], [ 73.790874821564898, 18.544123671597134 ], [ 73.791978087558903, 18.54825078737413 ], [ 73.786822063991806, 18.54825078737413 ], [ 73.78792554456426, 18.552377941187078 ], [ 73.793081645239596, 18.552377941187078 ], [ 73.794185494643273, 18.556505133045665 ], [ 73.799341672447227, 18.556505133045665 ] ] ] } },
{ "type": "Feature", "properties": { }, "geometry": { "type": "Polygon", "coordinates": [ [ [ 73.777613343213588, 18.552377941187078 ], [ 73.775406982127194, 18.544123671597134 ], [ 73.770251035647959, 18.544123671597134 ], [ 73.772457242538252, 18.552377941187078 ], [ 73.777613343213588, 18.552377941187078 ] ] ] } },
{ "type": "Feature", "properties": { }, "geometry": { "type": "Polygon", "coordinates": [ [ [ 73.779082863766348, 18.577141663363129 ], [ 73.776873156306877, 18.568886936992413 ], [ 73.787185974931162, 18.568886936992413 ], [ 73.78497712590034, 18.56063236295962 ], [ 73.774664615994411, 18.56063236295962 ], [ 73.772457242538252, 18.552377941187078 ], [ 73.767301141862916, 18.552377941187078 ], [ 73.768404605623488, 18.556505133045665 ], [ 73.763248427819534, 18.556505133045665 ], [ 73.766560337682591, 18.568886936992413 ], [ 73.771716746994741, 18.568886936992413 ], [ 73.773926300013443, 18.577141663363129 ], [ 73.779082863766348, 18.577141663363129 ] ], [ [ 73.775768740275439, 18.564759630938632 ], [ 73.770612408153085, 18.564759630938632 ], [ 73.769508361041446, 18.56063236295962 ], [ 73.774664615994411, 18.56063236295962 ], [ 73.775768740275439, 18.564759630938632 ] ] ] } },
{ "type": "Feature", "properties": { }, "geometry": { "type": "Polygon", "coordinates": [ [ [ 73.818124430804062, 18.568886936992413 ], [ 73.814810205859104, 18.556505133045665 ], [ 73.809654028055135, 18.556505133045665 ], [ 73.810758400665151, 18.56063236295962 ], [ 73.805602145712186, 18.56063236295962 ], [ 73.806706733009605, 18.564759630938632 ], [ 73.801550400887237, 18.564759630938632 ], [ 73.802655202867612, 18.568886936992413 ], [ 73.818124430804062, 18.568886936992413 ] ] ] } },
{ "type": "Feature", "properties": { }, "geometry": { "type": "Polygon", "coordinates": [ [ [ 73.75624751905832, 18.568886936992413 ], [ 73.759561591251597, 18.581269083699478 ], [ 73.764718232255476, 18.581269083699478 ], [ 73.763613172507647, 18.577141663363129 ], [ 73.768769736260538, 18.577141663363129 ], [ 73.767664891080415, 18.573014281130686 ], [ 73.762508404558091, 18.573014281130686 ], [ 73.761403928370441, 18.568886936992413 ], [ 73.75624751905832, 18.568886936992413 ] ] ] } },
{ "type": "Feature", "properties": { }, "geometry": { "type": "Polygon", "coordinates": [ [ [ 73.789769190804222, 18.5977791462781 ], [ 73.788662654169144, 18.593651573429032 ], [ 73.778348908410706, 18.593651573429032 ], [ 73.779455290380582, 18.5977791462781 ], [ 73.789769190804222, 18.5977791462781 ] ] ] } },
{ "type": "Feature", "properties": { }, "geometry": { "type": "Polygon", "coordinates": [ [ [ 73.805620929998838, 18.618417583004717 ], [ 73.80046359281782, 18.618417583004717 ], [ 73.802680619135643, 18.626673225034711 ], [ 73.792365634912358, 18.626673225034711 ], [ 73.793474431567574, 18.630801103375589 ], [ 73.788316861959984, 18.630801103375589 ], [ 73.787208142800722, 18.626673225034711 ], [ 73.776893158577437, 18.626673225034711 ], [ 73.778001722744776, 18.630801103375589 ], [ 73.7728441531372, 18.630801103375589 ], [ 73.77506200327133, 18.639056974757736 ], [ 73.780219727932135, 18.639056974757736 ], [ 73.781329169025184, 18.643184967818446 ], [ 73.776171366807134, 18.643184967818446 ], [ 73.779501211728189, 18.655569176595865 ], [ 73.774343176715689, 18.655569176595865 ], [ 73.776564380325055, 18.663825507207484 ], [ 73.781722570636063, 18.663825507207484 ], [ 73.780611744928351, 18.659697322752518 ], [ 73.785769857579851, 18.659697322752518 ], [ 73.786880760947071, 18.663825507207484 ], [ 73.7971971415691, 18.663825507207484 ], [ 73.796086082882923, 18.659697322752518 ], [ 73.801244195534437, 18.659697322752518 ], [ 73.800133351778157, 18.655569176595865 ], [ 73.805291386790657, 18.655569176595865 ], [ 73.804180757968524, 18.651441068727781 ], [ 73.788706885786794, 18.651441068727781 ], [ 73.787596782295694, 18.647312999138553 ], [ 73.792754662091468, 18.647312999138553 ], [ 73.791644773461329, 18.643184967818446 ], [ 73.786486971243264, 18.643184967818446 ], [ 73.784268226308157, 18.634929019946686 ], [ 73.789425873432151, 18.634929019946686 ], [ 73.790535177253744, 18.639056974757736 ], [ 73.800850626575368, 18.639056974757736 ], [ 73.801960377897473, 18.643184967818446 ], [ 73.796802575679393, 18.643184967818446 ], [ 73.797912541887243, 18.647312999138553 ], [ 73.808228301478763, 18.647312999138553 ], [ 73.803789570782769, 18.630801103375589 ], [ 73.808947140390373, 18.630801103375589 ], [ 73.807838111247278, 18.626673225034711 ], [ 73.812995603358914, 18.626673225034711 ], [ 73.811886789098381, 18.622545384914325 ], [ 73.817044203734497, 18.622545384914325 ], [ 73.815935604360874, 18.618417583004717 ], [ 73.821092941541878, 18.618417583004717 ], [ 73.81998455705947, 18.614289819296165 ], [ 73.81482729731313, 18.614289819296165 ], [ 73.813719282554814, 18.610162093778946 ], [ 73.808562100222744, 18.610162093778946 ], [ 73.809670037566804, 18.614289819296165 ], [ 73.804512777820463, 18.614289819296165 ], [ 73.805620929998838, 18.618417583004717 ] ] ] } },
{ "type": "Feature", "properties": { }, "geometry": { "type": "Polygon", "coordinates": [ [ [ 73.766578174354166, 18.626673225034711 ], [ 73.776893158577437, 18.626673225034711 ], [ 73.774676906912774, 18.618417583004717 ], [ 73.764362232550766, 18.618417583004717 ], [ 73.766578174354166, 18.626673225034711 ] ] ] } },
{ "type": "Feature", "properties": { }, "geometry": { "type": "Polygon", "coordinates": [ [ [ 73.808228301478763, 18.647312999138553 ], [ 73.812671712502137, 18.663825507207484 ], [ 73.82814628343516, 18.663825507207484 ], [ 73.827034758792095, 18.659697322752518 ], [ 73.837350984095153, 18.659697322752518 ], [ 73.836239596865624, 18.655569176595865 ], [ 73.831081561853139, 18.655569176595865 ], [ 73.828859820661847, 18.647312999138553 ], [ 73.844333460049143, 18.647312999138553 ], [ 73.841002344671992, 18.634929019946686 ], [ 73.846159991795986, 18.634929019946686 ], [ 73.845050127643546, 18.630801103375589 ], [ 73.850207697251136, 18.630801103375589 ], [ 73.84577085579113, 18.614289819296165 ], [ 73.835456336298449, 18.614289819296165 ], [ 73.836564953084888, 18.618417583004717 ], [ 73.821092941541878, 18.618417583004717 ], [ 73.824419849213172, 18.630801103375589 ], [ 73.819262279605567, 18.630801103375589 ], [ 73.821481525218601, 18.639056974757736 ], [ 73.816323800557797, 18.639056974757736 ], [ 73.817433784551682, 18.643184967818446 ], [ 73.812275982333617, 18.643184967818446 ], [ 73.813386181274538, 18.647312999138553 ], [ 73.808228301478763, 18.647312999138553 ] ], [ [ 73.82592352684064, 18.655569176595865 ], [ 73.820765491828155, 18.655569176595865 ], [ 73.819654630150254, 18.651441068727781 ], [ 73.824812587544173, 18.651441068727781 ], [ 73.82592352684064, 18.655569176595865 ] ] ] } },
{ "type": "Feature", "properties": { }, "geometry": { "type": "Polygon", "coordinates": [ [ [ 73.793552326290154, 18.688595418746758 ], [ 73.794665278379483, 18.692723871562404 ], [ 73.804982747379881, 18.692723871562404 ], [ 73.803869639685132, 18.688595418746758 ], [ 73.793552326290154, 18.688595418746758 ] ] ] } },
{ "type": "Feature", "properties": { }, "geometry": { "type": "Polygon", "coordinates": [ [ [ 73.792145584674003, 18.721624116350487 ], [ 73.795491883200967, 18.734010512016155 ], [ 73.816129937814935, 18.734010512016155 ], [ 73.812782703443645, 18.721624116350487 ], [ 73.817941983136052, 18.721624116350487 ], [ 73.815711803342893, 18.713366711478162 ], [ 73.81055267952209, 18.713366711478162 ], [ 73.809438107148708, 18.7092380666842 ], [ 73.799120015317243, 18.7092380666842 ], [ 73.801349141448739, 18.717495394697014 ], [ 73.796189939702387, 18.717495394697014 ], [ 73.79730486436641, 18.721624116350487 ], [ 73.792145584674003, 18.721624116350487 ] ] ] } },
{ "type": "Feature", "properties": { }, "geometry": { "type": "Polygon", "coordinates": [ [ [ 73.866788836125139, 18.787688897870709 ], [ 73.871949365742438, 18.787688897870709 ], [ 73.870828886709091, 18.783559559937171 ], [ 73.855347532679687, 18.783559559937171 ], [ 73.857588314914096, 18.791818274404676 ], [ 73.867909530738103, 18.791818274404676 ], [ 73.866788836125139, 18.787688897870709 ] ] ] } },
{ "type": "Feature", "properties": { }, "geometry": { "type": "Polygon", "coordinates": [ [ [ 73.948162133700805, 19.159488569231204 ], [ 73.950456378952993, 19.167754390062253 ], [ 73.960792016960369, 19.167754390062253 ], [ 73.958497451054455, 19.159488569231204 ], [ 73.948162133700805, 19.159488569231204 ] ] ] } },
{ "type": "Feature", "properties": { }, "geometry": { "type": "Polygon", "coordinates": [ [ [ 74.241999734082029, 20.326565195900184 ], [ 74.243231389422903, 20.330709617887308 ], [ 74.253613751277982, 20.330709617887308 ], [ 74.252381923699303, 20.326565195900184 ], [ 74.241999734082029, 20.326565195900184 ] ] ] } },
{ "type": "Feature", "properties": { }, "geometry": { "type": "Polygon", "coordinates": [ [ [ 74.343678386144717, 20.579452737570666 ], [ 74.333285610906898, 20.579452737570666 ], [ 74.334536413228292, 20.583599759330447 ], [ 74.344929363344789, 20.583599759330447 ], [ 74.343678386144717, 20.579452737570666 ] ] ] } },
{ "type": "Feature", "properties": { }, "geometry": { "type": "Polygon", "coordinates": [ [ [ 74.592141090604528, 21.318308473517117 ], [ 74.590834018052703, 21.314153691801348 ], [ 74.580409606556756, 21.314153691801348 ], [ 74.581716496439185, 21.318308473517117 ], [ 74.592141090604528, 21.318308473517117 ] ] ] } },
{ "type": "Feature", "properties": { }, "geometry": { "type": "Polygon", "coordinates": [ [ [ 74.609106746193319, 21.339083053766089 ], [ 74.606489364378362, 21.330773087290719 ], [ 74.601276793157894, 21.330773087290719 ], [ 74.60389399210284, 21.339083053766089 ], [ 74.609106746193319, 21.339083053766089 ] ] ] } },
{ "type": "Feature", "properties": { }, "geometry": { "type": "Polygon", "coordinates": [ [ [ 74.556979205288542, 21.339083053766089 ], [ 74.55828746027089, 21.343238104222984 ], [ 74.568713151388735, 21.343238104222984 ], [ 74.566096594559937, 21.334928048125487 ], [ 74.56088393191564, 21.334928048125487 ], [ 74.562191959379021, 21.339083053766089 ], [ 74.556979205288542, 21.339083053766089 ] ] ] } },
{ "type": "Feature", "properties": { }, "geometry": { "type": "Polygon", "coordinates": [ [ [ 73.546729356394209, 17.521748543608137 ], [ 73.541591904812293, 17.521748543608137 ], [ 73.543656654795399, 17.529984539300955 ], [ 73.54879425061614, 17.529984539300955 ], [ 73.547761661936235, 17.525866523625158 ], [ 73.552899185627666, 17.525866523625158 ], [ 73.550834713448921, 17.51763059924042 ], [ 73.545697333956753, 17.51763059924042 ], [ 73.546729356394209, 17.521748543608137 ] ] ] } },
{ "type": "Feature", "properties": { }, "geometry": { "type": "Polygon", "coordinates": [ [ [ 73.801116834588498, 18.271817642301439 ], [ 73.800031817909954, 18.26769305287775 ], [ 73.789730162133353, 18.26769305287775 ], [ 73.790815027355762, 18.271817642301439 ], [ 73.801116834588498, 18.271817642301439 ] ] ] } },
{ "type": "Feature", "properties": { }, "geometry": { "type": "Polygon", "coordinates": [ [ [ 73.813589847065742, 18.280066933322409 ], [ 73.808438791932574, 18.280066933322409 ], [ 73.810611004449783, 18.288316373972417 ], [ 73.815762211180598, 18.288316373972417 ], [ 73.813589847065742, 18.280066933322409 ] ] ] } },
{ "type": "Feature", "properties": { }, "geometry": { "type": "Polygon", "coordinates": [ [ [ 73.832091909774164, 18.350191956061312 ], [ 73.831001232269514, 18.346066654616745 ], [ 73.836153502450003, 18.346066654616745 ], [ 73.83506303914082, 18.341941390733815 ], [ 73.824758650964412, 18.341941390733815 ], [ 73.82584896208904, 18.346066654616745 ], [ 73.815544421728077, 18.346066654616745 ], [ 73.817725610324885, 18.35431729507717 ], [ 73.822878032750708, 18.35431729507717 ], [ 73.821787217188145, 18.350191956061312 ], [ 73.832091909774164, 18.350191956061312 ] ] ] } },
{ "type": "Feature", "properties": { }, "geometry": { "type": "Polygon", "coordinates": [ [ [ 73.811482524602084, 18.350191956061312 ], [ 73.810392151547589, 18.346066654616745 ], [ 73.800087611186626, 18.346066654616745 ], [ 73.801177832016037, 18.350191956061312 ], [ 73.811482524602084, 18.350191956061312 ] ] ] } },
{ "type": "Feature", "properties": { }, "geometry": { "type": "Polygon", "coordinates": [ [ [ 73.803359144316445, 18.358442671673973 ], [ 73.806633289907296, 18.370819027046668 ], [ 73.811786017066993, 18.370819027046668 ], [ 73.80851164289534, 18.358442671673973 ], [ 73.803359144316445, 18.358442671673973 ] ] ] } },
{ "type": "Feature", "properties": { }, "geometry": { "type": "Polygon", "coordinates": [ [ [ 73.786196842237501, 18.449210484342693 ], [ 73.784003967564033, 18.440958110490389 ], [ 73.778849941664845, 18.440958110490389 ], [ 73.781042663159695, 18.449210484342693 ], [ 73.786196842237501, 18.449210484342693 ] ] ] } },
{ "type": "Feature", "properties": { }, "geometry": { "type": "Polygon", "coordinates": [ [ [ 73.814928122959145, 18.440958110490389 ], [ 73.817121916704423, 18.449210484342693 ], [ 73.827430274860049, 18.449210484342693 ], [ 73.825236174757521, 18.440958110490389 ], [ 73.814928122959145, 18.440958110490389 ] ] ] } },
{ "type": "Feature", "properties": { }, "geometry": { "type": "Polygon", "coordinates": [ [ [ 73.848046991171344, 18.449210484342693 ], [ 73.850242868565786, 18.45746300940835 ], [ 73.860551533241221, 18.45746300940835 ], [ 73.85835534932697, 18.449210484342693 ], [ 73.848046991171344, 18.449210484342693 ] ] ] } },
{ "type": "Feature", "properties": { }, "geometry": { "type": "Polygon", "coordinates": [ [ [ 73.834779871552584, 18.45746300940835 ], [ 73.833682017185524, 18.45333672796901 ], [ 73.8233735057903, 18.45333672796901 ], [ 73.824471206877121, 18.45746300940835 ], [ 73.834779871552584, 18.45746300940835 ] ] ] } },
{ "type": "Feature", "properties": { }, "geometry": { "type": "Polygon", "coordinates": [ [ [ 73.783236548175253, 18.45746300940835 ], [ 73.784333927093328, 18.461589328670396 ], [ 73.794642745089675, 18.461589328670396 ], [ 73.793545212850702, 18.45746300940835 ], [ 73.783236548175253, 18.45746300940835 ] ] ] } },
{ "type": "Feature", "properties": { }, "geometry": { "type": "Polygon", "coordinates": [ [ [ 73.815260381082382, 18.461589328670396 ], [ 73.814162542201643, 18.45746300940835 ], [ 73.80385387752618, 18.45746300940835 ], [ 73.804951563086021, 18.461589328670396 ], [ 73.815260381082382, 18.461589328670396 ] ] ] } },
{ "type": "Feature", "properties": { }, "geometry": { "type": "Polygon", "coordinates": [ [ [ 73.824809363911342, 18.478094984139251 ], [ 73.822611494590589, 18.469842080701316 ], [ 73.817456932210533, 18.469842080701316 ], [ 73.819654648068081, 18.478094984139251 ], [ 73.824809363911342, 18.478094984139251 ] ] ] } },
{ "type": "Feature", "properties": { }, "geometry": { "type": "Polygon", "coordinates": [ [ [ 73.85058294312762, 18.478094984139251 ], [ 73.849483479138996, 18.473968513489563 ], [ 73.839174200936029, 18.473968513489563 ], [ 73.840273511441097, 18.478094984139251 ], [ 73.85058294312762, 18.478094984139251 ] ] ] } },
{ "type": "Feature", "properties": { }, "geometry": { "type": "Polygon", "coordinates": [ [ [ 73.856837491098148, 18.482221492660063 ], [ 73.859038029687937, 18.490474623353808 ], [ 73.874502868259725, 18.490474623353808 ], [ 73.871201806500622, 18.478094984139251 ], [ 73.860892374814114, 18.478094984139251 ], [ 73.861992283703501, 18.482221492660063 ], [ 73.856837491098148, 18.482221492660063 ] ] ] } },
{ "type": "Feature", "properties": { }, "geometry": { "type": "Polygon", "coordinates": [ [ [ 73.786868783019514, 18.490474623353808 ], [ 73.79717867540073, 18.490474623353808 ], [ 73.796079182004746, 18.486348039061685 ], [ 73.785769443229114, 18.486348039061685 ], [ 73.786868783019514, 18.490474623353808 ] ] ] } },
{ "type": "Feature", "properties": { }, "geometry": { "type": "Polygon", "coordinates": [ [ [ 73.819247975830649, 18.515234925349766 ], [ 73.82955879070002, 18.515234925349766 ], [ 73.828457164570167, 18.511108113511117 ], [ 73.833612495079961, 18.511108113511117 ], [ 73.835816192789821, 18.519361775146766 ], [ 73.825505224029925, 18.519361775146766 ], [ 73.827709780382861, 18.527615588654591 ], [ 73.822554142051288, 18.527615588654591 ], [ 73.825862933103636, 18.539996593846389 ], [ 73.84133054133892, 18.539996593846389 ], [ 73.840227088138434, 18.535869554112182 ], [ 73.835071295773773, 18.535869554112182 ], [ 73.833968211381617, 18.531742552384816 ], [ 73.844279642057472, 18.531742552384816 ], [ 73.847590232836524, 18.544123671597134 ], [ 73.852746179315773, 18.544123671597134 ], [ 73.850538672867756, 18.535869554112182 ], [ 73.855694465232418, 18.535869554112182 ], [ 73.854591072733328, 18.531742552384816 ], [ 73.859746788071263, 18.531742552384816 ], [ 73.860850257597065, 18.535869554112182 ], [ 73.871161842326387, 18.535869554112182 ], [ 73.872265757809487, 18.539996593846389 ], [ 73.877421627221239, 18.539996593846389 ], [ 73.87631763469102, 18.535869554112182 ], [ 73.881473427055681, 18.535869554112182 ], [ 73.880369649422946, 18.531742552384816 ], [ 73.875213934085025, 18.531742552384816 ], [ 73.874110525366959, 18.527615588654591 ], [ 73.868954887035414, 18.527615588654591 ], [ 73.870058218747118, 18.531742552384816 ], [ 73.864902503409184, 18.531742552384816 ], [ 73.862696285809406, 18.523488662911802 ], [ 73.847229601772653, 18.523488662911802 ], [ 73.848332333709138, 18.527615588654591 ], [ 73.832865418714434, 18.527615588654591 ], [ 73.831762917735929, 18.523488662911802 ], [ 73.842074040427079, 18.523488662911802 ], [ 73.840971677169776, 18.519361775146766 ], [ 73.846127161549731, 18.519361775146766 ], [ 73.845025013004104, 18.515234925349766 ], [ 73.850180420438789, 18.515234925349766 ], [ 73.849078486609329, 18.511108113511117 ], [ 73.843923156099535, 18.511108113511117 ], [ 73.842821590799815, 18.506981339621127 ], [ 73.837666337194577, 18.506981339621127 ], [ 73.836565140347687, 18.502854603670091 ], [ 73.826254786905579, 18.502854603670091 ], [ 73.825154035298453, 18.498727905648323 ], [ 73.809688735726795, 18.498727905648323 ], [ 73.807488567781917, 18.490474623353808 ], [ 73.802333621591316, 18.490474623353808 ], [ 73.804533635869561, 18.498727905648323 ], [ 73.799378536012355, 18.498727905648323 ], [ 73.800478903300302, 18.502854603670091 ], [ 73.815944433463457, 18.502854603670091 ], [ 73.819247975830649, 18.515234925349766 ] ], [ [ 73.823301834060373, 18.511108113511117 ], [ 73.822200576378833, 18.506981339621127 ], [ 73.827355829984086, 18.506981339621127 ], [ 73.828457164570167, 18.511108113511117 ], [ 73.823301834060373, 18.511108113511117 ] ] ] } },
{ "type": "Feature", "properties": { }, "geometry": { "type": "Polygon", "coordinates": [ [ [ 73.861239734299005, 18.498727905648323 ], [ 73.860138736222723, 18.494601245546125 ], [ 73.849828690195238, 18.494601245546125 ], [ 73.852030670510857, 18.502854603670091 ], [ 73.857185847231918, 18.502854603670091 ], [ 73.856084634441785, 18.498727905648323 ], [ 73.861239734299005, 18.498727905648323 ] ] ] } },
{ "type": "Feature", "properties": { }, "geometry": { "type": "Polygon", "coordinates": [ [ [ 73.870448782250179, 18.494601245546125 ], [ 73.865293759236451, 18.494601245546125 ], [ 73.867496200674026, 18.502854603670091 ], [ 73.877806554116134, 18.502854603670091 ], [ 73.876705033870664, 18.498727905648323 ], [ 73.871549934013444, 18.498727905648323 ], [ 73.870448782250179, 18.494601245546125 ] ] ] } },
{ "type": "Feature", "properties": { }, "geometry": { "type": "Polygon", "coordinates": [ [ [ 73.870802050177545, 18.515234925349766 ], [ 73.88111286504693, 18.515234925349766 ], [ 73.880010469668036, 18.511108113511117 ], [ 73.869699808648463, 18.511108113511117 ], [ 73.870802050177545, 18.515234925349766 ] ] ] } },
{ "type": "Feature", "properties": { }, "geometry": { "type": "Polygon", "coordinates": [ [ [ 73.819247975830649, 18.515234925349766 ], [ 73.808937160961264, 18.515234925349766 ], [ 73.812242865388157, 18.527615588654591 ], [ 73.817398503719716, 18.527615588654591 ], [ 73.815194255270015, 18.519361775146766 ], [ 73.82034973964997, 18.519361775146766 ], [ 73.819247975830649, 18.515234925349766 ] ] ] } },
{ "type": "Feature", "properties": { }, "geometry": { "type": "Polygon", "coordinates": [ [ [ 73.878525911711961, 18.544123671597134 ], [ 73.88883780467043, 18.544123671597134 ], [ 73.889942535333702, 18.54825078737413 ], [ 73.88478651176662, 18.54825078737413 ], [ 73.885891457395587, 18.552377941187078 ], [ 73.875579256044929, 18.552377941187078 ], [ 73.876684339506554, 18.556505133045665 ], [ 73.881840517310494, 18.556505133045665 ], [ 73.882945970006617, 18.56063236295962 ], [ 73.877789715053666, 18.56063236295962 ], [ 73.878895382722618, 18.564759630938632 ], [ 73.889208046967326, 18.564759630938632 ], [ 73.886996695114448, 18.556505133045665 ], [ 73.892152872918402, 18.556505133045665 ], [ 73.893258479912532, 18.56063236295962 ], [ 73.903570989818462, 18.56063236295962 ], [ 73.902465228526324, 18.556505133045665 ], [ 73.907621406330279, 18.556505133045665 ], [ 73.905410606035005, 18.54825078737413 ], [ 73.910566629602101, 18.54825078737413 ], [ 73.911671960772267, 18.552377941187078 ], [ 73.916828061447603, 18.552377941187078 ], [ 73.912408181243634, 18.535869554112182 ], [ 73.902096596514312, 18.535869554112182 ], [ 73.900992510774671, 18.531742552384816 ], [ 73.895836795436736, 18.531742552384816 ], [ 73.894733078693235, 18.527615588654591 ], [ 73.889577440361663, 18.527615588654591 ], [ 73.891785011785004, 18.535869554112182 ], [ 73.881473427055681, 18.535869554112182 ], [ 73.882577496633004, 18.539996593846389 ], [ 73.877421627221239, 18.539996593846389 ], [ 73.878525911711961, 18.544123671597134 ] ], [ [ 73.89730905072237, 18.556505133045665 ], [ 73.896203658746259, 18.552377941187078 ], [ 73.901359759421595, 18.552377941187078 ], [ 73.902465228526324, 18.556505133045665 ], [ 73.89730905072237, 18.556505133045665 ] ] ] } },
{ "type": "Feature", "properties": { }, "geometry": { "type": "Polygon", "coordinates": [ [ [ 73.82696644691957, 18.544123671597134 ], [ 73.816654553961087, 18.544123671597134 ], [ 73.818862148616262, 18.552377941187078 ], [ 73.824018249291584, 18.552377941187078 ], [ 73.825122561466998, 18.556505133045665 ], [ 73.830278739270952, 18.556505133045665 ], [ 73.82696644691957, 18.544123671597134 ] ] ] } },
{ "type": "Feature", "properties": { }, "geometry": { "type": "Polygon", "coordinates": [ [ [ 73.843906477364769, 18.568886936992413 ], [ 73.833593658740483, 18.568886936992413 ], [ 73.835805065048262, 18.577141663363129 ], [ 73.846118192554073, 18.577141663363129 ], [ 73.843906477364769, 18.568886936992413 ] ] ] } },
{ "type": "Feature", "properties": { }, "geometry": { "type": "Polygon", "coordinates": [ [ [ 73.821441283298128, 18.581269083699478 ], [ 73.831754565305857, 18.581269083699478 ], [ 73.829542729348319, 18.573014281130686 ], [ 73.819229756303685, 18.573014281130686 ], [ 73.821441283298128, 18.581269083699478 ] ] ] } },
{ "type": "Feature", "properties": { }, "geometry": { "type": "Polygon", "coordinates": [ [ [ 73.832860921416213, 18.585396542149439 ], [ 73.827704203140954, 18.585396542149439 ], [ 73.828810774095786, 18.589524038722722 ], [ 73.823653978528753, 18.589524038722722 ], [ 73.826975212454926, 18.601906757279629 ], [ 73.832132240019732, 18.601906757279629 ], [ 73.829917637202897, 18.593651573429032 ], [ 73.835074510082123, 18.593651573429032 ], [ 73.832860921416213, 18.585396542149439 ] ] ] } },
{ "type": "Feature", "properties": { }, "geometry": { "type": "Polygon", "coordinates": [ [ [ 73.868231432973474, 18.601906757279629 ], [ 73.857917377843833, 18.601906757279629 ], [ 73.859025504493573, 18.606034406443339 ], [ 73.869339714370057, 18.606034406443339 ], [ 73.868231432973474, 18.601906757279629 ] ] ] } },
{ "type": "Feature", "properties": { }, "geometry": { "type": "Polygon", "coordinates": [ [ [ 73.870837975681539, 18.630801103375589 ], [ 73.875995545289129, 18.630801103375589 ], [ 73.873775764731718, 18.622545384914325 ], [ 73.868618350095602, 18.622545384914325 ], [ 73.870837975681539, 18.630801103375589 ] ] ] } },
{ "type": "Feature", "properties": { }, "geometry": { "type": "Polygon", "coordinates": [ [ [ 73.931310089655383, 18.663825507207484 ], [ 73.926151899344376, 18.663825507207484 ], [ 73.925038899171113, 18.659697322752518 ], [ 73.909564561216527, 18.659697322752518 ], [ 73.912903742004062, 18.672081991051261 ], [ 73.918062087695404, 18.672081991051261 ], [ 73.919175811887584, 18.676210290459551 ], [ 73.924334235299767, 18.676210290459551 ], [ 73.923220433386732, 18.672081991051261 ], [ 73.933537124769401, 18.672081991051261 ], [ 73.931310089655383, 18.663825507207484 ] ] ] } },
{ "type": "Feature", "properties": { }, "geometry": { "type": "Polygon", "coordinates": [ [ [ 73.921821124469432, 18.705109460305398 ], [ 73.919590019050943, 18.696852362754228 ], [ 73.914431206727585, 18.696852362754228 ], [ 73.916662156438321, 18.705109460305398 ], [ 73.921821124469432, 18.705109460305398 ] ] ] } },
{ "type": "Feature", "properties": { }, "geometry": { "type": "Polygon", "coordinates": [ [ [ 73.850710474474539, 18.7092380666842 ], [ 73.848480962728956, 18.700980892331984 ], [ 73.843322072561946, 18.700980892331984 ], [ 73.845551428558821, 18.7092380666842 ], [ 73.850710474474539, 18.7092380666842 ] ] ] } },
{ "type": "Feature", "properties": { }, "geometry": { "type": "Polygon", "coordinates": [ [ [ 73.899799735920524, 18.738139387505619 ], [ 73.902035776041416, 18.74639725394438 ], [ 73.912355271639484, 18.74639725394438 ], [ 73.910118919283548, 18.738139387505619 ], [ 73.899799735920524, 18.738139387505619 ] ] ] } },
{ "type": "Feature", "properties": { }, "geometry": { "type": "Polygon", "coordinates": [ [ [ 73.881595063908676, 18.804206635706759 ], [ 73.876434220989381, 18.804206635706759 ], [ 73.878678412599797, 18.812465736422606 ], [ 73.883839412293298, 18.812465736422606 ], [ 73.881595063908676, 18.804206635706759 ] ] ] } },
{ "type": "Feature", "properties": { }, "geometry": { "type": "Polygon", "coordinates": [ [ [ 73.950932408308859, 18.812465736422606 ], [ 73.935449409228355, 18.812465736422606 ], [ 73.93657280875729, 18.816595344764174 ], [ 73.946894964980146, 18.816595344764174 ], [ 73.948018815745854, 18.820724991774519 ], [ 73.953179972295743, 18.820724991774519 ], [ 73.950932408308859, 18.812465736422606 ] ] ] } },
{ "type": "Feature", "properties": { }, "geometry": { "type": "Polygon", "coordinates": [ [ [ 73.963622791012781, 18.915717568076623 ], [ 73.961362137341169, 18.907456528789339 ], [ 73.951036520323299, 18.907456528789339 ], [ 73.952166541767966, 18.911587028986123 ], [ 73.957329429168084, 18.911587028986123 ], [ 73.958459824700881, 18.915717568076623 ], [ 73.963622791012781, 18.915717568076623 ] ] ] } },
{ "type": "Feature", "properties": { }, "geometry": { "type": "Polygon", "coordinates": [ [ [ 74.036112589445395, 19.047915413495936 ], [ 74.033831889505208, 19.039651874973433 ], [ 74.018335859722583, 19.039651874973433 ], [ 74.019475822753463, 19.043783624630908 ], [ 74.024641245566258, 19.043783624630908 ], [ 74.02578158467459, 19.047915413495936 ], [ 74.036112589445395, 19.047915413495936 ] ] ] } },
{ "type": "Feature", "properties": { }, "geometry": { "type": "Polygon", "coordinates": [ [ [ 73.970588501711291, 19.109896958061373 ], [ 73.965421803252042, 19.109896958061373 ], [ 73.967709880341403, 19.118161832481615 ], [ 73.972876738629466, 19.118161832481615 ], [ 73.970588501711291, 19.109896958061373 ] ] ] } },
{ "type": "Feature", "properties": { }, "geometry": { "type": "Polygon", "coordinates": [ [ [ 74.227253742974995, 20.065551472450846 ], [ 74.237625168276878, 20.065551472450846 ], [ 74.235199081876431, 20.05726804414477 ], [ 74.230013538694635, 20.05726804414477 ], [ 74.231226344212132, 20.061409737469845 ], [ 74.226040716306457, 20.061409737469845 ], [ 74.227253742974995, 20.065551472450846 ] ] ] } },
{ "type": "Feature", "properties": { }, "geometry": { "type": "Polygon", "coordinates": [ [ [ 73.8562190431294, 18.148096180068276 ], [ 73.852987043540651, 18.135725874542263 ], [ 73.842690213045486, 18.135725874542263 ], [ 73.845921762018037, 18.148096180068276 ], [ 73.8562190431294, 18.148096180068276 ] ] ] } },
{ "type": "Feature", "properties": { }, "geometry": { "type": "Polygon", "coordinates": [ [ [ 73.87083030301676, 18.164590440203966 ], [ 73.872989026682632, 18.172837793059532 ], [ 73.883287210114005, 18.172837793059532 ], [ 73.881128185513631, 18.164590440203966 ], [ 73.87083030301676, 18.164590440203966 ] ] ] } },
{ "type": "Feature", "properties": { }, "geometry": { "type": "Polygon", "coordinates": [ [ [ 73.864850422382574, 18.181085294542804 ], [ 73.865930645686404, 18.185209101043874 ], [ 73.876229280821889, 18.185209101043874 ], [ 73.875148906909715, 18.181085294542804 ], [ 73.864850422382574, 18.181085294542804 ] ] ] } },
{ "type": "Feature", "properties": { }, "geometry": { "type": "Polygon", "coordinates": [ [ [ 73.868886916710551, 18.255319508838181 ], [ 73.86997212412804, 18.259443986155755 ], [ 73.880273477113604, 18.259443986155755 ], [ 73.881359125688903, 18.263568500832395 ], [ 73.886509877869344, 18.263568500832395 ], [ 73.88542415360638, 18.259443986155755 ], [ 73.890574830099169, 18.259443986155755 ], [ 73.889489320011876, 18.255319508838181 ], [ 73.868886916710551, 18.255319508838181 ] ] ] } },
{ "type": "Feature", "properties": { }, "geometry": { "type": "Polygon", "coordinates": [ [ [ 73.871057621328035, 18.263568500832395 ], [ 73.86997212412804, 18.259443986155755 ], [ 73.85967077114249, 18.259443986155755 ], [ 73.860756116967181, 18.263568500832395 ], [ 73.871057621328035, 18.263568500832395 ] ] ] } },
{ "type": "Feature", "properties": { }, "geometry": { "type": "Polygon", "coordinates": [ [ [ 73.85816056150415, 18.370819027046668 ], [ 73.855975983381143, 18.362568085861387 ], [ 73.850823408628926, 18.362568085861387 ], [ 73.853007834344467, 18.370819027046668 ], [ 73.85816056150415, 18.370819027046668 ] ] ] } },
{ "type": "Feature", "properties": { }, "geometry": { "type": "Polygon", "coordinates": [ [ [ 73.919539691051455, 18.407950125666261 ], [ 73.91734835244165, 18.399698506719531 ], [ 73.912195091217129, 18.399698506719531 ], [ 73.914386277054405, 18.407950125666261 ], [ 73.919539691051455, 18.407950125666261 ] ] ] } },
{ "type": "Feature", "properties": { }, "geometry": { "type": "Polygon", "coordinates": [ [ [ 73.97394684467136, 18.45746300940835 ], [ 73.972846921021087, 18.45333672796901 ], [ 73.97800117671872, 18.45333672796901 ], [ 73.97470292583391, 18.440958110490389 ], [ 73.964394874035534, 18.440958110490389 ], [ 73.965493846210549, 18.445084278519705 ], [ 73.960339743732206, 18.445084278519705 ], [ 73.962538409625878, 18.45333672796901 ], [ 73.967692665323497, 18.45333672796901 ], [ 73.968792512333636, 18.45746300940835 ], [ 73.97394684467136, 18.45746300940835 ] ] ] } },
{ "type": "Feature", "properties": { }, "geometry": { "type": "Polygon", "coordinates": [ [ [ 73.889280423793892, 18.449210484342693 ], [ 73.884126244716057, 18.449210484342693 ], [ 73.88742210705685, 18.461589328670396 ], [ 73.89257651605503, 18.461589328670396 ], [ 73.889280423793892, 18.449210484342693 ] ] ] } },
{ "type": "Feature", "properties": { }, "geometry": { "type": "Polygon", "coordinates": [ [ [ 73.960684110083861, 18.46571568576482 ], [ 73.955529624404903, 18.46571568576482 ], [ 73.956630116471871, 18.469842080701316 ], [ 73.951475554091815, 18.469842080701316 ], [ 73.952576261168659, 18.473968513489563 ], [ 73.957730900270164, 18.473968513489563 ], [ 73.958831975835949, 18.478094984139251 ], [ 73.969141407522457, 18.478094984139251 ], [ 73.968040178473132, 18.473968513489563 ], [ 73.962885539371641, 18.473968513489563 ], [ 73.960684110083861, 18.46571568576482 ] ] ] } },
{ "type": "Feature", "properties": { }, "geometry": { "type": "Polygon", "coordinates": [ [ [ 73.89917656976094, 18.486348039061685 ], [ 73.8969753857169, 18.478094984139251 ], [ 73.891820669873653, 18.478094984139251 ], [ 73.894021700373116, 18.486348039061685 ], [ 73.89917656976094, 18.486348039061685 ] ] ] } },
{ "type": "Feature", "properties": { }, "geometry": { "type": "Polygon", "coordinates": [ [ [ 73.958084173483726, 18.494601245546125 ], [ 73.955880133026838, 18.486348039061685 ], [ 73.950725263639029, 18.486348039061685 ], [ 73.952929150469984, 18.494601245546125 ], [ 73.958084173483726, 18.494601245546125 ] ] ] } },
{ "type": "Feature", "properties": { }, "geometry": { "type": "Polygon", "coordinates": [ [ [ 73.903582437721425, 18.502854603670091 ], [ 73.906889902220371, 18.515234925349766 ], [ 73.91204530965507, 18.515234925349766 ], [ 73.913148458489104, 18.519361775146766 ], [ 73.902837489729194, 18.519361775146766 ], [ 73.905044355356381, 18.527615588654591 ], [ 73.899888717024808, 18.527615588654591 ], [ 73.900992510774671, 18.531742552384816 ], [ 73.911303941450527, 18.531742552384816 ], [ 73.912408181243634, 18.535869554112182 ], [ 73.917563973608281, 18.535869554112182 ], [ 73.916459656788447, 18.531742552384816 ], [ 73.921615372126382, 18.531742552384816 ], [ 73.919407460610742, 18.523488662911802 ], [ 73.940029705993041, 18.523488662911802 ], [ 73.938925880388851, 18.519361775146766 ], [ 73.944081364768806, 18.519361775146766 ], [ 73.941874435785508, 18.511108113511117 ], [ 73.947029766295287, 18.511108113511117 ], [ 73.948133161697882, 18.515234925349766 ], [ 73.953288569132582, 18.515234925349766 ], [ 73.949979028210933, 18.502854603670091 ], [ 73.939668674768811, 18.502854603670091 ], [ 73.940771409299458, 18.506981339621127 ], [ 73.930460902088967, 18.506981339621127 ], [ 73.929358321326688, 18.502854603670091 ], [ 73.924203144605656, 18.502854603670091 ], [ 73.923100932585669, 18.498727905648323 ], [ 73.928256032442889, 18.498727905648323 ], [ 73.926052330165732, 18.490474623353808 ], [ 73.910587491593944, 18.490474623353808 ], [ 73.914995141273238, 18.506981339621127 ], [ 73.909839887667999, 18.506981339621127 ], [ 73.908737614442487, 18.502854603670091 ], [ 73.903582437721425, 18.502854603670091 ] ] ] } },
{ "type": "Feature", "properties": { }, "geometry": { "type": "Polygon", "coordinates": [ [ [ 73.965444558374102, 18.502854603670091 ], [ 73.963239196497469, 18.494601245546125 ], [ 73.958084173483726, 18.494601245546125 ], [ 73.960289381653041, 18.502854603670091 ], [ 73.965444558374102, 18.502854603670091 ] ] ] } },
{ "type": "Feature", "properties": { }, "geometry": { "type": "Polygon", "coordinates": [ [ [ 73.887371036589343, 18.519361775146766 ], [ 73.892526520969298, 18.519361775146766 ], [ 73.894733078693235, 18.527615588654591 ], [ 73.899888717024808, 18.527615588654591 ], [ 73.896579087350986, 18.515234925349766 ], [ 73.886268272481615, 18.515234925349766 ], [ 73.887371036589343, 18.519361775146766 ] ] ] } },
{ "type": "Feature", "properties": { }, "geometry": { "type": "Polygon", "coordinates": [ [ [ 73.949977284395132, 18.56063236295962 ], [ 73.965446049254012, 18.56063236295962 ], [ 73.962126865273063, 18.54825078737413 ], [ 73.956970841705953, 18.54825078737413 ], [ 73.955865108900525, 18.544123671597134 ], [ 73.95070916242129, 18.544123671597134 ], [ 73.951814818138871, 18.54825078737413 ], [ 73.941502771004664, 18.54825078737413 ], [ 73.943714650957958, 18.556505133045665 ], [ 73.948870828761912, 18.556505133045665 ], [ 73.949977284395132, 18.56063236295962 ] ] ] } },
{ "type": "Feature", "properties": { }, "geometry": { "type": "Polygon", "coordinates": [ [ [ 73.907621406330279, 18.556505133045665 ], [ 73.910939798422646, 18.568886936992413 ], [ 73.921252617046946, 18.568886936992413 ], [ 73.920146039701478, 18.564759630938632 ], [ 73.925302371823832, 18.564759630938632 ], [ 73.923089939742155, 18.556505133045665 ], [ 73.907621406330279, 18.556505133045665 ] ] ] } },
{ "type": "Feature", "properties": { }, "geometry": { "type": "Polygon", "coordinates": [ [ [ 73.936721844983381, 18.568886936992413 ], [ 73.941878254295531, 18.568886936992413 ], [ 73.940771368190909, 18.564759630938632 ], [ 73.945927700313263, 18.564759630938632 ], [ 73.944821029442167, 18.56063236295962 ], [ 73.934508519536251, 18.56063236295962 ], [ 73.936721844983381, 18.568886936992413 ] ] ] } },
{ "type": "Feature", "properties": { }, "geometry": { "type": "Polygon", "coordinates": [ [ [ 73.958454892406451, 18.573014281130686 ], [ 73.968767865451099, 18.573014281130686 ], [ 73.967660300856252, 18.568886936992413 ], [ 73.962503891544102, 18.568886936992413 ], [ 73.961396696680339, 18.564759630938632 ], [ 73.956240364557971, 18.564759630938632 ], [ 73.958454892406451, 18.573014281130686 ] ] ] } },
{ "type": "Feature", "properties": { }, "geometry": { "type": "Polygon", "coordinates": [ [ [ 73.932672459794844, 18.573014281130686 ], [ 73.930458703946201, 18.564759630938632 ], [ 73.925302371823832, 18.564759630938632 ], [ 73.927515973272506, 18.573014281130686 ], [ 73.932672459794844, 18.573014281130686 ] ] ] } },
{ "type": "Feature", "properties": { }, "geometry": { "type": "Polygon", "coordinates": [ [ [ 74.012237000441559, 18.581269083699478 ], [ 74.017393641445423, 18.581269083699478 ], [ 74.01517624415203, 18.573014281130686 ], [ 74.010019757629706, 18.573014281130686 ], [ 74.008911575353409, 18.568886936992413 ], [ 74.003755166041259, 18.568886936992413 ], [ 74.00597166889402, 18.577141663363129 ], [ 74.011128232646925, 18.577141663363129 ], [ 74.012237000441559, 18.581269083699478 ] ] ] } },
{ "type": "Feature", "properties": { }, "geometry": { "type": "Polygon", "coordinates": [ [ [ 73.913153521341798, 18.577141663363129 ], [ 73.902840393835987, 18.577141663363129 ], [ 73.903947539360146, 18.581269083699478 ], [ 73.914260821367904, 18.581269083699478 ], [ 73.913153521341798, 18.577141663363129 ] ] ] } },
{ "type": "Feature", "properties": { }, "geometry": { "type": "Polygon", "coordinates": [ [ [ 73.966935596572782, 18.585396542149439 ], [ 73.969153204941819, 18.593651573429032 ], [ 73.979466950700257, 18.593651573429032 ], [ 73.978357845539733, 18.589524038722722 ], [ 73.973201049972701, 18.589524038722722 ], [ 73.972092314848041, 18.585396542149439 ], [ 73.966935596572782, 18.585396542149439 ] ] ] } },
{ "type": "Feature", "properties": { }, "geometry": { "type": "Polygon", "coordinates": [ [ [ 73.909487653492036, 18.601906757279629 ], [ 73.907270730391176, 18.593651573429032 ], [ 73.902113857511964, 18.593651573429032 ], [ 73.904330625927216, 18.601906757279629 ], [ 73.909487653492036, 18.601906757279629 ] ] ] } },
{ "type": "Feature", "properties": { }, "geometry": { "type": "Polygon", "coordinates": [ [ [ 74.002314149658801, 18.601906757279629 ], [ 74.012628204788427, 18.601906757279629 ], [ 74.011518049912212, 18.5977791462781 ], [ 74.006361099700413, 18.5977791462781 ], [ 74.005251315096359, 18.593651573429032 ], [ 74.000094442217147, 18.593651573429032 ], [ 74.002314149658801, 18.601906757279629 ] ] ] } },
{ "type": "Feature", "properties": { }, "geometry": { "type": "Polygon", "coordinates": [ [ [ 74.021117687166438, 18.614289819296165 ], [ 74.018895757579031, 18.606034406443339 ], [ 74.003424442764313, 18.606034406443339 ], [ 74.004535028841673, 18.610162093778946 ], [ 74.009692211173743, 18.610162093778946 ], [ 74.010803167673785, 18.614289819296165 ], [ 74.021117687166438, 18.614289819296165 ] ] ] } },
{ "type": "Feature", "properties": { }, "geometry": { "type": "Polygon", "coordinates": [ [ [ 74.017475062329325, 18.639056974757736 ], [ 74.019701373105264, 18.647312999138553 ], [ 74.035175012492545, 18.647312999138553 ], [ 74.032948236311739, 18.639056974757736 ], [ 74.017475062329325, 18.639056974757736 ] ] ] } },
{ "type": "Feature", "properties": { }, "geometry": { "type": "Polygon", "coordinates": [ [ [ 73.962259231521443, 18.663825507207484 ], [ 73.951942850899428, 18.663825507207484 ], [ 73.954170507534755, 18.672081991051261 ], [ 73.959328853226083, 18.672081991051261 ], [ 73.960443199185065, 18.676210290459551 ], [ 73.965601622597248, 18.676210290459551 ], [ 73.962259231521443, 18.663825507207484 ] ] ] } },
{ "type": "Feature", "properties": { }, "geometry": { "type": "Polygon", "coordinates": [ [ [ 74.044950289602326, 18.721624116350487 ], [ 74.039791009909919, 18.721624116350487 ], [ 74.042029068266487, 18.729881675000314 ], [ 74.047188503912452, 18.729881675000314 ], [ 74.044950289602326, 18.721624116350487 ] ] ] } },
{ "type": "Feature", "properties": { }, "geometry": { "type": "Polygon", "coordinates": [ [ [ 73.991557908536791, 18.828984401840614 ], [ 73.993808927636053, 18.837243966699077 ], [ 74.00413186865471, 18.837243966699077 ], [ 74.00188053551382, 18.828984401840614 ], [ 73.991557908536791, 18.828984401840614 ] ] ] } },
{ "type": "Feature", "properties": { }, "geometry": { "type": "Polygon", "coordinates": [ [ [ 74.091862146551819, 19.006599288007152 ], [ 74.086697438961693, 19.006599288007152 ], [ 74.088975301776173, 19.014862199837282 ], [ 74.094140168159925, 19.014862199837282 ], [ 74.091862146551819, 19.006599288007152 ] ] ] } },
{ "type": "Feature", "properties": { }, "geometry": { "type": "Polygon", "coordinates": [ [ [ 74.104405950026788, 19.052047241578347 ], [ 74.103264120455592, 19.047915413495936 ], [ 74.092933115684787, 19.047915413495936 ], [ 74.094074786069385, 19.052047241578347 ], [ 74.104405950026788, 19.052047241578347 ] ] ] } },
{ "type": "Feature", "properties": { }, "geometry": { "type": "Polygon", "coordinates": [ [ [ 74.202904048017473, 19.568837874936484 ], [ 74.200547345879698, 19.560564299458676 ], [ 74.195371815262973, 19.560564299458676 ], [ 74.197728353019428, 19.568837874936484 ], [ 74.202904048017473, 19.568837874936484 ] ] ] } },
{ "type": "Feature", "properties": { }, "geometry": { "type": "Polygon", "coordinates": [ [ [ 74.187641960901175, 19.606070968681454 ], [ 74.191186188124405, 19.618482729528285 ], [ 74.196362871178039, 19.618482729528285 ], [ 74.192818396656691, 19.606070968681454 ], [ 74.187641960901175, 19.606070968681454 ] ] ] } },
{ "type": "Feature", "properties": { }, "geometry": { "type": "Polygon", "coordinates": [ [ [ 74.35794552112263, 19.891634353357382 ], [ 74.347581177690273, 19.891634353357382 ], [ 74.351191953863548, 19.90405458316399 ], [ 74.361556800652224, 19.90405458316399 ], [ 74.35794552112263, 19.891634353357382 ] ] ] } },
{ "type": "Feature", "properties": { }, "geometry": { "type": "Polygon", "coordinates": [ [ [ 74.406000709090748, 20.073835067420983 ], [ 74.407217537149805, 20.077976927430299 ], [ 74.41758947117971, 20.077976927430299 ], [ 74.416372473501895, 20.073835067420983 ], [ 74.406000709090748, 20.073835067420983 ] ] ] } },
{ "type": "Feature", "properties": { }, "geometry": { "type": "Polygon", "coordinates": [ [ [ 74.388959562194714, 20.227111735960342 ], [ 74.390186740966456, 20.23125514546058 ], [ 74.400564981000642, 20.23125514546058 ], [ 74.39933763102411, 20.227111735960342 ], [ 74.388959562194714, 20.227111735960342 ] ] ] } },
{ "type": "Feature", "properties": { }, "geometry": { "type": "Polygon", "coordinates": [ [ [ 74.454642258899426, 20.256116486293969 ], [ 74.453412288190464, 20.251972824219646 ], [ 74.443033191487615, 20.251972824219646 ], [ 74.445493098468603, 20.260260190499451 ], [ 74.450682818304259, 20.260260190499451 ], [ 74.451913320343735, 20.264403936846229 ], [ 74.462292931563795, 20.264403936846229 ], [ 74.459831892982223, 20.256116486293969 ], [ 74.454642258899426, 20.256116486293969 ] ] ] } },
{ "type": "Feature", "properties": { }, "geometry": { "type": "Polygon", "coordinates": [ [ [ 74.438805318575788, 20.272691556004212 ], [ 74.443995295799098, 20.272691556004212 ], [ 74.439073356651065, 20.256116486293969 ], [ 74.433883722568282, 20.256116486293969 ], [ 74.435113658797292, 20.260260190499451 ], [ 74.429923938961636, 20.260260190499451 ], [ 74.431154097903615, 20.264403936846229 ], [ 74.436343903513645, 20.264403936846229 ], [ 74.438805318575788, 20.272691556004212 ] ] ] } },
{ "type": "Feature", "properties": { }, "geometry": { "type": "Polygon", "coordinates": [ [ [ 74.484283479412412, 20.26854772534443 ], [ 74.489473370818331, 20.26854772534443 ], [ 74.493169457316455, 20.280979343849044 ], [ 74.503549755161799, 20.280979343849044 ], [ 74.502317245752153, 20.276835428835696 ], [ 74.507507308814397, 20.276835428835696 ], [ 74.505043045036089, 20.26854772534443 ], [ 74.499853153630156, 20.26854772534443 ], [ 74.49862157083399, 20.264403936846229 ], [ 74.488241959613916, 20.264403936846229 ], [ 74.48701085715382, 20.260260190499451 ], [ 74.48182113731815, 20.260260190499451 ], [ 74.484283479412412, 20.26854772534443 ] ] ] } },
{ "type": "Feature", "properties": { }, "geometry": { "type": "Polygon", "coordinates": [ [ [ 74.41681489113553, 20.26854772534443 ], [ 74.414354779454683, 20.260260190499451 ], [ 74.409165059619042, 20.260260190499451 ], [ 74.411624999729611, 20.26854772534443 ], [ 74.41681489113553, 20.26854772534443 ] ] ] } },
{ "type": "Feature", "properties": { }, "geometry": { "type": "Polygon", "coordinates": [ [ [ 74.55315284887061, 20.550424786588302 ], [ 74.55064884881719, 20.542131472144742 ], [ 74.545453247174621, 20.542131472144742 ], [ 74.547957072718674, 20.550424786588302 ], [ 74.55315284887061, 20.550424786588302 ] ] ] } },
{ "type": "Feature", "properties": { }, "geometry": { "type": "Polygon", "coordinates": [ [ [ 74.526987835715445, 20.567011929802273 ], [ 74.524482390762586, 20.5587182724469 ], [ 74.519286440014426, 20.5587182724469 ], [ 74.521791710284191, 20.567011929802273 ], [ 74.526987835715445, 20.567011929802273 ] ] ] } },
{ "type": "Feature", "properties": { }, "geometry": { "type": "Polygon", "coordinates": [ [ [ 74.586478150923583, 20.591893931666856 ], [ 74.585222527446291, 20.587746824025768 ], [ 74.574829402407644, 20.587746824025768 ], [ 74.576084850919287, 20.591893931666856 ], [ 74.586478150923583, 20.591893931666856 ] ] ] } },
{ "type": "Feature", "properties": { }, "geometry": { "type": "Polygon", "coordinates": [ [ [ 74.629339155781807, 20.936254587453316 ], [ 74.63062007504908, 20.940405339169878 ], [ 74.641028228021725, 20.940405339169878 ], [ 74.6397471301146, 20.936254587453316 ], [ 74.629339155781807, 20.936254587453316 ] ] ] } },
{ "type": "Feature", "properties": { }, "geometry": { "type": "Polygon", "coordinates": [ [ [ 73.88708880913336, 17.810093779999757 ], [ 73.876803714851818, 17.810093779999757 ], [ 73.878915763989426, 17.818334814429054 ], [ 73.894343846469482, 17.818334814429054 ], [ 73.893287458093525, 17.814214279052447 ], [ 73.888144837453112, 17.814214279052447 ], [ 73.88708880913336, 17.810093779999757 ] ] ] } },
{ "type": "Feature", "properties": { }, "geometry": { "type": "Polygon", "coordinates": [ [ [ 73.939655909103166, 17.954332922028271 ], [ 73.937524172032454, 17.946089479826504 ], [ 73.932379188860182, 17.946089479826504 ], [ 73.934510777592806, 17.954332922028271 ], [ 73.939655909103166, 17.954332922028271 ] ] ] } },
{ "type": "Feature", "properties": { }, "geometry": { "type": "Polygon", "coordinates": [ [ [ 73.899747834829554, 17.979064128506529 ], [ 73.904893411834848, 17.979064128506529 ], [ 73.902759409333058, 17.970820246291741 ], [ 73.877032267198729, 17.970820246291741 ], [ 73.879165526808322, 17.979064128506529 ], [ 73.884311103813616, 17.979064128506529 ], [ 73.885378239495267, 17.98318612466818 ], [ 73.900815193469029, 17.98318612466818 ], [ 73.899747834829554, 17.979064128506529 ] ] ] } },
{ "type": "Feature", "properties": { }, "geometry": { "type": "Polygon", "coordinates": [ [ [ 73.93274031106327, 18.086247986183075 ], [ 73.934890456674424, 18.094493930909628 ], [ 73.940038122203191, 18.094493930909628 ], [ 73.941113703063849, 18.0986169587297 ], [ 73.946261443473986, 18.0986169587297 ], [ 73.943035342716016, 18.086247986183075 ], [ 73.93274031106327, 18.086247986183075 ] ] ] } },
{ "type": "Feature", "properties": { }, "geometry": { "type": "Polygon", "coordinates": [ [ [ 73.989596743466961, 18.10686312533144 ], [ 74.005040414166501, 18.10686312533144 ], [ 74.003963356513069, 18.102740023533769 ], [ 74.014258987136273, 18.102740023533769 ], [ 74.009953048458883, 18.086247986183075 ], [ 73.994510500979771, 18.086247986183075 ], [ 73.99773884757532, 18.0986169587297 ], [ 73.987443366755045, 18.0986169587297 ], [ 73.989596743466961, 18.10686312533144 ] ] ] } },
{ "type": "Feature", "properties": { }, "geometry": { "type": "Polygon", "coordinates": [ [ [ 73.99067386545623, 18.110986264132293 ], [ 73.980377935106489, 18.110986264132293 ], [ 73.98253274663989, 18.119232652782003 ], [ 73.992828976877135, 18.119232652782003 ], [ 73.99067386545623, 18.110986264132293 ] ] ] } },
{ "type": "Feature", "properties": { }, "geometry": { "type": "Polygon", "coordinates": [ [ [ 73.938597292020305, 18.148096180068276 ], [ 73.939676405234536, 18.152219689429298 ], [ 73.944825120933189, 18.152219689429298 ], [ 73.946984365481555, 18.160466819487528 ], [ 73.952133231526588, 18.160466819487528 ], [ 73.951053389418391, 18.156343235899183 ], [ 73.956202180280144, 18.156343235899183 ], [ 73.957282097571607, 18.160466819487528 ], [ 73.962430963616626, 18.160466819487528 ], [ 73.963511245488547, 18.164590440203966 ], [ 73.968660186736983, 18.164590440203966 ], [ 73.966499762003693, 18.156343235899183 ], [ 73.961350971141911, 18.156343235899183 ], [ 73.954877091660592, 18.131602513520583 ], [ 73.944580411290303, 18.131602513520583 ], [ 73.947815598882656, 18.143972707806508 ], [ 73.942667033449794, 18.143972707806508 ], [ 73.943745932575979, 18.148096180068276 ], [ 73.938597292020305, 18.148096180068276 ] ] ] } },
{ "type": "Feature", "properties": { }, "geometry": { "type": "Polygon", "coordinates": [ [ [ 73.907705448686215, 18.148096180068276 ], [ 73.906627075419863, 18.143972707806508 ], [ 73.896329944554168, 18.143972707806508 ], [ 73.897408167574838, 18.148096180068276 ], [ 73.907705448686215, 18.148096180068276 ] ] ] } },
{ "type": "Feature", "properties": { }, "geometry": { "type": "Polygon", "coordinates": [ [ [ 73.916091169211384, 18.160466819487528 ], [ 73.918250668545042, 18.168714098058093 ], [ 73.928548701489021, 18.168714098058093 ], [ 73.927468656749525, 18.164590440203966 ], [ 73.932617597997947, 18.164590440203966 ], [ 73.930458225971307, 18.156343235899183 ], [ 73.920160644247773, 18.156343235899183 ], [ 73.921240035256403, 18.160466819487528 ], [ 73.916091169211384, 18.160466819487528 ] ] ] } },
{ "type": "Feature", "properties": { }, "geometry": { "type": "Polygon", "coordinates": [ [ [ 73.93369771796101, 18.168714098058093 ], [ 73.943995750904975, 18.168714098058093 ], [ 73.940755807694856, 18.156343235899183 ], [ 73.935607016833075, 18.156343235899183 ], [ 73.937766539246397, 18.164590440203966 ], [ 73.932617597997947, 18.164590440203966 ], [ 73.93369771796101, 18.168714098058093 ] ] ] } },
{ "type": "Feature", "properties": { }, "geometry": { "type": "Polygon", "coordinates": [ [ [ 73.969740833264922, 18.168714098058093 ], [ 73.959442800320943, 18.168714098058093 ], [ 73.958362304240111, 18.164590440203966 ], [ 73.948064421743254, 18.164590440203966 ], [ 73.950225402418013, 18.172837793059532 ], [ 73.955374494133693, 18.172837793059532 ], [ 73.957536783126741, 18.181085294542804 ], [ 73.962686025390298, 18.181085294542804 ], [ 73.961604660860729, 18.176961525217902 ], [ 73.966753827840265, 18.176961525217902 ], [ 73.965672677565067, 18.172837793059532 ], [ 73.970821769280761, 18.172837793059532 ], [ 73.969740833264922, 18.168714098058093 ] ] ] } },
{ "type": "Feature", "properties": { }, "geometry": { "type": "Polygon", "coordinates": [ [ [ 73.983282994444565, 18.181085294542804 ], [ 73.981119952712135, 18.172837793059532 ], [ 73.975970860996455, 18.172837793059532 ], [ 73.978133752180995, 18.181085294542804 ], [ 73.983282994444565, 18.181085294542804 ] ] ] } },
{ "type": "Feature", "properties": { }, "geometry": { "type": "Polygon", "coordinates": [ [ [ 73.947238298599615, 18.181085294542804 ], [ 73.948319726770208, 18.185209101043874 ], [ 73.958618361905678, 18.185209101043874 ], [ 73.957536783126741, 18.181085294542804 ], [ 73.947238298599615, 18.181085294542804 ] ] ] } },
{ "type": "Feature", "properties": { }, "geometry": { "type": "Polygon", "coordinates": [ [ [ 74.027430236011782, 18.387321360929601 ], [ 74.026334197688342, 18.383195720995662 ], [ 74.016028285842467, 18.383195720995662 ], [ 74.017124171575958, 18.387321360929601 ], [ 74.027430236011782, 18.387321360929601 ] ] ] } },
{ "type": "Feature", "properties": { }, "geometry": { "type": "Polygon", "coordinates": [ [ [ 73.983574996307752, 18.41620189543934 ], [ 73.978421429456972, 18.41620189543934 ], [ 73.980616779512985, 18.424453816116124 ], [ 73.985770499298653, 18.424453816116124 ], [ 73.983574996307752, 18.41620189543934 ] ] ] } },
{ "type": "Feature", "properties": { }, "geometry": { "type": "Polygon", "coordinates": [ [ [ 74.057517603996658, 18.461589328670396 ], [ 74.056416162075081, 18.45746300940835 ], [ 74.046107497399603, 18.45746300940835 ], [ 74.047208786000311, 18.461589328670396 ], [ 74.057517603996658, 18.461589328670396 ] ] ] } },
{ "type": "Feature", "properties": { }, "geometry": { "type": "Polygon", "coordinates": [ [ [ 74.080700715883751, 18.490474623353808 ], [ 74.101320500646167, 18.490474623353808 ], [ 74.100216475885503, 18.486348039061685 ], [ 74.079596998334267, 18.486348039061685 ], [ 74.080700715883751, 18.490474623353808 ] ] ] } },
{ "type": "Feature", "properties": { }, "geometry": { "type": "Polygon", "coordinates": [ [ [ 74.035409518689789, 18.494601245546125 ], [ 74.033203173843987, 18.486348039061685 ], [ 74.028048304456178, 18.486348039061685 ], [ 74.030254495676047, 18.494601245546125 ], [ 74.035409518689789, 18.494601245546125 ] ] ] } },
{ "type": "Feature", "properties": { }, "geometry": { "type": "Polygon", "coordinates": [ [ [ 74.00447938060735, 18.494601245546125 ], [ 74.014789426634835, 18.494601245546125 ], [ 74.015892730015665, 18.498727905648323 ], [ 74.02620292973009, 18.498727905648323 ], [ 74.022893435068355, 18.486348039061685 ], [ 74.012583696292737, 18.486348039061685 ], [ 74.013686415405942, 18.490474623353808 ], [ 74.003376523024741, 18.490474623353808 ], [ 74.00447938060735, 18.494601245546125 ] ] ] } },
{ "type": "Feature", "properties": { }, "geometry": { "type": "Polygon", "coordinates": [ [ [ 74.051241310391674, 18.515234925349766 ], [ 74.049031735009592, 18.506981339621127 ], [ 74.043876481404368, 18.506981339621127 ], [ 74.046085902956989, 18.515234925349766 ], [ 74.051241310391674, 18.515234925349766 ] ] ] } },
{ "type": "Feature", "properties": { }, "geometry": { "type": "Polygon", "coordinates": [ [ [ 74.093590411787403, 18.519361775146766 ], [ 74.103901380547313, 18.519361775146766 ], [ 74.10279538473857, 18.515234925349766 ], [ 74.097639977303885, 18.515234925349766 ], [ 74.096534351079143, 18.511108113511117 ], [ 74.091379020569349, 18.511108113511117 ], [ 74.093590411787403, 18.519361775146766 ] ] ] } },
{ "type": "Feature", "properties": { }, "geometry": { "type": "Polygon", "coordinates": [ [ [ 74.096964143581488, 18.589524038722722 ], [ 74.095853553454106, 18.585396542149439 ], [ 74.085540116903601, 18.585396542149439 ], [ 74.086650552447423, 18.589524038722722 ], [ 74.096964143581488, 18.589524038722722 ] ] ] } },
{ "type": "Feature", "properties": { }, "geometry": { "type": "Polygon", "coordinates": [ [ [ 74.025565063909411, 18.630801103375589 ], [ 74.026677641135464, 18.634929019946686 ], [ 74.036992935383438, 18.634929019946686 ], [ 74.034767764159398, 18.626673225034711 ], [ 74.029610272047762, 18.626673225034711 ], [ 74.030722633517016, 18.630801103375589 ], [ 74.025565063909411, 18.630801103375589 ] ] ] } },
{ "type": "Feature", "properties": { }, "geometry": { "type": "Polygon", "coordinates": [ [ [ 74.081595930654473, 18.647312999138553 ], [ 74.066122291267163, 18.647312999138553 ], [ 74.06835117242791, 18.655569176595865 ], [ 74.073509207440409, 18.655569176595865 ], [ 74.075739418363682, 18.663825507207484 ], [ 74.086055798985711, 18.663825507207484 ], [ 74.087171500353762, 18.667953729970492 ], [ 74.082013232362826, 18.667953729970492 ], [ 74.085361866177507, 18.680338628205071 ], [ 74.100837369637958, 18.680338628205071 ], [ 74.101954401900926, 18.684467004297556 ], [ 74.107112980816183, 18.684467004297556 ], [ 74.109348082891344, 18.692723871562404 ], [ 74.114506817391543, 18.692723871562404 ], [ 74.113389041534688, 18.688595418746758 ], [ 74.12886501162717, 18.688595418746758 ], [ 74.125512748374888, 18.676210290459551 ], [ 74.120354324962705, 18.676210290459551 ], [ 74.119237569657471, 18.672081991051261 ], [ 74.103762532583474, 18.672081991051261 ], [ 74.101530369918734, 18.663825507207484 ], [ 74.106688560229756, 18.663825507207484 ], [ 74.103342286815263, 18.651441068727781 ], [ 74.098184329421343, 18.651441068727781 ], [ 74.097069570041768, 18.647312999138553 ], [ 74.086753810450219, 18.647312999138553 ], [ 74.087868414633533, 18.651441068727781 ], [ 74.082710457239628, 18.651441068727781 ], [ 74.081595930654473, 18.647312999138553 ] ] ] } },
{ "type": "Feature", "properties": { }, "geometry": { "type": "Polygon", "coordinates": [ [ [ 74.060264847430659, 18.663825507207484 ], [ 74.058035102402926, 18.655569176595865 ], [ 74.047719032377927, 18.655569176595865 ], [ 74.048833602807804, 18.659697322752518 ], [ 74.043675490156261, 18.659697322752518 ], [ 74.044790276497608, 18.663825507207484 ], [ 74.060264847430659, 18.663825507207484 ] ] ] } },
{ "type": "Feature", "properties": { }, "geometry": { "type": "Polygon", "coordinates": [ [ [ 74.135141755392326, 18.692723871562404 ], [ 74.137378812081565, 18.700980892331984 ], [ 74.142537702248589, 18.700980892331984 ], [ 74.139182325022162, 18.688595418746758 ], [ 74.144340981719651, 18.688595418746758 ], [ 74.142105378865878, 18.680338628205071 ], [ 74.13694687771239, 18.680338628205071 ], [ 74.138064454307738, 18.684467004297556 ], [ 74.132905875392481, 18.684467004297556 ], [ 74.134023668324659, 18.688595418746758 ], [ 74.12886501162717, 18.688595418746758 ], [ 74.129983020892126, 18.692723871562404 ], [ 74.135141755392326, 18.692723871562404 ] ] ] } },
{ "type": "Feature", "properties": { }, "geometry": { "type": "Polygon", "coordinates": [ [ [ 74.094989638045405, 18.696852362754228 ], [ 74.093871879390775, 18.692723871562404 ], [ 74.073236941389993, 18.692723871562404 ], [ 74.076590165403374, 18.705109460305398 ], [ 74.086908101465639, 18.705109460305398 ], [ 74.084672013398674, 18.696852362754228 ], [ 74.094989638045405, 18.696852362754228 ] ] ] } },
{ "type": "Feature", "properties": { }, "geometry": { "type": "Polygon", "coordinates": [ [ [ 74.094989638045405, 18.696852362754228 ], [ 74.097226037527889, 18.705109460305398 ], [ 74.10754397359014, 18.705109460305398 ], [ 74.105307262692122, 18.696852362754228 ], [ 74.094989638045405, 18.696852362754228 ] ] ] } },
{ "type": "Feature", "properties": { }, "geometry": { "type": "Polygon", "coordinates": [ [ [ 74.154863418194196, 18.74639725394438 ], [ 74.155985705125616, 18.750526244913178 ], [ 74.16630535690274, 18.750526244913178 ], [ 74.165182913792279, 18.74639725394438 ], [ 74.154863418194196, 18.74639725394438 ] ] ] } },
{ "type": "Feature", "properties": { }, "geometry": { "type": "Polygon", "coordinates": [ [ [ 74.493580332018993, 20.036560202005429 ], [ 74.483210092253415, 20.036560202005429 ], [ 74.484425599759732, 20.040701687202098 ], [ 74.494796008759465, 20.040701687202098 ], [ 74.493580332018993, 20.036560202005429 ] ] ] } },
{ "type": "Feature", "properties": { }, "geometry": { "type": "Polygon", "coordinates": [ [ [ 74.454529679194906, 20.044843214004288 ], [ 74.453314372760502, 20.040701687202098 ], [ 74.442943963760754, 20.040701687202098 ], [ 74.444159100918284, 20.044843214004288 ], [ 74.454529679194906, 20.044843214004288 ] ] ] } },
{ "type": "Feature", "properties": { }, "geometry": { "type": "Polygon", "coordinates": [ [ [ 74.482362181659241, 20.227111735960342 ], [ 74.477173147244542, 20.227111735960342 ], [ 74.479630723678952, 20.235398597031164 ], [ 74.484819929319912, 20.235398597031164 ], [ 74.482362181659241, 20.227111735960342 ] ] ] } },
{ "type": "Feature", "properties": { }, "geometry": { "type": "Polygon", "coordinates": [ [ [ 74.603147351234853, 20.301699551998674 ], [ 74.597956772687084, 20.301699551998674 ], [ 74.600428733446549, 20.309987930886624 ], [ 74.605619483995085, 20.309987930886624 ], [ 74.603147351234853, 20.301699551998674 ] ] ] } },
{ "type": "Feature", "properties": { }, "geometry": { "type": "Polygon", "coordinates": [ [ [ 74.750725815248515, 20.85739861678919 ], [ 74.766332698039406, 20.85739861678919 ], [ 74.75867318291705, 20.832500005645631 ], [ 74.74306789898958, 20.832500005645631 ], [ 74.750725815248515, 20.85739861678919 ] ] ] } },
{ "type": "Feature", "properties": { }, "geometry": { "type": "Polygon", "coordinates": [ [ [ 74.767437065968778, 20.894749478081103 ], [ 74.764877311665344, 20.886448981006769 ], [ 74.759674394623232, 20.886448981006769 ], [ 74.762233970792352, 20.894749478081103 ], [ 74.767437065968778, 20.894749478081103 ] ] ] } },
{ "type": "Feature", "properties": { }, "geometry": { "type": "Polygon", "coordinates": [ [ [ 74.732295126639187, 20.898899792171868 ], [ 74.721888758086166, 20.898899792171868 ], [ 74.723168622288554, 20.90305014997876 ], [ 74.717965348889976, 20.90305014997876 ], [ 74.719245439489754, 20.907200551512116 ], [ 74.734855527117617, 20.907200551512116 ], [ 74.732295126639187, 20.898899792171868 ] ] ] } },
{ "type": "Feature", "properties": { }, "geometry": { "type": "Polygon", "coordinates": [ [ [ 74.804484627717244, 21.114776607749519 ], [ 74.805781229748405, 21.118929253039266 ], [ 74.816197105941299, 21.118929253039266 ], [ 74.814900323372683, 21.114776607749519 ], [ 74.804484627717244, 21.114776607749519 ] ] ] } },
{ "type": "Feature", "properties": { }, "geometry": { "type": "Polygon", "coordinates": [ [ [ 74.855235361286347, 21.14384605469623 ], [ 74.850026881112584, 21.14384605469623 ], [ 74.851326342516586, 21.147999010055706 ], [ 74.846117771919083, 21.147999010055706 ], [ 74.848717469037652, 21.156305053796686 ], [ 74.853926220549099, 21.156305053796686 ], [ 74.855226637267748, 21.160458142198955 ], [ 74.860435479269398, 21.160458142198955 ], [ 74.855235361286347, 21.14384605469623 ] ] ] } },
{ "type": "Feature", "properties": { }, "geometry": { "type": "Polygon", "coordinates": [ [ [ 74.927084745712477, 21.339083053766089 ], [ 74.924456208827181, 21.330773087290719 ], [ 74.919243637606712, 21.330773087290719 ], [ 74.921871991622012, 21.339083053766089 ], [ 74.927084745712477, 21.339083053766089 ] ] ] } },
{ "type": "Feature", "properties": { }, "geometry": { "type": "Polygon", "coordinates": [ [ [ 73.663537477112953, 15.996358079107903 ], [ 73.664473045021865, 16.000463475725777 ], [ 73.669585154353342, 16.000463475725777 ], [ 73.670521060533133, 16.004568904548698 ], [ 73.675633234809411, 16.004568904548698 ], [ 73.674697263684848, 16.000463475725777 ], [ 73.684921482347846, 16.000463475725777 ], [ 73.683050100496089, 15.992252714685936 ], [ 73.67793812099724, 15.992252714685936 ], [ 73.677002904988612, 15.988147382450714 ], [ 73.671890990377648, 15.988147382450714 ], [ 73.67002150793401, 15.979936814503901 ], [ 73.659797938149822, 15.979936814503901 ], [ 73.660732413048549, 15.98404208239309 ], [ 73.655620563306513, 15.98404208239309 ], [ 73.658425432707261, 15.996358079107903 ], [ 73.663537477112953, 15.996358079107903 ] ] ] } },
{ "type": "Feature", "properties": { }, "geometry": { "type": "Polygon", "coordinates": [ [ [ 74.028111342147412, 17.657660763712872 ], [ 74.03325118379918, 17.657660763712872 ], [ 74.035347609669117, 17.665899123208838 ], [ 74.040487596867621, 17.665899123208838 ], [ 74.039439168153663, 17.661779925474963 ], [ 74.044579082568887, 17.661779925474963 ], [ 74.043530867102731, 17.657660763712872 ], [ 74.048670708754514, 17.657660763712872 ], [ 74.047622706541958, 17.653541637913065 ], [ 74.052762475450152, 17.653541637913065 ], [ 74.050667183512843, 17.645303494162324 ], [ 74.035248313071094, 17.645303494162324 ], [ 74.036295597943564, 17.649422548066049 ], [ 74.026016205574635, 17.649422548066049 ], [ 74.028111342147412, 17.657660763712872 ] ] ] } },
{ "type": "Feature", "properties": { }, "geometry": { "type": "Polygon", "coordinates": [ [ [ 74.076940626955079, 17.74829064659902 ], [ 74.079050238591293, 17.75653059345489 ], [ 74.08419183205028, 17.75653059345489 ], [ 74.082082073992595, 17.74829064659902 ], [ 74.076940626955079, 17.74829064659902 ] ] ] } },
{ "type": "Feature", "properties": { }, "geometry": { "type": "Polygon", "coordinates": [ [ [ 73.989181150613675, 17.84717957993605 ], [ 73.99130130703891, 17.855421268968385 ], [ 74.001588020507342, 17.855421268968385 ], [ 73.999467569325247, 17.84717957993605 ], [ 73.989181150613675, 17.84717957993605 ] ] ] } },
{ "type": "Feature", "properties": { }, "geometry": { "type": "Polygon", "coordinates": [ [ [ 74.087777924739839, 18.04914306308806 ], [ 74.085629351259286, 18.040897930426297 ], [ 74.080482657359312, 18.040897930426297 ], [ 74.082631081579478, 18.04914306308806 ], [ 74.087777924739839, 18.04914306308806 ] ] ] } },
{ "type": "Feature", "properties": { }, "geometry": { "type": "Polygon", "coordinates": [ [ [ 74.062043708938035, 18.04914306308806 ], [ 74.059895881759431, 18.040897930426297 ], [ 74.054749187859457, 18.040897930426297 ], [ 74.056896865777674, 18.04914306308806 ], [ 74.062043708938035, 18.04914306308806 ] ] ] } },
{ "type": "Feature", "properties": { }, "geometry": { "type": "Polygon", "coordinates": [ [ [ 74.04360472191739, 18.057388343225337 ], [ 74.046829467493296, 18.069756540115641 ], [ 74.051976684156088, 18.069756540115641 ], [ 74.04660317945698, 18.04914306308806 ], [ 74.041456336296605, 18.04914306308806 ], [ 74.042530384654029, 18.053265684717463 ], [ 74.03223654901268, 18.053265684717463 ], [ 74.034385213718608, 18.061511038621259 ], [ 74.039532280920156, 18.061511038621259 ], [ 74.038457729416322, 18.057388343225337 ], [ 74.04360472191739, 18.057388343225337 ] ] ] } },
{ "type": "Feature", "properties": { }, "geometry": { "type": "Polygon", "coordinates": [ [ [ 74.17143995489559, 18.073879346233277 ], [ 74.181734537742642, 18.073879346233277 ], [ 74.17742652694524, 18.057388343225337 ], [ 74.182573519446322, 18.057388343225337 ], [ 74.181497165812218, 18.053265684717463 ], [ 74.17635024799155, 18.053265684717463 ], [ 74.175274258465933, 18.04914306308806 ], [ 74.170127415305586, 18.04914306308806 ], [ 74.171203330170883, 18.053265684717463 ], [ 74.166056412350201, 18.053265684717463 ], [ 74.17143995489559, 18.073879346233277 ] ] ] } },
{ "type": "Feature", "properties": { }, "geometry": { "type": "Polygon", "coordinates": [ [ [ 74.066342830990479, 18.065633770914829 ], [ 74.064192691921662, 18.057388343225337 ], [ 74.059045699420594, 18.057388343225337 ], [ 74.061195689068356, 18.065633770914829 ], [ 74.066342830990479, 18.065633770914829 ] ] ] } },
{ "type": "Feature", "properties": { }, "geometry": { "type": "Polygon", "coordinates": [ [ [ 74.061667206731499, 18.10686312533144 ], [ 74.059511732496901, 18.0986169587297 ], [ 74.054363992086778, 18.0986169587297 ], [ 74.056519316498324, 18.10686312533144 ], [ 74.061667206731499, 18.10686312533144 ] ] ] } },
{ "type": "Feature", "properties": { }, "geometry": { "type": "Polygon", "coordinates": [ [ [ 74.174352477927869, 18.143972707806508 ], [ 74.176517327372622, 18.152219689429298 ], [ 74.181666043071274, 18.152219689429298 ], [ 74.179501043360716, 18.143972707806508 ], [ 74.174352477927869, 18.143972707806508 ] ] ] } },
{ "type": "Feature", "properties": { }, "geometry": { "type": "Polygon", "coordinates": [ [ [ 74.194129935642906, 18.160466819487528 ], [ 74.191963474468594, 18.152219689429298 ], [ 74.186814758769927, 18.152219689429298 ], [ 74.188981069597872, 18.160466819487528 ], [ 74.194129935642906, 18.160466819487528 ] ] ] } },
{ "type": "Feature", "properties": { }, "geometry": { "type": "Polygon", "coordinates": [ [ [ 74.193317174940489, 18.176961525217902 ], [ 74.203615508899574, 18.176961525217902 ], [ 74.201446574504303, 18.168714098058093 ], [ 74.191148541560352, 18.168714098058093 ], [ 74.193317174940489, 18.176961525217902 ] ] ] } },
{ "type": "Feature", "properties": { }, "geometry": { "type": "Polygon", "coordinates": [ [ [ 74.047239909418579, 18.189332944730722 ], [ 74.036941123634435, 18.189332944730722 ], [ 74.038024411753625, 18.193456825612966 ], [ 74.048323348226774, 18.193456825612966 ], [ 74.047239909418579, 18.189332944730722 ] ] ] } },
{ "type": "Feature", "properties": { }, "geometry": { "type": "Polygon", "coordinates": [ [ [ 74.1768335097251, 18.251195068870032 ], [ 74.171682984547019, 18.251195068870032 ], [ 74.173862037201971, 18.259443986155755 ], [ 74.163560684216421, 18.259443986155755 ], [ 74.166830991350594, 18.271817642301439 ], [ 74.161680087734226, 18.271817642301439 ], [ 74.162770696398852, 18.275942269113113 ], [ 74.167921675763509, 18.275942269113113 ], [ 74.16901265125334, 18.280066933322409 ], [ 74.179314761519649, 18.280066933322409 ], [ 74.177132798583315, 18.271817642301439 ], [ 74.187434605816051, 18.271817642301439 ], [ 74.180894793694435, 18.247070666241683 ], [ 74.175744344143396, 18.247070666241683 ], [ 74.1768335097251, 18.251195068870032 ] ] ] } },
{ "type": "Feature", "properties": { }, "geometry": { "type": "Polygon", "coordinates": [ [ [ 74.202887316665155, 18.271817642301439 ], [ 74.201796393196943, 18.26769305287775 ], [ 74.196645565308643, 18.26769305287775 ], [ 74.195555008695308, 18.263568500832395 ], [ 74.190404256514867, 18.263568500832395 ], [ 74.193676572586753, 18.275942269113113 ], [ 74.198827551951425, 18.275942269113113 ], [ 74.199918982052267, 18.280066933322409 ], [ 74.205070037185422, 18.280066933322409 ], [ 74.203978531316068, 18.275942269113113 ], [ 74.209129510680725, 18.275942269113113 ], [ 74.208038220281523, 18.271817642301439 ], [ 74.202887316665155, 18.271817642301439 ] ] ] } },
{ "type": "Feature", "properties": { }, "geometry": { "type": "Polygon", "coordinates": [ [ [ 74.057387244819807, 18.32544071062533 ], [ 74.058479891750309, 18.329565824358269 ], [ 74.06878382361603, 18.329565824358269 ], [ 74.067691024662963, 18.32544071062533 ], [ 74.057387244819807, 18.32544071062533 ] ] ] } },
{ "type": "Feature", "properties": { }, "geometry": { "type": "Polygon", "coordinates": [ [ [ 74.172917752953509, 18.333690975614228 ], [ 74.167765710989116, 18.333690975614228 ], [ 74.169955654873675, 18.341941390733815 ], [ 74.175107848961872, 18.341941390733815 ], [ 74.172917752953509, 18.333690975614228 ] ] ] } },
{ "type": "Feature", "properties": { }, "geometry": { "type": "Polygon", "coordinates": [ [ [ 74.191544615006478, 18.519361775146766 ], [ 74.189330300255321, 18.511108113511117 ], [ 74.173864308725953, 18.511108113511117 ], [ 74.176078161866627, 18.519361775146766 ], [ 74.181233646246568, 18.519361775146766 ], [ 74.182341089235138, 18.523488662911802 ], [ 74.187496650580727, 18.523488662911802 ], [ 74.186389130626523, 18.519361775146766 ], [ 74.191544615006478, 18.519361775146766 ] ] ] } },
{ "type": "Feature", "properties": { }, "geometry": { "type": "Polygon", "coordinates": [ [ [ 74.140042326469469, 18.577141663363129 ], [ 74.129729198963659, 18.577141663363129 ], [ 74.130839743530714, 18.581269083699478 ], [ 74.141153025538472, 18.581269083699478 ], [ 74.140042326469469, 18.577141663363129 ] ] ] } },
{ "type": "Feature", "properties": { }, "geometry": { "type": "Polygon", "coordinates": [ [ [ 74.302018914624028, 18.680338628205071 ], [ 74.304259339341911, 18.688595418746758 ], [ 74.314576652736903, 18.688595418746758 ], [ 74.312335916931005, 18.680338628205071 ], [ 74.302018914624028, 18.680338628205071 ] ] ] } },
{ "type": "Feature", "properties": { }, "geometry": { "type": "Polygon", "coordinates": [ [ [ 74.192327842261832, 18.713366711478162 ], [ 74.193448474172726, 18.717495394697014 ], [ 74.18828927242636, 18.717495394697014 ], [ 74.19053126416874, 18.72575287644834 ], [ 74.200849979486648, 18.72575287644834 ], [ 74.197486966082636, 18.713366711478162 ], [ 74.192327842261832, 18.713366711478162 ] ] ] } },
{ "type": "Feature", "properties": { }, "geometry": { "type": "Polygon", "coordinates": [ [ [ 74.233383093453938, 18.750526244913178 ], [ 74.243702745231047, 18.750526244913178 ], [ 74.24145581134654, 18.742268301478443 ], [ 74.231136471886515, 18.742268301478443 ], [ 74.233383093453938, 18.750526244913178 ] ] ] } },
{ "type": "Feature", "properties": { }, "geometry": { "type": "Polygon", "coordinates": [ [ [ 74.249325244125117, 18.77117177764152 ], [ 74.247075359093373, 18.762913448934306 ], [ 74.241915298813211, 18.762913448934306 ], [ 74.24304001555376, 18.767042594012096 ], [ 74.23787987710206, 18.767042594012096 ], [ 74.239004810837557, 18.77117177764152 ], [ 74.249325244125117, 18.77117177764152 ] ] ] } },
{ "type": "Feature", "properties": { }, "geometry": { "type": "Polygon", "coordinates": [ [ [ 74.258989087040007, 18.787688897870709 ], [ 74.26931014627462, 18.787688897870709 ], [ 74.270436947873833, 18.791818274404676 ], [ 74.275597555785836, 18.791818274404676 ], [ 74.277852202149447, 18.800077143312933 ], [ 74.283012966712434, 18.800077143312933 ], [ 74.284140811612929, 18.804206635706759 ], [ 74.289301654532224, 18.804206635706759 ], [ 74.291558388080276, 18.812465736422606 ], [ 74.301880387467278, 18.812465736422606 ], [ 74.300751716047003, 18.808336166740066 ], [ 74.305912637343141, 18.808336166740066 ], [ 74.304784183290082, 18.804206635706759 ], [ 74.309945026209363, 18.804206635706759 ], [ 74.311073558639251, 18.808336166740066 ], [ 74.316234479935375, 18.808336166740066 ], [ 74.312849534783155, 18.795947689548829 ], [ 74.302528162328727, 18.795947689548829 ], [ 74.299146348189311, 18.783559559937171 ], [ 74.293985896846166, 18.783559559937171 ], [ 74.292859294851709, 18.7794302605943 ], [ 74.287698921762214, 18.7794302605943 ], [ 74.285446760631643, 18.77117177764152 ], [ 74.269966110700281, 18.77117177764152 ], [ 74.268840707812316, 18.767042594012096 ], [ 74.263680569360616, 18.767042594012096 ], [ 74.262555539933857, 18.762913448934306 ], [ 74.257395479653695, 18.762913448934306 ], [ 74.258520430908902, 18.767042594012096 ], [ 74.253360292457188, 18.767042594012096 ], [ 74.254485460768905, 18.77117177764152 ], [ 74.249325244125117, 18.77117177764152 ], [ 74.251576310135732, 18.7794302605943 ], [ 74.256736683225242, 18.7794302605943 ], [ 74.258989087040007, 18.787688897870709 ] ] ] } },
{ "type": "Feature", "properties": { }, "geometry": { "type": "Polygon", "coordinates": [ [ [ 74.33687816511987, 18.808336166740066 ], [ 74.334620612342292, 18.800077143312933 ], [ 74.329459847779304, 18.800077143312933 ], [ 74.331717243823746, 18.808336166740066 ], [ 74.33687816511987, 18.808336166740066 ] ] ] } },
{ "type": "Feature", "properties": { }, "geometry": { "type": "Polygon", "coordinates": [ [ [ 74.508270052902333, 19.568837874936484 ], [ 74.503094357904274, 19.568837874936484 ], [ 74.501911088404384, 19.564701066970791 ], [ 74.496735475607508, 19.564701066970791 ], [ 74.499102152968987, 19.5729747233657 ], [ 74.493926375748728, 19.5729747233657 ], [ 74.49629409981759, 19.581248541654549 ], [ 74.501470041545375, 19.581248541654549 ], [ 74.500285945835472, 19.577111612268396 ], [ 74.51063766476247, 19.577111612268396 ], [ 74.508270052902333, 19.568837874936484 ] ] ] } },
{ "type": "Feature", "properties": { }, "geometry": { "type": "Polygon", "coordinates": [ [ [ 74.475590332906393, 19.581248541654549 ], [ 74.473223266867691, 19.5729747233657 ], [ 74.468047489647418, 19.5729747233657 ], [ 74.469230789054407, 19.577111612268396 ], [ 74.464054929590915, 19.577111612268396 ], [ 74.465238449450808, 19.581248541654549 ], [ 74.475590332906393, 19.581248541654549 ] ] ] } },
{ "type": "Feature", "properties": { }, "geometry": { "type": "Polygon", "coordinates": [ [ [ 74.597344661785115, 19.626757439658281 ], [ 74.607698357833868, 19.626757439658281 ], [ 74.61126692381481, 19.639169809400851 ], [ 74.621621115091926, 19.639169809400851 ], [ 74.620431124212999, 19.635032312200362 ], [ 74.63078515037185, 19.635032312200362 ], [ 74.624838927556496, 19.614345435342894 ], [ 74.619662326956629, 19.614345435342894 ], [ 74.620850881576331, 19.618482729528285 ], [ 74.615674198522683, 19.618482729528285 ], [ 74.616862974351349, 19.622620064296768 ], [ 74.611686208822874, 19.622620064296768 ], [ 74.610497515469064, 19.618482729528285 ], [ 74.594967466308148, 19.618482729528285 ], [ 74.597344661785115, 19.626757439658281 ] ] ] } },
{ "type": "Feature", "properties": { }, "geometry": { "type": "Polygon", "coordinates": [ [ [ 74.603710645532459, 19.630894855622831 ], [ 74.598533714991106, 19.630894855622831 ], [ 74.600912732537708, 19.639169809400851 ], [ 74.606089828176252, 19.639169809400851 ], [ 74.603710645532459, 19.630894855622831 ] ] ] } },
{ "type": "Feature", "properties": { }, "geometry": { "type": "Polygon", "coordinates": [ [ [ 74.48016022629713, 19.759174944069208 ], [ 74.477768547882391, 19.750897625763226 ], [ 74.472589215169293, 19.750897625763226 ], [ 74.474980727261936, 19.759174944069208 ], [ 74.48016022629713, 19.759174944069208 ] ] ] } },
{ "type": "Feature", "properties": { }, "geometry": { "type": "Polygon", "coordinates": [ [ [ 74.470997357490717, 19.763313664601156 ], [ 74.474587571280736, 19.775730071832903 ], [ 74.479767403214083, 19.775730071832903 ], [ 74.476176939718698, 19.763313664601156 ], [ 74.470997357490717, 19.763313664601156 ] ] ] } },
{ "type": "Feature", "properties": { }, "geometry": { "type": "Polygon", "coordinates": [ [ [ 74.561507493036686, 19.82539939010373 ], [ 74.577049991020203, 19.82539939010373 ], [ 74.575847873247, 19.821260054530875 ], [ 74.570667124096389, 19.821260054530875 ], [ 74.568263971163034, 19.812981506593665 ], [ 74.563083388969929, 19.812981506593665 ], [ 74.565486374945763, 19.821260054530875 ], [ 74.560305625795152, 19.821260054530875 ], [ 74.561507493036686, 19.82539939010373 ] ] ] } },
{ "type": "Feature", "properties": { }, "geometry": { "type": "Polygon", "coordinates": [ [ [ 74.500275901765605, 19.899914465301684 ], [ 74.499069876832579, 19.895774388702829 ], [ 74.50425213242022, 19.895774388702829 ], [ 74.501840831471554, 19.887494359255296 ], [ 74.496658743605579, 19.887494359255296 ], [ 74.497864157459475, 19.891634353357382 ], [ 74.487499814027132, 19.891634353357382 ], [ 74.489911222804906, 19.899914465301684 ], [ 74.495093562285277, 19.899914465301684 ], [ 74.496299808904965, 19.90405458316399 ], [ 74.506664655693626, 19.90405458316399 ], [ 74.505458241245975, 19.899914465301684 ], [ 74.500275901765605, 19.899914465301684 ] ] ] } },
{ "type": "Feature", "properties": { }, "geometry": { "type": "Polygon", "coordinates": [ [ [ 73.673902068733895, 15.725472649563748 ], [ 73.675739309303552, 15.733679263740125 ], [ 73.691063094847451, 15.733679263740125 ], [ 73.690144147635948, 15.72957594085066 ], [ 73.679928418001154, 15.72957594085066 ], [ 73.679009869872885, 15.725472649563748 ], [ 73.673902068733895, 15.725472649563748 ] ] ] } },
{ "type": "Feature", "properties": { }, "geometry": { "type": "Polygon", "coordinates": [ [ [ 73.698892265559508, 16.016885384339364 ], [ 73.697018436287522, 16.008674365585836 ], [ 73.691906197047516, 16.008674365585836 ], [ 73.693779896335073, 16.016885384339364 ], [ 73.698892265559508, 16.016885384339364 ] ] ] } },
{ "type": "Feature", "properties": { }, "geometry": { "type": "Polygon", "coordinates": [ [ [ 74.134798283450891, 17.015505935043823 ], [ 74.132784293495774, 17.007278706656795 ], [ 74.127655700620494, 17.007278706656795 ], [ 74.129669551245428, 17.015505935043823 ], [ 74.134798283450891, 17.015505935043823 ] ] ] } },
{ "type": "Feature", "properties": { }, "geometry": { "type": "Polygon", "coordinates": [ [ [ 74.098204718826409, 17.365291632637188 ], [ 74.103339444878941, 17.365291632637188 ], [ 74.1043692934917, 17.369408264629477 ], [ 74.114638888316108, 17.369408264629477 ], [ 74.115669163851322, 17.373524931921327 ], [ 74.120804032642894, 17.373524931921327 ], [ 74.119773685728305, 17.369408264629477 ], [ 74.124908483140501, 17.369408264629477 ], [ 74.12387834908904, 17.365291632637188 ], [ 74.129013075141572, 17.365291632637188 ], [ 74.127983153959434, 17.361175035935023 ], [ 74.122848499246899, 17.361175035935023 ], [ 74.120789652057994, 17.352941948363341 ], [ 74.110520627874777, 17.352941948363341 ], [ 74.111549766796486, 17.357058474513558 ], [ 74.101280600012004, 17.357058474513558 ], [ 74.10230988039676, 17.361175035935023 ], [ 74.097175225684211, 17.361175035935023 ], [ 74.098204718826409, 17.365291632637188 ] ] ] } },
{ "type": "Feature", "properties": { }, "geometry": { "type": "Polygon", "coordinates": [ [ [ 74.123351313463118, 17.768890785191484 ], [ 74.122294917325874, 17.764770685072879 ], [ 74.112011437405585, 17.764770685072879 ], [ 74.113067686981978, 17.768890785191484 ], [ 74.123351313463118, 17.768890785191484 ] ] ] } },
{ "type": "Feature", "properties": { }, "geometry": { "type": "Polygon", "coordinates": [ [ [ 74.156820849071039, 17.958454698097299 ], [ 74.151675643361614, 17.958454698097299 ], [ 74.153815193937447, 17.966698360219464 ], [ 74.158960548105128, 17.966698360219464 ], [ 74.156820849071039, 17.958454698097299 ] ] ] } },
{ "type": "Feature", "properties": { }, "geometry": { "type": "Polygon", "coordinates": [ [ [ 74.34679538848512, 18.016163416527259 ], [ 74.342493154872329, 17.999674476566536 ], [ 74.327055308465901, 17.999674476566536 ], [ 74.330280879084413, 18.012041126372711 ], [ 74.335427051205258, 18.012041126372711 ], [ 74.33650289528407, 18.016163416527259 ], [ 74.34679538848512, 18.016163416527259 ] ] ] } },
{ "type": "Feature", "properties": { }, "geometry": { "type": "Polygon", "coordinates": [ [ [ 74.183189396129805, 18.02028574347402 ], [ 74.181041887579852, 18.012041126372711 ], [ 74.175895715459006, 18.012041126372711 ], [ 74.178043075029535, 18.02028574347402 ], [ 74.183189396129805, 18.02028574347402 ] ] ] } },
{ "type": "Feature", "properties": { }, "geometry": { "type": "Polygon", "coordinates": [ [ [ 74.212864395228209, 18.094493930909628 ], [ 74.216103913726926, 18.10686312533144 ], [ 74.221251803960101, 18.10686312533144 ], [ 74.220171599600306, 18.102740023533769 ], [ 74.225319414911908, 18.102740023533769 ], [ 74.22423942562115, 18.0986169587297 ], [ 74.219091685211012, 18.0986169587297 ], [ 74.218012060756976, 18.094493930909628 ], [ 74.212864395228209, 18.094493930909628 ] ] ] } },
{ "type": "Feature", "properties": { }, "geometry": { "type": "Polygon", "coordinates": [ [ [ 74.280864570132607, 18.0986169587297 ], [ 74.284107880424159, 18.110986264132293 ], [ 74.294403810773929, 18.110986264132293 ], [ 74.291160050952868, 18.0986169587297 ], [ 74.280864570132607, 18.0986169587297 ] ] ] } },
{ "type": "Feature", "properties": { }, "geometry": { "type": "Polygon", "coordinates": [ [ [ 74.362114731676769, 18.30894063073071 ], [ 74.363210770559533, 18.313065594468096 ], [ 74.373514094577956, 18.313065594468096 ], [ 74.371322005222964, 18.304815704468105 ], [ 74.366170495054149, 18.304815704468105 ], [ 74.36726631775565, 18.30894063073071 ], [ 74.362114731676769, 18.30894063073071 ] ] ] } },
{ "type": "Feature", "properties": { }, "geometry": { "type": "Polygon", "coordinates": [ [ [ 74.493778114534152, 18.41620189543934 ], [ 74.509238815086462, 18.41620189543934 ], [ 74.508133704171854, 18.412075991694675 ], [ 74.513287194585644, 18.412075991694675 ], [ 74.512182300713533, 18.407950125666261 ], [ 74.548256198692968, 18.407950125666261 ], [ 74.546046221834558, 18.399698506719531 ], [ 74.540892960610023, 18.399698506719531 ], [ 74.539788488823987, 18.395572753781863 ], [ 74.52948211908658, 18.395572753781863 ], [ 74.528378093427918, 18.391447038521779 ], [ 74.523224984894753, 18.391447038521779 ], [ 74.524328934217877, 18.395572753781863 ], [ 74.514022564480456, 18.395572753781863 ], [ 74.515126654487347, 18.399698506719531 ], [ 74.50482013203829, 18.399698506719531 ], [ 74.505924362684013, 18.403824297344439 ], [ 74.490464349882089, 18.403824297344439 ], [ 74.493778114534152, 18.41620189543934 ] ] ] } },
{ "type": "Feature", "properties": { }, "geometry": { "type": "Polygon", "coordinates": [ [ [ 74.448500499799593, 18.42032783690993 ], [ 74.44960528001009, 18.424453816116124 ], [ 74.459912719581439, 18.424453816116124 ], [ 74.457703146578737, 18.41620189543934 ], [ 74.452549579727958, 18.41620189543934 ], [ 74.45365414310767, 18.42032783690993 ], [ 74.448500499799593, 18.42032783690993 ] ] ] } },
{ "type": "Feature", "properties": { }, "geometry": { "type": "Polygon", "coordinates": [ [ [ 74.361254868272837, 18.440958110490389 ], [ 74.363464898953211, 18.449210484342693 ], [ 74.373773257108837, 18.449210484342693 ], [ 74.371562920071213, 18.440958110490389 ], [ 74.361254868272837, 18.440958110490389 ] ] ] } },
{ "type": "Feature", "properties": { }, "geometry": { "type": "Polygon", "coordinates": [ [ [ 74.305664609781203, 18.445084278519705 ], [ 74.307873541366035, 18.45333672796901 ], [ 74.318182052761259, 18.45333672796901 ], [ 74.31597281473789, 18.445084278519705 ], [ 74.305664609781203, 18.445084278519705 ] ] ] } },
{ "type": "Feature", "properties": { }, "geometry": { "type": "Polygon", "coordinates": [ [ [ 74.336961564647041, 18.46571568576482 ], [ 74.34211605032597, 18.46571568576482 ], [ 74.343222294975575, 18.469842080701316 ], [ 74.348376857355603, 18.469842080701316 ], [ 74.346164507894542, 18.461589328670396 ], [ 74.335855689898196, 18.461589328670396 ], [ 74.336961564647041, 18.46571568576482 ] ] ] } },
{ "type": "Feature", "properties": { }, "geometry": { "type": "Polygon", "coordinates": [ [ [ 74.313400998272542, 18.473968513489563 ], [ 74.31229492069528, 18.469842080701316 ], [ 74.301985795935167, 18.469842080701316 ], [ 74.303091720069574, 18.473968513489563 ], [ 74.313400998272542, 18.473968513489563 ] ] ] } },
{ "type": "Feature", "properties": { }, "geometry": { "type": "Polygon", "coordinates": [ [ [ 74.329316115474285, 18.552377941187078 ], [ 74.339628316824943, 18.552377941187078 ], [ 74.33851658567103, 18.54825078737413 ], [ 74.333360562103948, 18.54825078737413 ], [ 74.332249201884935, 18.544123671597134 ], [ 74.3270932554057, 18.544123671597134 ], [ 74.329316115474285, 18.552377941187078 ] ] ] } },
{ "type": "Feature", "properties": { }, "geometry": { "type": "Polygon", "coordinates": [ [ [ 74.367082351318501, 18.634929019946686 ], [ 74.370437199217463, 18.647312999138553 ], [ 74.380752958809012, 18.647312999138553 ], [ 74.378515788585915, 18.639056974757736 ], [ 74.388831237907524, 18.639056974757736 ], [ 74.387712939814435, 18.634929019946686 ], [ 74.382555292690455, 18.634929019946686 ], [ 74.38143736683358, 18.630801103375589 ], [ 74.376279797225976, 18.630801103375589 ], [ 74.377397645566475, 18.634929019946686 ], [ 74.367082351318501, 18.634929019946686 ] ] ] } },
{ "type": "Feature", "properties": { }, "geometry": { "type": "Polygon", "coordinates": [ [ [ 74.374914456402308, 18.663825507207484 ], [ 74.364598075780279, 18.663825507207484 ], [ 74.365717971864825, 18.667953729970492 ], [ 74.376034507846725, 18.667953729970492 ], [ 74.374914456402308, 18.663825507207484 ] ] ] } },
{ "type": "Feature", "properties": { }, "geometry": { "type": "Polygon", "coordinates": [ [ [ 74.499965704727344, 18.932240113571627 ], [ 74.497686418026348, 18.923978762977942 ], [ 74.487360169631742, 18.923978762977942 ], [ 74.488499506289486, 18.928109418808337 ], [ 74.493662709460423, 18.928109418808337 ], [ 74.494802422562174, 18.932240113571627 ], [ 74.499965704727344, 18.932240113571627 ] ] ] } },
{ "type": "Feature", "properties": { }, "geometry": { "type": "Polygon", "coordinates": [ [ [ 74.530345840518848, 18.948763282149621 ], [ 74.514855045473766, 18.948763282149621 ], [ 74.513713904882451, 18.944632431556798 ], [ 74.508550385610818, 18.944632431556798 ], [ 74.511974463294223, 18.957025100290686 ], [ 74.506810706730491, 18.957025100290686 ], [ 74.507952582321735, 18.961156067858543 ], [ 74.502788746619373, 18.961156067858543 ], [ 74.503930840844831, 18.965287074437683 ], [ 74.49876692598319, 18.965287074437683 ], [ 74.501051849523662, 18.973549204669041 ], [ 74.516544069250045, 18.973549204669041 ], [ 74.515401220964151, 18.969418120037918 ], [ 74.52572920904727, 18.969418120037918 ], [ 74.52344408942885, 18.961156067858543 ], [ 74.528607925131212, 18.961156067858543 ], [ 74.527465732985419, 18.957025100290686 ], [ 74.532629489549137, 18.957025100290686 ], [ 74.530345840518848, 18.948763282149621 ] ] ] } },
{ "type": "Feature", "properties": { }, "geometry": { "type": "Polygon", "coordinates": [ [ [ 74.56645320053542, 18.98594269284585 ], [ 74.56128888956772, 18.98594269284585 ], [ 74.563578536792136, 18.994205213631318 ], [ 74.568743006346836, 18.994205213631318 ], [ 74.56645320053542, 18.98594269284585 ] ] ] } },
{ "type": "Feature", "properties": { }, "geometry": { "type": "Polygon", "coordinates": [ [ [ 74.670319097165319, 19.043783624630908 ], [ 74.671469382849466, 19.047915413495936 ], [ 74.681800387620243, 19.047915413495936 ], [ 74.680649942790907, 19.043783624630908 ], [ 74.670319097165319, 19.043783624630908 ] ] ] } },
{ "type": "Feature", "properties": { }, "geometry": { "type": "Polygon", "coordinates": [ [ [ 74.674963237964619, 19.09749994164293 ], [ 74.664630320221477, 19.09749994164293 ], [ 74.66578417847424, 19.101632241100603 ], [ 74.676117255901076, 19.101632241100603 ], [ 74.674963237964619, 19.09749994164293 ] ] ] } },
{ "type": "Feature", "properties": { }, "geometry": { "type": "Polygon", "coordinates": [ [ [ 74.577399158333577, 19.118161832481615 ], [ 74.575092221446184, 19.109896958061373 ], [ 74.569925522986907, 19.109896958061373 ], [ 74.572232300045513, 19.118161832481615 ], [ 74.577399158333577, 19.118161832481615 ] ] ] } },
{ "type": "Feature", "properties": { }, "geometry": { "type": "Polygon", "coordinates": [ [ [ 74.715826343589342, 19.151222906332265 ], [ 74.714668327386448, 19.147090134082713 ], [ 74.709500909044152, 19.147090134082713 ], [ 74.707185937118183, 19.138824707934173 ], [ 74.696851420672104, 19.138824707934173 ], [ 74.698008596499733, 19.14295740128663 ], [ 74.703175934772005, 19.14295740128663 ], [ 74.705491346723292, 19.151222906332265 ], [ 74.715826343589342, 19.151222906332265 ] ] ] } },
{ "type": "Feature", "properties": { }, "geometry": { "type": "Polygon", "coordinates": [ [ [ 74.691146767241079, 19.155355718045154 ], [ 74.701481924330196, 19.155355718045154 ], [ 74.699166072359617, 19.147090134082713 ], [ 74.688831235675039, 19.147090134082713 ], [ 74.691146767241079, 19.155355718045154 ] ] ] } },
{ "type": "Feature", "properties": { }, "geometry": { "type": "Polygon", "coordinates": [ [ [ 74.702108828104926, 19.176020368904233 ], [ 74.691772869277671, 19.176020368904233 ], [ 74.692932506074712, 19.180153417603972 ], [ 74.703268625374236, 19.180153417603972 ], [ 74.702108828104926, 19.176020368904233 ] ] ] } },
{ "type": "Feature", "properties": { }, "geometry": { "type": "Polygon", "coordinates": [ [ [ 74.628455252828857, 19.300029066500379 ], [ 74.618114461733953, 19.300029066500379 ], [ 74.619281426819043, 19.304163305461707 ], [ 74.629622379635308, 19.304163305461707 ], [ 74.628455252828857, 19.300029066500379 ] ] ] } },
{ "type": "Feature", "properties": { }, "geometry": { "type": "Polygon", "coordinates": [ [ [ 74.65214435065306, 19.32896957597427 ], [ 74.649806298278634, 19.320700659690875 ], [ 74.644635498219174, 19.320700659690875 ], [ 74.646973388642735, 19.32896957597427 ], [ 74.65214435065306, 19.32896957597427 ] ] ] } },
{ "type": "Feature", "properties": { }, "geometry": { "type": "Polygon", "coordinates": [ [ [ 74.699343352637271, 19.585385511534085 ], [ 74.700531181795583, 19.589522521916994 ], [ 74.710883394434589, 19.589522521916994 ], [ 74.708507710657202, 19.581248541654549 ], [ 74.703331768929417, 19.581248541654549 ], [ 74.704519376650396, 19.585385511534085 ], [ 74.699343352637271, 19.585385511534085 ] ] ] } },
{ "type": "Feature", "properties": { }, "geometry": { "type": "Polygon", "coordinates": [ [ [ 74.618474075980814, 19.610208181730602 ], [ 74.634003630482297, 19.610208181730602 ], [ 74.631627544896048, 19.601933796185484 ], [ 74.621274838166201, 19.601933796185484 ], [ 74.622462564364511, 19.606070968681454 ], [ 74.617286128608981, 19.606070968681454 ], [ 74.618474075980814, 19.610208181730602 ] ] ] } },
{ "type": "Feature", "properties": { }, "geometry": { "type": "Polygon", "coordinates": [ [ [ 74.650721930555832, 19.614345435342894 ], [ 74.655898531155714, 19.614345435342894 ], [ 74.658277098579163, 19.622620064296768 ], [ 74.653100333050688, 19.622620064296768 ], [ 74.651910979898162, 19.618482729528285 ], [ 74.64155761379088, 19.618482729528285 ], [ 74.642746801993724, 19.622620064296768 ], [ 74.637570036465249, 19.622620064296768 ], [ 74.639949159322029, 19.630894855622831 ], [ 74.650303020404763, 19.630894855622831 ], [ 74.649113142028966, 19.626757439658281 ], [ 74.654289990053357, 19.626757439658281 ], [ 74.656670215768983, 19.635032312200362 ], [ 74.661847228848401, 19.635032312200362 ], [ 74.660656881487512, 19.630894855622831 ], [ 74.665833812028865, 19.630894855622831 ], [ 74.664643686102124, 19.626757439658281 ], [ 74.674997382150877, 19.626757439658281 ], [ 74.673807395164587, 19.622620064296768 ], [ 74.678984160693062, 19.622620064296768 ], [ 74.677794395166345, 19.618482729528285 ], [ 74.682971078219978, 19.618482729528285 ], [ 74.681781534155036, 19.614345435342894 ], [ 74.676604933555168, 19.614345435342894 ], [ 74.675415775819573, 19.610208181730602 ], [ 74.670239257652412, 19.610208181730602 ], [ 74.669050486164139, 19.606070968681454 ], [ 74.663874050408623, 19.606070968681454 ], [ 74.665062739485251, 19.610208181730602 ], [ 74.659886221318089, 19.610208181730602 ], [ 74.658697614653107, 19.606070968681454 ], [ 74.653521178897606, 19.606070968681454 ], [ 74.654709703150942, 19.610208181730602 ], [ 74.649533184983781, 19.610208181730602 ], [ 74.650721930555832, 19.614345435342894 ] ] ] } },
{ "type": "Feature", "properties": { }, "geometry": { "type": "Polygon", "coordinates": [ [ [ 74.907521236603216, 20.086260772547849 ], [ 74.906295649164036, 20.08211882913589 ], [ 74.895923545472598, 20.08211882913589 ], [ 74.898374689801614, 20.090402757676269 ], [ 74.903560911373006, 20.090402757676269 ], [ 74.904787031762865, 20.094544784531244 ], [ 74.915159644695507, 20.094544784531244 ], [ 74.912707373301075, 20.086260772547849 ], [ 74.907521236603216, 20.086260772547849 ] ] ] } },
{ "type": "Feature", "properties": { }, "geometry": { "type": "Polygon", "coordinates": [ [ [ 74.96465046802976, 20.450916303294484 ], [ 74.963398404025995, 20.446770650078516 ], [ 74.953011201985774, 20.446770650078516 ], [ 74.954263092498991, 20.450916303294484 ], [ 74.96465046802976, 20.450916303294484 ] ] ] } },
{ "type": "Feature", "properties": { }, "geometry": { "type": "Polygon", "coordinates": [ [ [ 74.990261377467078, 20.484083063797193 ], [ 74.989006552333407, 20.47993706942497 ], [ 74.978617961156374, 20.47993706942497 ], [ 74.979872612453022, 20.484083063797193 ], [ 74.990261377467078, 20.484083063797193 ] ] ] } },
{ "type": "Feature", "properties": { }, "geometry": { "type": "Polygon", "coordinates": [ [ [ 74.940826402100626, 20.492375180623096 ], [ 74.943336502499264, 20.500667468292267 ], [ 74.953725963294801, 20.500667468292267 ], [ 74.951215514918744, 20.492375180623096 ], [ 74.940826402100626, 20.492375180623096 ] ] ] } },
{ "type": "Feature", "properties": { }, "geometry": { "type": "Polygon", "coordinates": [ [ [ 75.027729545487105, 20.861548537898681 ], [ 75.032931928653227, 20.861548537898681 ], [ 75.030367798732811, 20.853248739292738 ], [ 75.019963387966712, 20.853248739292738 ], [ 75.021245116957289, 20.85739861678919 ], [ 75.026447411220929, 20.85739861678919 ], [ 75.027729545487105, 20.861548537898681 ] ] ] } },
{ "type": "Feature", "properties": { }, "geometry": { "type": "Polygon", "coordinates": [ [ [ 75.116105071316298, 20.878148658673236 ], [ 75.113535739973287, 20.869848510998033 ], [ 75.108333178936292, 20.869848510998033 ], [ 75.110902332320634, 20.878148658673236 ], [ 75.116105071316298, 20.878148658673236 ] ] ] } },
{ "type": "Feature", "properties": { }, "geometry": { "type": "Polygon", "coordinates": [ [ [ 75.126450633141019, 20.894749478081103 ], [ 75.129023947377576, 20.90305014997876 ], [ 75.134227220776154, 20.90305014997876 ], [ 75.131653728317431, 20.894749478081103 ], [ 75.126450633141019, 20.894749478081103 ] ] ] } },
{ "type": "Feature", "properties": { }, "geometry": { "type": "Polygon", "coordinates": [ [ [ 75.101721210271307, 20.898899792171868 ], [ 75.103007580384698, 20.90305014997876 ], [ 75.113414127181841, 20.90305014997876 ], [ 75.110841347611796, 20.894749478081103 ], [ 75.105638252435384, 20.894749478081103 ], [ 75.106924394547804, 20.898899792171868 ], [ 75.101721210271307, 20.898899792171868 ] ] ] } },
{ "type": "Feature", "properties": { }, "geometry": { "type": "Polygon", "coordinates": [ [ [ 75.033715589628201, 21.031732981533153 ], [ 75.031127234800152, 21.023429589309604 ], [ 75.025921367291076, 21.023429589309604 ], [ 75.028509542531893, 21.031732981533153 ], [ 75.033715589628201, 21.031732981533153 ] ] ] } },
{ "type": "Feature", "properties": { }, "geometry": { "type": "Polygon", "coordinates": [ [ [ 75.054539778013421, 21.031732981533153 ], [ 75.049333730917112, 21.031732981533153 ], [ 75.051923897029511, 21.040036549944102 ], [ 75.057130123801329, 21.040036549944102 ], [ 75.054539778013421, 21.031732981533153 ] ] ] } },
{ "type": "Feature", "properties": { }, "geometry": { "type": "Polygon", "coordinates": [ [ [ 75.303365096320249, 21.24352924143124 ], [ 75.302050934784106, 21.239375263685716 ], [ 75.291629803722941, 21.239375263685716 ], [ 75.292943783390882, 21.24352924143124 ], [ 75.303365096320249, 21.24352924143124 ] ] ] } },
{ "type": "Feature", "properties": { }, "geometry": { "type": "Polygon", "coordinates": [ [ [ 75.309890326511237, 21.247683263753188 ], [ 75.312520437914628, 21.255991442168042 ], [ 75.317731367315034, 21.255991442168042 ], [ 75.316416059938817, 21.251837330661978 ], [ 75.321626898338408, 21.251837330661978 ], [ 75.320311821353272, 21.247683263753188 ], [ 75.309890326511237, 21.247683263753188 ] ] ] } },
{ "type": "Feature", "properties": { }, "geometry": { "type": "Polygon", "coordinates": [ [ [ 74.141104384908303, 16.423493488553238 ], [ 74.135985486250149, 16.423493488553238 ], [ 74.137923839772597, 16.43171111196666 ], [ 74.143042872269064, 16.43171111196666 ], [ 74.141104384908303, 16.423493488553238 ] ] ] } },
{ "type": "Feature", "properties": { }, "geometry": { "type": "Polygon", "coordinates": [ [ [ 74.127826184037573, 16.690634551872407 ], [ 74.126840255713859, 16.686523615746726 ], [ 74.111470596808672, 16.686523615746726 ], [ 74.112456320707381, 16.690634551872407 ], [ 74.127826184037573, 16.690634551872407 ] ] ] } },
{ "type": "Feature", "properties": { }, "geometry": { "type": "Polygon", "coordinates": [ [ [ 74.240538515125763, 16.690634551872407 ], [ 74.22516865179557, 16.690634551872407 ], [ 74.226156154740607, 16.694745521752623 ], [ 74.231279510678334, 16.694745521752623 ], [ 74.232267361764542, 16.698856525396685 ], [ 74.242514210000664, 16.698856525396685 ], [ 74.240538515125763, 16.690634551872407 ] ] ] } },
{ "type": "Feature", "properties": { }, "geometry": { "type": "Polygon", "coordinates": [ [ [ 74.256059863778518, 16.797530766183808 ], [ 74.250934797529837, 16.797530766183808 ], [ 74.252924662654351, 16.805754501715292 ], [ 74.258049866250659, 16.805754501715292 ], [ 74.256059863778518, 16.797530766183808 ] ] ] } },
{ "type": "Feature", "properties": { }, "geometry": { "type": "Polygon", "coordinates": [ [ [ 74.194120801177732, 16.859212102471695 ], [ 74.195118843039822, 16.863324464299556 ], [ 74.189992675838184, 16.863324464299556 ], [ 74.190990929712754, 16.86743686027301 ], [ 74.196117165888879, 16.86743686027301 ], [ 74.197115769756721, 16.871549290401386 ], [ 74.20224207492673, 16.871549290401386 ], [ 74.201243402064989, 16.86743686027301 ], [ 74.206369638241114, 16.86743686027301 ], [ 74.204372997670859, 16.859212102471695 ], [ 74.194120801177732, 16.859212102471695 ] ] ] } },
{ "type": "Feature", "properties": { }, "geometry": { "type": "Polygon", "coordinates": [ [ [ 74.211495874417238, 16.86743686027301 ], [ 74.213493777225224, 16.875661754694018 ], [ 74.223746525591892, 16.875661754694018 ], [ 74.221748346769473, 16.86743686027301 ], [ 74.211495874417238, 16.86743686027301 ] ] ] } },
{ "type": "Feature", "properties": { }, "geometry": { "type": "Polygon", "coordinates": [ [ [ 74.241333034189225, 17.052530171187815 ], [ 74.238300880231549, 17.04018844829648 ], [ 74.233171729567559, 17.04018844829648 ], [ 74.234182095331903, 17.044302321366924 ], [ 74.229052874856578, 17.044302321366924 ], [ 74.232085457007315, 17.056644147956991 ], [ 74.237214887033787, 17.056644147956991 ], [ 74.236203674032652, 17.052530171187815 ], [ 74.241333034189225, 17.052530171187815 ] ] ] } },
{ "type": "Feature", "properties": { }, "geometry": { "type": "Polygon", "coordinates": [ [ [ 74.259828197708558, 17.044302321366924 ], [ 74.249569756757893, 17.044302321366924 ], [ 74.25058061439475, 17.048416228994245 ], [ 74.260839195007136, 17.048416228994245 ], [ 74.259828197708558, 17.044302321366924 ] ] ] } },
{ "type": "Feature", "properties": { }, "geometry": { "type": "Polygon", "coordinates": [ [ [ 74.273120897219044, 17.056644147956991 ], [ 74.271097775619523, 17.048416228994245 ], [ 74.265968485313323, 17.048416228994245 ], [ 74.267991467192587, 17.056644147956991 ], [ 74.273120897219044, 17.056644147956991 ] ] ] } },
{ "type": "Feature", "properties": { }, "geometry": { "type": "Polygon", "coordinates": [ [ [ 74.266911112638425, 17.073100400977218 ], [ 74.261781402937174, 17.073100400977218 ], [ 74.263807496814607, 17.081328735184631 ], [ 74.268937346470381, 17.081328735184631 ], [ 74.267924088186064, 17.07721455076501 ], [ 74.273053867854813, 17.07721455076501 ], [ 74.274067196126168, 17.081328735184631 ], [ 74.279197045781956, 17.081328735184631 ], [ 74.275145149273101, 17.064872205259665 ], [ 74.264886009623467, 17.064872205259665 ], [ 74.266911112638425, 17.073100400977218 ] ] ] } },
{ "type": "Feature", "properties": { }, "geometry": { "type": "Polygon", "coordinates": [ [ [ 74.296676258314605, 17.068986285811892 ], [ 74.286416978808077, 17.068986285811892 ], [ 74.287429951443372, 17.073100400977218 ], [ 74.292559661144622, 17.073100400977218 ], [ 74.293572986529796, 17.07721455076501 ], [ 74.298702766198545, 17.07721455076501 ], [ 74.296676258314605, 17.068986285811892 ] ] ] } },
{ "type": "Feature", "properties": { }, "geometry": { "type": "Polygon", "coordinates": [ [ [ 74.24206236897254, 17.159504831678966 ], [ 74.245118078077468, 17.171849573253063 ], [ 74.250249472393364, 17.171849573253063 ], [ 74.248211908919814, 17.163619710704999 ], [ 74.253343162420819, 17.163619710704999 ], [ 74.25232473521838, 17.159504831678966 ], [ 74.24206236897254, 17.159504831678966 ] ] ] } },
{ "type": "Feature", "properties": { }, "geometry": { "type": "Polygon", "coordinates": [ [ [ 74.405728118406927, 17.525866523625158 ], [ 74.40363970914855, 17.51763059924042 ], [ 74.398502329656381, 17.51763059924042 ], [ 74.400590594715496, 17.525866523625158 ], [ 74.405728118406927, 17.525866523625158 ] ] ] } },
{ "type": "Feature", "properties": { }, "geometry": { "type": "Polygon", "coordinates": [ [ [ 74.405320557335486, 18.003796656401924 ], [ 74.404244540498098, 17.999674476566536 ], [ 74.393952642893822, 17.999674476566536 ], [ 74.395028510892175, 18.003796656401924 ], [ 74.405320557335486, 18.003796656401924 ] ] ] } },
{ "type": "Feature", "properties": { }, "geometry": { "type": "Polygon", "coordinates": [ [ [ 74.429974284508845, 17.999674476566536 ], [ 74.41968238690454, 17.999674476566536 ], [ 74.420758627000467, 18.003796656401924 ], [ 74.431050673443778, 18.003796656401924 ], [ 74.429974284508845, 17.999674476566536 ] ] ] } },
{ "type": "Feature", "properties": { }, "geometry": { "type": "Polygon", "coordinates": [ [ [ 74.517936718976188, 18.119232652782003 ], [ 74.514681547251442, 18.10686312533144 ], [ 74.504385766785077, 18.10686312533144 ], [ 74.505470382943813, 18.110986264132293 ], [ 74.500322417768942, 18.110986264132293 ], [ 74.501407250113303, 18.115109439945954 ], [ 74.506555290249977, 18.115109439945954 ], [ 74.507640488738957, 18.119232652782003 ], [ 74.517936718976188, 18.119232652782003 ] ] ] } },
{ "type": "Feature", "properties": { }, "geometry": { "type": "Polygon", "coordinates": [ [ [ 74.598224948870296, 18.189332944730722 ], [ 74.602592704530878, 18.205828691528279 ], [ 74.597443010139813, 18.205828691528279 ], [ 74.601815139932, 18.222325034067985 ], [ 74.596665143719179, 18.222325034067985 ], [ 74.601041649283943, 18.238821972965862 ], [ 74.611342245999012, 18.238821972965862 ], [ 74.609153106148852, 18.230573428933639 ], [ 74.614303253393672, 18.230573428933639 ], [ 74.612115132357687, 18.222325034067985 ], [ 74.606965136144851, 18.222325034067985 ], [ 74.605871589745732, 18.218200892548545 ], [ 74.611021510472852, 18.218200892548545 ], [ 74.609928180962442, 18.214076788291866 ], [ 74.620227871485625, 18.214076788291866 ], [ 74.616949184292565, 18.201704699002121 ], [ 74.622098803278632, 18.201704699002121 ], [ 74.619914322486039, 18.193456825612966 ], [ 74.625063790722606, 18.193456825612966 ], [ 74.620698034243134, 18.176961525217902 ], [ 74.589803032365836, 18.176961525217902 ], [ 74.590893581545188, 18.181085294542804 ], [ 74.585744339281618, 18.181085294542804 ], [ 74.586835105169712, 18.185209101043874 ], [ 74.59198442273744, 18.185209101043874 ], [ 74.593075555978217, 18.189332944730722 ], [ 74.598224948870296, 18.189332944730722 ] ] ] } },
{ "type": "Feature", "properties": { }, "geometry": { "type": "Polygon", "coordinates": [ [ [ 74.554062349938121, 18.197580743700225 ], [ 74.556245455011265, 18.205828691528279 ], [ 74.56139514940233, 18.205828691528279 ], [ 74.559211893539342, 18.197580743700225 ], [ 74.554062349938121, 18.197580743700225 ] ] ] } },
{ "type": "Feature", "properties": { }, "geometry": { "type": "Polygon", "coordinates": [ [ [ 74.595571748291462, 18.218200892548545 ], [ 74.585271906837207, 18.218200892548545 ], [ 74.586365151293478, 18.222325034067985 ], [ 74.596665143719179, 18.222325034067985 ], [ 74.595571748291462, 18.218200892548545 ] ] ] } },
{ "type": "Feature", "properties": { }, "geometry": { "type": "Polygon", "coordinates": [ [ [ 74.635139192294631, 18.424453816116124 ], [ 74.629985472508977, 18.424453816116124 ], [ 74.632201268503835, 18.432705887774002 ], [ 74.637355141305633, 18.432705887774002 ], [ 74.635139192294631, 18.424453816116124 ] ] ] } },
{ "type": "Feature", "properties": { }, "geometry": { "type": "Polygon", "coordinates": [ [ [ 74.557495276819765, 18.461589328670396 ], [ 74.552340867821599, 18.461589328670396 ], [ 74.55455935255759, 18.469842080701316 ], [ 74.559713914937632, 18.469842080701316 ], [ 74.557495276819765, 18.461589328670396 ] ] ] } },
{ "type": "Feature", "properties": { }, "geometry": { "type": "Polygon", "coordinates": [ [ [ 74.621838817529891, 18.585396542149439 ], [ 74.616682099254646, 18.585396542149439 ], [ 74.618919187723407, 18.593651573429032 ], [ 74.624076060602619, 18.593651573429032 ], [ 74.621838817529891, 18.585396542149439 ] ] ] } },
{ "type": "Feature", "properties": { }, "geometry": { "type": "Polygon", "coordinates": [ [ [ 74.623623427869532, 18.800077143312933 ], [ 74.621358285889599, 18.791818274404676 ], [ 74.61103707006562, 18.791818274404676 ], [ 74.613301898743543, 18.800077143312933 ], [ 74.623623427869532, 18.800077143312933 ] ] ] } },
{ "type": "Feature", "properties": { }, "geometry": { "type": "Polygon", "coordinates": [ [ [ 74.65334144527516, 18.833114164915916 ], [ 74.663664229252433, 18.833114164915916 ], [ 74.662528662042689, 18.828984401840614 ], [ 74.652206035065674, 18.828984401840614 ], [ 74.65334144527516, 18.833114164915916 ] ] ] } },
{ "type": "Feature", "properties": { }, "geometry": { "type": "Polygon", "coordinates": [ [ [ 74.801166890288002, 18.919848146070628 ], [ 74.802310745667143, 18.923978762977942 ], [ 74.812636994061748, 18.923978762977942 ], [ 74.810349266164323, 18.915717568076623 ], [ 74.805186299852423, 18.915717568076623 ], [ 74.80632993553229, 18.919848146070628 ], [ 74.801166890288002, 18.919848146070628 ] ] ] } },
{ "type": "Feature", "properties": { }, "geometry": { "type": "Polygon", "coordinates": [ [ [ 74.743763291903647, 18.973549204669041 ], [ 74.73859921866152, 18.973549204669041 ], [ 74.740892622966527, 18.981811491063201 ], [ 74.746056854671735, 18.981811491063201 ], [ 74.743763291903647, 18.973549204669041 ] ] ] } },
{ "type": "Feature", "properties": { }, "geometry": { "type": "Polygon", "coordinates": [ [ [ 74.673179334272191, 18.998336532653763 ], [ 74.670885759325898, 18.990073933698614 ], [ 74.660556978824147, 18.990073933698614 ], [ 74.661703458331374, 18.994205213631318 ], [ 74.666867927886045, 18.994205213631318 ], [ 74.668014785392998, 18.998336532653763 ], [ 74.673179334272191, 18.998336532653763 ] ] ] } },
{ "type": "Feature", "properties": { }, "geometry": { "type": "Polygon", "coordinates": [ [ [ 74.734583599746301, 19.014862199837282 ], [ 74.735732904437683, 19.018993714455657 ], [ 74.730567958626111, 19.018993714455657 ], [ 74.731717483041493, 19.023125268222664 ], [ 74.742047533561646, 19.023125268222664 ], [ 74.740897850249269, 19.018993714455657 ], [ 74.746062796060855, 19.018993714455657 ], [ 74.744913332513832, 19.014862199837282 ], [ 74.734583599746301, 19.014862199837282 ] ] ] } },
{ "type": "Feature", "properties": { }, "geometry": { "type": "Polygon", "coordinates": [ [ [ 74.740333115309838, 19.035520164513692 ], [ 74.739182613699469, 19.031388493241867 ], [ 74.734017429480375, 19.031388493241867 ], [ 74.732867306646867, 19.027256861148128 ], [ 74.722537097188351, 19.027256861148128 ], [ 74.724837324120898, 19.035520164513692 ], [ 74.719672060391247, 19.035520164513692 ], [ 74.720822543201919, 19.039651874973433 ], [ 74.731153229723674, 19.039651874973433 ], [ 74.730002587850549, 19.035520164513692 ], [ 74.740333115309838, 19.035520164513692 ] ] ] } },
{ "type": "Feature", "properties": { }, "geometry": { "type": "Polygon", "coordinates": [ [ [ 74.802360906582081, 19.072706970595078 ], [ 74.800053218656629, 19.064442961228142 ], [ 74.794887397773834, 19.064442961228142 ], [ 74.79719492632637, 19.072706970595078 ], [ 74.802360906582081, 19.072706970595078 ] ] ] } },
{ "type": "Feature", "properties": { }, "geometry": { "type": "Polygon", "coordinates": [ [ [ 74.715692180795727, 19.076839034188158 ], [ 74.716845418919263, 19.080971137067408 ], [ 74.72201155863074, 19.080971137067408 ], [ 74.720858240768962, 19.076839034188158 ], [ 74.726024300742196, 19.076839034188158 ], [ 74.724871202746485, 19.072706970595078 ], [ 74.719705222490774, 19.072706970595078 ], [ 74.718552503757863, 19.06857494627835 ], [ 74.71338660319897, 19.06857494627835 ], [ 74.712234263649151, 19.064442961228142 ], [ 74.707068442766356, 19.064442961228142 ], [ 74.710526120822507, 19.076839034188158 ], [ 74.715692180795727, 19.076839034188158 ] ] ] } },
{ "type": "Feature", "properties": { }, "geometry": { "type": "Polygon", "coordinates": [ [ [ 74.695027940902818, 19.076839034188158 ], [ 74.693875321212232, 19.072706970595078 ], [ 74.688709340956521, 19.072706970595078 ], [ 74.687557100404476, 19.06857494627835 ], [ 74.682391199845597, 19.06857494627835 ], [ 74.685848580650514, 19.080971137067408 ], [ 74.691014720361963, 19.080971137067408 ], [ 74.689861880929584, 19.076839034188158 ], [ 74.695027940902818, 19.076839034188158 ] ] ] } },
{ "type": "Feature", "properties": { }, "geometry": { "type": "Polygon", "coordinates": [ [ [ 74.733497615055242, 19.085103279242684 ], [ 74.728331395584831, 19.085103279242684 ], [ 74.730639689151346, 19.093367681520611 ], [ 74.735806068201825, 19.093367681520611 ], [ 74.733497615055242, 19.085103279242684 ] ] ] } },
{ "type": "Feature", "properties": { }, "geometry": { "type": "Polygon", "coordinates": [ [ [ 74.726627826680357, 19.09749994164293 ], [ 74.716294908937215, 19.09749994164293 ], [ 74.717449565608348, 19.101632241100603 ], [ 74.727782643035169, 19.101632241100603 ], [ 74.726627826680357, 19.09749994164293 ] ] ] } },
{ "type": "Feature", "properties": { }, "geometry": { "type": "Polygon", "coordinates": [ [ [ 74.78060394496346, 19.105764579903468 ], [ 74.790937182115414, 19.105764579903468 ], [ 74.788625333139265, 19.09749994164293 ], [ 74.778292415396109, 19.09749994164293 ], [ 74.78060394496346, 19.105764579903468 ] ] ] } },
{ "type": "Feature", "properties": { }, "geometry": { "type": "Polygon", "coordinates": [ [ [ 74.802588596879957, 19.31243190287973 ], [ 74.812929873264082, 19.31243190287973 ], [ 74.811759312664876, 19.308297584251523 ], [ 74.806588755375202, 19.308297584251523 ], [ 74.805418577511645, 19.304163305461707 ], [ 74.80024810110352, 19.304163305461707 ], [ 74.802588596879957, 19.31243190287973 ] ] ] } },
{ "type": "Feature", "properties": { }, "geometry": { "type": "Polygon", "coordinates": [ [ [ 74.88884611320195, 19.41580284500866 ], [ 74.890025268772263, 19.419938202909524 ], [ 74.90037076674416, 19.419938202909524 ], [ 74.898012432924972, 19.411667527203672 ], [ 74.892839846809622, 19.411667527203672 ], [ 74.89401878074213, 19.41580284500866 ], [ 74.88884611320195, 19.41580284500866 ] ] ] } },
{ "type": "Feature", "properties": { }, "geometry": { "type": "Polygon", "coordinates": [ [ [ 74.990440322380579, 19.535744543353623 ], [ 74.985265284403212, 19.535744543353623 ], [ 74.987643481400255, 19.544017633746869 ], [ 74.99281868350667, 19.544017633746869 ], [ 74.990440322380579, 19.535744543353623 ] ] ] } },
{ "type": "Feature", "properties": { }, "geometry": { "type": "Polygon", "coordinates": [ [ [ 74.907166530917863, 19.606070968681454 ], [ 74.905974273237362, 19.601933796185484 ], [ 74.900797919872431, 19.601933796185484 ], [ 74.903182575174625, 19.610208181730602 ], [ 74.913535611508948, 19.610208181730602 ], [ 74.912342966673378, 19.606070968681454 ], [ 74.907166530917863, 19.606070968681454 ] ] ] } },
{ "type": "Feature", "properties": { }, "geometry": { "type": "Polygon", "coordinates": [ [ [ 74.978500137820916, 19.709513486791117 ], [ 74.979700995390829, 19.713651716911471 ], [ 74.990058166012076, 19.713651716911471 ], [ 74.987656425075926, 19.705375297473417 ], [ 74.982478005622241, 19.705375297473417 ], [ 74.983678640192522, 19.709513486791117 ], [ 74.978500137820916, 19.709513486791117 ] ] ] } },
{ "type": "Feature", "properties": { }, "geometry": { "type": "Polygon", "coordinates": [ [ [ 75.019087239317813, 19.937177012751924 ], [ 75.008721048374269, 19.937177012751924 ], [ 75.011155670217391, 19.945458033486648 ], [ 75.021522197625202, 19.945458033486648 ], [ 75.019087239317813, 19.937177012751924 ] ] ] } },
{ "type": "Feature", "properties": { }, "geometry": { "type": "Polygon", "coordinates": [ [ [ 75.206415945779355, 20.562865079682368 ], [ 75.196023869621641, 20.562865079682368 ], [ 75.197288016350157, 20.567011929802273 ], [ 75.207680267212695, 20.567011929802273 ], [ 75.206415945779355, 20.562865079682368 ] ] ] } },
{ "type": "Feature", "properties": { }, "geometry": { "type": "Polygon", "coordinates": [ [ [ 75.312273199348908, 20.654105706733187 ], [ 75.301877269637771, 20.654105706733187 ], [ 75.304422368521927, 20.662401342183426 ], [ 75.309620509061503, 20.662401342183426 ], [ 75.310893619984881, 20.666549224598512 ], [ 75.316091848399125, 20.666549224598512 ], [ 75.314818649601051, 20.662401342183426 ], [ 75.320016790140627, 20.662401342183426 ], [ 75.31874381928553, 20.6582535028984 ], [ 75.313545766598878, 20.6582535028984 ], [ 75.312273199348908, 20.654105706733187 ] ] ] } },
{ "type": "Feature", "properties": { }, "geometry": { "type": "Polygon", "coordinates": [ [ [ 75.253713107428126, 20.666549224598512 ], [ 75.251169134358847, 20.6582535028984 ], [ 75.245971081672181, 20.6582535028984 ], [ 75.248514879013868, 20.666549224598512 ], [ 75.253713107428126, 20.666549224598512 ] ] ] } },
{ "type": "Feature", "properties": { }, "geometry": { "type": "Polygon", "coordinates": [ [ [ 75.287968301074869, 20.828350389611138 ], [ 75.285400181956533, 20.820051288154712 ], [ 75.280198686828655, 20.820051288154712 ], [ 75.282766628514722, 20.828350389611138 ], [ 75.287968301074869, 20.828350389611138 ] ] ] } },
{ "type": "Feature", "properties": { }, "geometry": { "type": "Polygon", "coordinates": [ [ [ 75.352693371910192, 20.936254587453316 ], [ 75.342285397577399, 20.936254587453316 ], [ 75.343578553675215, 20.940405339169878 ], [ 75.353986706647873, 20.940405339169878 ], [ 75.352693371910192, 20.936254587453316 ] ] ] } },
{ "type": "Feature", "properties": { }, "geometry": { "type": "Polygon", "coordinates": [ [ [ 75.29273260023659, 21.010974831144466 ], [ 75.308349395117659, 21.010974831144466 ], [ 75.304457581230267, 20.998520468935187 ], [ 75.288841593399937, 20.998520468935187 ], [ 75.29273260023659, 21.010974831144466 ] ] ] } },
{ "type": "Feature", "properties": { }, "geometry": { "type": "Polygon", "coordinates": [ [ [ 75.26802027629283, 20.998520468935187 ], [ 75.270613244654626, 21.006823333093408 ], [ 75.275818753253958, 21.006823333093408 ], [ 75.273225605569607, 20.998520468935187 ], [ 75.26802027629283, 20.998520468935187 ] ] ] } },
{ "type": "Feature", "properties": { }, "geometry": { "type": "Polygon", "coordinates": [ [ [ 75.395545451038643, 21.006823333093408 ], [ 75.405956468237321, 21.006823333093408 ], [ 75.404657493182697, 21.002671879027094 ], [ 75.394246655328644, 21.002671879027094 ], [ 75.395545451038643, 21.006823333093408 ] ] ] } },
{ "type": "Feature", "properties": { }, "geometry": { "type": "Polygon", "coordinates": [ [ [ 75.413761064618868, 21.015126373190622 ], [ 75.412461360991401, 21.010974831144466 ], [ 75.402050164404017, 21.010974831144466 ], [ 75.403349688598681, 21.015126373190622 ], [ 75.413761064618868, 21.015126373190622 ] ] ] } },
{ "type": "Feature", "properties": { }, "geometry": { "type": "Polygon", "coordinates": [ [ [ 75.329171788292399, 21.010974831144466 ], [ 75.3317686437871, 21.019277959242213 ], [ 75.347385977032786, 21.019277959242213 ], [ 75.346087120487667, 21.015126373190622 ], [ 75.335675744467466, 21.015126373190622 ], [ 75.334377386586084, 21.010974831144466 ], [ 75.329171788292399, 21.010974831144466 ] ] ] } },
{ "type": "Feature", "properties": { }, "geometry": { "type": "Polygon", "coordinates": [ [ [ 75.44239076801712, 21.023429589309604 ], [ 75.45800837054432, 21.023429589309604 ], [ 75.456707309752417, 21.019277959242213 ], [ 75.467118865249532, 21.019277959242213 ], [ 75.464517343928279, 21.010974831144466 ], [ 75.459311745634579, 21.010974831144466 ], [ 75.460612256709709, 21.015126373190622 ], [ 75.444995192679428, 21.015126373190622 ], [ 75.446295754255331, 21.019277959242213 ], [ 75.441089976506774, 21.019277959242213 ], [ 75.44239076801712, 21.023429589309604 ] ] ] } },
{ "type": "Feature", "properties": { }, "geometry": { "type": "Polygon", "coordinates": [ [ [ 74.357168147192709, 16.600201737959065 ], [ 74.341802767834849, 16.600201737959065 ], [ 74.343769408868127, 16.608422230369417 ], [ 74.328403623033893, 16.608422230369417 ], [ 74.327420365888088, 16.604311967384447 ], [ 74.322298505032364, 16.604311967384447 ], [ 74.323281694422491, 16.608422230369417 ], [ 74.307915908588257, 16.608422230369417 ], [ 74.308899174400153, 16.61253252692325 ], [ 74.339631152718468, 16.61253252692325 ], [ 74.342583849243539, 16.624863618090689 ], [ 74.337461649416525, 16.624863618090689 ], [ 74.340416661694078, 16.637195011711878 ], [ 74.345539065135299, 16.637195011711878 ], [ 74.346524697104584, 16.641305543507531 ], [ 74.356769639806998, 16.641305543507531 ], [ 74.357755687689746, 16.645416108946279 ], [ 74.362878226970224, 16.645416108946279 ], [ 74.358935444273456, 16.628974049012744 ], [ 74.364057711952583, 16.628974049012744 ], [ 74.363072648551565, 16.624863618090689 ], [ 74.357950448724552, 16.624863618090689 ], [ 74.355981297557932, 16.616642857055222 ], [ 74.361103361738571, 16.616642857055222 ], [ 74.362087865157335, 16.620753220774606 ], [ 74.367209997151519, 16.620753220774606 ], [ 74.366225425919225, 16.616642857055222 ], [ 74.381591618461158, 16.616642857055222 ], [ 74.380607123809554, 16.61253252692325 ], [ 74.395973112968704, 16.61253252692325 ], [ 74.394004557012309, 16.604311967384447 ], [ 74.35815153102233, 16.604311967384447 ], [ 74.357168147192709, 16.600201737959065 ] ] ] } },
{ "type": "Feature", "properties": { }, "geometry": { "type": "Polygon", "coordinates": [ [ [ 74.270672519921462, 16.645416108946279 ], [ 74.275795059201954, 16.645416108946279 ], [ 74.276780300032243, 16.649526708037406 ], [ 74.287025514490381, 16.649526708037406 ], [ 74.288011171103832, 16.653637340790198 ], [ 74.29313384630079, 16.653637340790198 ], [ 74.29214812171945, 16.649526708037406 ], [ 74.302393336177587, 16.649526708037406 ], [ 74.300422454943757, 16.641305543507531 ], [ 74.295299983592543, 16.641305543507531 ], [ 74.294315030723141, 16.637195011711878 ], [ 74.289192627281921, 16.637195011711878 ], [ 74.288208022133816, 16.633084513550042 ], [ 74.283085686583291, 16.633084513550042 ], [ 74.284070223840686, 16.637195011711878 ], [ 74.27382541695826, 16.637195011711878 ], [ 74.274810098187729, 16.641305543507531 ], [ 74.269687626836529, 16.641305543507531 ], [ 74.270672519921462, 16.645416108946279 ] ] ] } },
{ "type": "Feature", "properties": { }, "geometry": { "type": "Polygon", "coordinates": [ [ [ 74.382194208847594, 16.789307166638103 ], [ 74.366819421911956, 16.789307166638103 ], [ 74.368811321249325, 16.797530766183808 ], [ 74.379061453746672, 16.797530766183808 ], [ 74.378065226206502, 16.79341894941739 ], [ 74.383190223810431, 16.79341894941739 ], [ 74.382194208847594, 16.789307166638103 ] ] ] } },
{ "type": "Feature", "properties": { }, "geometry": { "type": "Polygon", "coordinates": [ [ [ 74.285815269335885, 16.79341894941739 ], [ 74.286810261270546, 16.797530766183808 ], [ 74.297060393767893, 16.797530766183808 ], [ 74.296065264543742, 16.79341894941739 ], [ 74.285815269335885, 16.79341894941739 ] ] ] } },
{ "type": "Feature", "properties": { }, "geometry": { "type": "Polygon", "coordinates": [ [ [ 74.301043720225948, 16.813978373307091 ], [ 74.29905149502116, 16.805754501715292 ], [ 74.293926291424853, 16.805754501715292 ], [ 74.295918379204451, 16.813978373307091 ], [ 74.301043720225948, 16.813978373307091 ] ] ] } },
{ "type": "Feature", "properties": { }, "geometry": { "type": "Polygon", "coordinates": [ [ [ 74.410992229620263, 16.949691964689276 ], [ 74.408979341794975, 16.941465837330586 ], [ 74.403851860755964, 16.941465837330586 ], [ 74.405864609874286, 16.949691964689276 ], [ 74.410992229620263, 16.949691964689276 ] ] ] } },
{ "type": "Feature", "properties": { }, "geometry": { "type": "Polygon", "coordinates": [ [ [ 74.394268449333211, 17.027847036332762 ], [ 74.393256981298549, 17.023733301396177 ], [ 74.382999238071307, 17.023733301396177 ], [ 74.38401056663929, 17.027847036332762 ], [ 74.394268449333211, 17.027847036332762 ] ] ] } },
{ "type": "Feature", "properties": { }, "geometry": { "type": "Polygon", "coordinates": [ [ [ 74.41257313683225, 17.081328735184631 ], [ 74.414604422655458, 17.08955720795689 ], [ 74.4197344123439, 17.08955720795689 ], [ 74.418718557731921, 17.085442954245469 ], [ 74.423848477394273, 17.085442954245469 ], [ 74.422832836143826, 17.081328735184631 ], [ 74.41257313683225, 17.081328735184631 ] ] ] } },
{ "type": "Feature", "properties": { }, "geometry": { "type": "Polygon", "coordinates": [ [ [ 74.453564876017623, 17.101900177088432 ], [ 74.451530908760972, 17.09367149632827 ], [ 74.441270789292815, 17.09367149632827 ], [ 74.444321745076593, 17.106014569495954 ], [ 74.45971255504125, 17.106014569495954 ], [ 74.458695075901588, 17.101900177088432 ], [ 74.453564876017623, 17.101900177088432 ] ] ] } },
{ "type": "Feature", "properties": { }, "geometry": { "type": "Polygon", "coordinates": [ [ [ 74.419647168825122, 17.130701652916372 ], [ 74.421685119203516, 17.138930958653205 ], [ 74.431946782255622, 17.138930958653205 ], [ 74.429908550873648, 17.130701652916372 ], [ 74.419647168825122, 17.130701652916372 ] ] ] } },
{ "type": "Feature", "properties": { }, "geometry": { "type": "Polygon", "coordinates": [ [ [ 74.582299259052775, 17.674137626629953 ], [ 74.580186252709481, 17.665899123208838 ], [ 74.575046265510991, 17.665899123208838 ], [ 74.577159126228125, 17.674137626629953 ], [ 74.582299259052775, 17.674137626629953 ] ] ] } },
{ "type": "Feature", "properties": { }, "geometry": { "type": "Polygon", "coordinates": [ [ [ 74.606995389021591, 17.908995801973816 ], [ 74.605922777208903, 17.904874465057091 ], [ 74.595634291843695, 17.904874465057091 ], [ 74.596706755738481, 17.908995801973816 ], [ 74.606995389021591, 17.908995801973816 ] ] ] } },
{ "type": "Feature", "properties": { }, "geometry": { "type": "Polygon", "coordinates": [ [ [ 74.686736695034043, 18.115109439945954 ], [ 74.685649164064486, 18.110986264132293 ], [ 74.680501198889601, 18.110986264132293 ], [ 74.682676402771975, 18.119232652782003 ], [ 74.692972633009219, 18.119232652782003 ], [ 74.691884735170731, 18.115109439945954 ], [ 74.686736695034043, 18.115109439945954 ] ] ] } },
{ "type": "Feature", "properties": { }, "geometry": { "type": "Polygon", "coordinates": [ [ [ 74.760700898367659, 18.238821972965862 ], [ 74.759603990766607, 18.23469768229911 ], [ 74.749303545184446, 18.23469768229911 ], [ 74.750400301652576, 18.238821972965862 ], [ 74.745250003295041, 18.238821972965862 ], [ 74.747444244308653, 18.247070666241683 ], [ 74.75774514341073, 18.247070666241683 ], [ 74.756647725143225, 18.242946300943508 ], [ 74.76694847303159, 18.242946300943508 ], [ 74.765851196725194, 18.238821972965862 ], [ 74.760700898367659, 18.238821972965862 ] ] ] } },
{ "type": "Feature", "properties": { }, "geometry": { "type": "Polygon", "coordinates": [ [ [ 74.677868632864133, 18.275942269113113 ], [ 74.675672558920056, 18.26769305287775 ], [ 74.670521731031769, 18.26769305287775 ], [ 74.672717653499475, 18.275942269113113 ], [ 74.677868632864133, 18.275942269113113 ] ] ] } },
{ "type": "Feature", "properties": { }, "geometry": { "type": "Polygon", "coordinates": [ [ [ 74.694741398464544, 18.358442671673973 ], [ 74.691430352409995, 18.346066654616745 ], [ 74.681125812049018, 18.346066654616745 ], [ 74.684436401306769, 18.358442671673973 ], [ 74.694741398464544, 18.358442671673973 ] ] ] } },
{ "type": "Feature", "properties": { }, "geometry": { "type": "Polygon", "coordinates": [ [ [ 74.773625374099979, 18.593651573429032 ], [ 74.77250436286279, 18.589524038722722 ], [ 74.762190771728726, 18.589524038722722 ], [ 74.763311628341555, 18.593651573429032 ], [ 74.773625374099979, 18.593651573429032 ] ] ] } },
{ "type": "Feature", "properties": { }, "geometry": { "type": "Polygon", "coordinates": [ [ [ 74.913763647765791, 18.804206635706759 ], [ 74.911489137141174, 18.795947689548829 ], [ 74.906328450913946, 18.795947689548829 ], [ 74.90860280484651, 18.804206635706759 ], [ 74.913763647765791, 18.804206635706759 ] ] ] } },
{ "type": "Feature", "properties": { }, "geometry": { "type": "Polygon", "coordinates": [ [ [ 74.860250134596029, 18.928109418808337 ], [ 74.859105111837465, 18.923978762977942 ], [ 74.84877886344286, 18.923978762977942 ], [ 74.849923728254183, 18.928109418808337 ], [ 74.860250134596029, 18.928109418808337 ] ] ] } },
{ "type": "Feature", "properties": { }, "geometry": { "type": "Polygon", "coordinates": [ [ [ 74.985183787060421, 19.171887359726949 ], [ 74.990351686258691, 19.171887359726949 ], [ 74.989187998693978, 19.167754390062253 ], [ 74.994355817697667, 19.167754390062253 ], [ 74.993192351365067, 19.163621459900295 ], [ 74.982856873705316, 19.163621459900295 ], [ 74.985183787060421, 19.171887359726949 ] ] ] } },
{ "type": "Feature", "properties": { }, "geometry": { "type": "Polygon", "coordinates": [ [ [ 75.18202954770581, 19.697099041206009 ], [ 75.171673040343265, 19.697099041206009 ], [ 75.172876129556386, 19.701237148948376 ], [ 75.178054466113309, 19.701237148948376 ], [ 75.179257944862655, 19.705375297473417 ], [ 75.184436364316355, 19.705375297473417 ], [ 75.18202954770581, 19.697099041206009 ] ] ] } },
{ "type": "Feature", "properties": { }, "geometry": { "type": "Polygon", "coordinates": [ [ [ 75.067736945671342, 19.713651716911471 ], [ 75.066534678137998, 19.709513486791117 ], [ 75.056177673394814, 19.709513486791117 ], [ 75.057379775050109, 19.713651716911471 ], [ 75.067736945671342, 19.713651716911471 ] ] ] } },
{ "type": "Feature", "properties": { }, "geometry": { "type": "Polygon", "coordinates": [ [ [ 75.151081800585828, 19.750897625763226 ], [ 75.15228829721984, 19.755036264459903 ], [ 75.162647128946986, 19.755036264459903 ], [ 75.163854098942892, 19.759174944069208 ], [ 75.169033597978085, 19.759174944069208 ], [ 75.166619798725137, 19.750897625763226 ], [ 75.151081800585828, 19.750897625763226 ] ] ] } },
{ "type": "Feature", "properties": { }, "geometry": { "type": "Polygon", "coordinates": [ [ [ 75.170240958268394, 19.763313664601156 ], [ 75.154702211584436, 19.763313664601156 ], [ 75.155909629396319, 19.767452426065745 ], [ 75.171448625722135, 19.767452426065745 ], [ 75.170240958268394, 19.763313664601156 ] ] ] } },
{ "type": "Feature", "properties": { }, "geometry": { "type": "Polygon", "coordinates": [ [ [ 75.199764041949365, 19.775730071832903 ], [ 75.189404378082671, 19.775730071832903 ], [ 75.19061321710322, 19.779868956155479 ], [ 75.195793132314023, 19.779868956155479 ], [ 75.197002362022957, 19.784007881450734 ], [ 75.202182360532404, 19.784007881450734 ], [ 75.199764041949365, 19.775730071832903 ] ] ] } },
{ "type": "Feature", "properties": { }, "geometry": { "type": "Polygon", "coordinates": [ [ [ 75.213752144671375, 19.788146847728683 ], [ 75.211332877946461, 19.779868956155479 ], [ 75.206152962735644, 19.779868956155479 ], [ 75.208572062842109, 19.788146847728683 ], [ 75.213752144671375, 19.788146847728683 ] ] ] } },
{ "type": "Feature", "properties": { }, "geometry": { "type": "Polygon", "coordinates": [ [ [ 75.227080110663621, 19.83367818450807 ], [ 75.228293591149608, 19.837817643359596 ], [ 75.217931424509416, 19.837817643359596 ], [ 75.219145045850809, 19.841957143324048 ], [ 75.213963878935303, 19.841957143324048 ], [ 75.21032418960408, 19.829538766759459 ], [ 75.205143273411167, 19.829538766759459 ], [ 75.203930743021871, 19.82539939010373 ], [ 75.198749910360689, 19.82539939010373 ], [ 75.197537771320583, 19.821260054530875 ], [ 75.192357022169972, 19.821260054530875 ], [ 75.193569077699522, 19.82539939010373 ], [ 75.188388245038354, 19.82539939010373 ], [ 75.19566654185887, 19.850236266631885 ], [ 75.200847876028831, 19.850236266631885 ], [ 75.2032766060358, 19.858515554511804 ], [ 75.198095104526459, 19.858515554511804 ], [ 75.199309847993462, 19.862655260191364 ], [ 75.20967301841516, 19.862655260191364 ], [ 75.21088823747111, 19.86679500704404 ], [ 75.216069906404712, 19.86679500704404 ], [ 75.217285517431577, 19.870934795079865 ], [ 75.22764902278675, 19.870934795079865 ], [ 75.226433244271917, 19.86679500704404 ], [ 75.231614913205519, 19.86679500704404 ], [ 75.229184113582406, 19.858515554511804 ], [ 75.234365615091747, 19.858515554511804 ], [ 75.229507379681806, 19.841957143324048 ], [ 75.25541321425932, 19.841957143324048 ], [ 75.250558236972395, 19.82539939010373 ], [ 75.245377404311228, 19.82539939010373 ], [ 75.242951931008363, 19.817120760030861 ], [ 75.237771265347106, 19.817120760030861 ], [ 75.236559074074009, 19.812981506593665 ], [ 75.241739656267129, 19.812981506593665 ], [ 75.240527689411522, 19.808842294209267 ], [ 75.235347190665379, 19.808842294209267 ], [ 75.232924347277972, 19.800563992558804 ], [ 75.222563683446296, 19.800563992558804 ], [ 75.224986193173066, 19.808842294209267 ], [ 75.219805694426896, 19.808842294209267 ], [ 75.223441517073638, 19.821260054530875 ], [ 75.218260767923027, 19.821260054530875 ], [ 75.221899110917704, 19.83367818450807 ], [ 75.227080110663621, 19.83367818450807 ] ], [ [ 75.215177724704787, 19.846096684411478 ], [ 75.209996474172684, 19.846096684411478 ], [ 75.208782712019826, 19.841957143324048 ], [ 75.213963878935303, 19.841957143324048 ], [ 75.215177724704787, 19.846096684411478 ] ] ] } },
{ "type": "Feature", "properties": { }, "geometry": { "type": "Polygon", "coordinates": [ [ [ 75.196240605511491, 19.887494359255296 ], [ 75.211786869109389, 19.887494359255296 ], [ 75.210570192337428, 19.883354406386555 ], [ 75.195024180226383, 19.883354406386555 ], [ 75.196240605511491, 19.887494359255296 ] ] ] } },
{ "type": "Feature", "properties": { }, "geometry": { "type": "Polygon", "coordinates": [ [ [ 75.213910816523637, 19.912334942719113 ], [ 75.203545633951478, 19.912334942719113 ], [ 75.204764218530158, 19.916475184432024 ], [ 75.199581543266319, 19.916475184432024 ], [ 75.200800352481011, 19.920615467448556 ], [ 75.21634863026965, 19.920615467448556 ], [ 75.213910816523637, 19.912334942719113 ] ] ] } },
{ "type": "Feature", "properties": { }, "geometry": { "type": "Polygon", "coordinates": [ [ [ 75.381120451525561, 20.6582535028984 ], [ 75.375922398838881, 20.6582535028984 ], [ 75.374648777615718, 20.654105706733187 ], [ 75.364252847904595, 20.654105706733187 ], [ 75.36552629346555, 20.6582535028984 ], [ 75.36032824077887, 20.6582535028984 ], [ 75.361601914457111, 20.662401342183426 ], [ 75.366800054996673, 20.662401342183426 ], [ 75.368074132541636, 20.666549224598512 ], [ 75.373272360955895, 20.666549224598512 ], [ 75.371998195536236, 20.662401342183426 ], [ 75.38239447661536, 20.662401342183426 ], [ 75.381120451525561, 20.6582535028984 ] ] ] } },
{ "type": "Feature", "properties": { }, "geometry": { "type": "Polygon", "coordinates": [ [ [ 75.346007492838424, 20.662401342183426 ], [ 75.340809352298862, 20.662401342183426 ], [ 75.343356944590482, 20.670697150153909 ], [ 75.348555260901222, 20.670697150153909 ], [ 75.346007492838424, 20.662401342183426 ] ] ] } },
{ "type": "Feature", "properties": { }, "geometry": { "type": "Polygon", "coordinates": [ [ [ 75.379302601264655, 20.753664736521269 ], [ 75.380583377135125, 20.757813570392855 ], [ 75.375383209957235, 20.757813570392855 ], [ 75.376664214408265, 20.761962447630541 ], [ 75.387064725517675, 20.761962447630541 ], [ 75.385783544313, 20.757813570392855 ], [ 75.39098371149089, 20.757813570392855 ], [ 75.389702758910502, 20.753664736521269 ], [ 75.379302601264655, 20.753664736521269 ] ] ] } },
{ "type": "Feature", "properties": { }, "geometry": { "type": "Polygon", "coordinates": [ [ [ 75.558242827244726, 20.944556134705802 ], [ 75.556945689614423, 20.940405339169878 ], [ 75.562149766100745, 20.940405339169878 ], [ 75.560852858565838, 20.936254587453316 ], [ 75.56605684573222, 20.936254587453316 ], [ 75.563463810221464, 20.927953215436961 ], [ 75.553056193036412, 20.927953215436961 ], [ 75.55435237255503, 20.932103879545785 ], [ 75.549148474686561, 20.932103879545785 ], [ 75.550444884233031, 20.936254587453316 ], [ 75.545240897066648, 20.936254587453316 ], [ 75.549131773950748, 20.948706974071399 ], [ 75.554336029142945, 20.948706974071399 ], [ 75.553038661416466, 20.944556134705802 ], [ 75.558242827244726, 20.944556134705802 ] ] ] } },
{ "type": "Feature", "properties": { }, "geometry": { "type": "Polygon", "coordinates": [ [ [ 75.485353330916666, 20.977764077729653 ], [ 75.480148449560588, 20.977764077729653 ], [ 75.482745753456356, 20.98606650240243 ], [ 75.487950813914608, 20.98606650240243 ], [ 75.485353330916666, 20.977764077729653 ] ] ] } },
{ "type": "Feature", "properties": { }, "geometry": { "type": "Polygon", "coordinates": [ [ [ 75.487941976243761, 21.019277959242213 ], [ 75.50876508723799, 21.019277959242213 ], [ 75.50746344880055, 21.015126373190622 ], [ 75.512669136810629, 21.015126373190622 ], [ 75.511367728571457, 21.010974831144466 ], [ 75.500956531984087, 21.010974831144466 ], [ 75.499655623025347, 21.006823333093408 ], [ 75.48924460582667, 21.006823333093408 ], [ 75.490545335396718, 21.010974831144466 ], [ 75.485339737103033, 21.010974831144466 ], [ 75.487941976243761, 21.019277959242213 ] ] ] } },
{ "type": "Feature", "properties": { }, "geometry": { "type": "Polygon", "coordinates": [ [ [ 75.472324642998103, 21.019277959242213 ], [ 75.482736198495203, 21.019277959242213 ], [ 75.480134138809333, 21.010974831144466 ], [ 75.469722942221964, 21.010974831144466 ], [ 75.472324642998103, 21.019277959242213 ] ] ] } },
{ "type": "Feature", "properties": { }, "geometry": { "type": "Polygon", "coordinates": [ [ [ 75.536314567460977, 21.172917673657619 ], [ 75.535001422648918, 21.168764452119039 ], [ 75.540210445697468, 21.168764452119039 ], [ 75.538897531851731, 21.164611274969616 ], [ 75.528479666823685, 21.164611274969616 ], [ 75.531105453855702, 21.172917673657619 ], [ 75.536314567460977, 21.172917673657619 ] ] ] } },
{ "type": "Feature", "properties": { }, "geometry": { "type": "Polygon", "coordinates": [ [ [ 74.447000424200056, 16.633084513550042 ], [ 74.445027845783713, 16.624863618090689 ], [ 74.439905645956699, 16.624863618090689 ], [ 74.441878088649517, 16.633084513550042 ], [ 74.447000424200056, 16.633084513550042 ] ] ] } },
{ "type": "Feature", "properties": { }, "geometry": { "type": "Polygon", "coordinates": [ [ [ 74.432906026651608, 16.723523256822265 ], [ 74.43489112326435, 16.731745771162945 ], [ 74.455387004290657, 16.731745771162945 ], [ 74.4573737718096, 16.739968420893714 ], [ 74.467621985778791, 16.739968420893714 ], [ 74.468615928017257, 16.744079796553621 ], [ 74.473740103394888, 16.744079796553621 ], [ 74.471752363329117, 16.735857079099922 ], [ 74.476876401940046, 16.735857079099922 ], [ 74.478864278772505, 16.744079796553621 ], [ 74.489112629527781, 16.744079796553621 ], [ 74.487124479161878, 16.735857079099922 ], [ 74.497372556383709, 16.735857079099922 ], [ 74.492406418171896, 16.715300877797247 ], [ 74.487282721139252, 16.715300877797247 ], [ 74.48827531816984, 16.719412050399946 ], [ 74.483151552860207, 16.719412050399946 ], [ 74.482159024106608, 16.715300877797247 ], [ 74.471911630041319, 16.715300877797247 ], [ 74.470919518868499, 16.711189739004869 ], [ 74.47604314764348, 16.711189739004869 ], [ 74.475051249227633, 16.707078634013513 ], [ 74.464804128154256, 16.707078634013513 ], [ 74.463812647159372, 16.702967562813882 ], [ 74.448442170206235, 16.702967562813882 ], [ 74.449433446544177, 16.707078634013513 ], [ 74.444309886007488, 16.707078634013513 ], [ 74.445301374993491, 16.711189739004869 ], [ 74.440177746218481, 16.711189739004869 ], [ 74.441169447845468, 16.715300877797247 ], [ 74.436045750812823, 16.715300877797247 ], [ 74.438029860257544, 16.723523256822265 ], [ 74.432906026651608, 16.723523256822265 ] ], [ [ 74.454557007080879, 16.707078634013513 ], [ 74.455548632543497, 16.711189739004869 ], [ 74.450425003768487, 16.711189739004869 ], [ 74.449433446544177, 16.707078634013513 ], [ 74.454557007080879, 16.707078634013513 ] ] ] } },
{ "type": "Feature", "properties": { }, "geometry": { "type": "Polygon", "coordinates": [ [ [ 74.419683231118498, 16.711189739004869 ], [ 74.435054117443499, 16.711189739004869 ], [ 74.433071693253126, 16.702967562813882 ], [ 74.427948200935404, 16.702967562813882 ], [ 74.428939204397423, 16.707078634013513 ], [ 74.418692083324046, 16.707078634013513 ], [ 74.419683231118498, 16.711189739004869 ] ] ] } },
{ "type": "Feature", "properties": { }, "geometry": { "type": "Polygon", "coordinates": [ [ [ 74.402001648108069, 16.744079796553621 ], [ 74.412249998863331, 16.744079796553621 ], [ 74.41125680894821, 16.739968420893714 ], [ 74.41638091593282, 16.739968420893714 ], [ 74.415387938609044, 16.735857079099922 ], [ 74.420511977219959, 16.735857079099922 ], [ 74.418526728709764, 16.727634497073499 ], [ 74.413402826788186, 16.727634497073499 ], [ 74.414395242238029, 16.731745771162945 ], [ 74.409271271981453, 16.731745771162945 ], [ 74.408278924866607, 16.727634497073499 ], [ 74.403155022945015, 16.727634497073499 ], [ 74.405139861387212, 16.735857079099922 ], [ 74.400015822776297, 16.735857079099922 ], [ 74.402001648108069, 16.744079796553621 ] ] ] } },
{ "type": "Feature", "properties": { }, "geometry": { "type": "Polygon", "coordinates": [ [ [ 74.4572211619531, 16.76052563804058 ], [ 74.455231719489149, 16.752302649509026 ], [ 74.43473447060218, 16.752302649509026 ], [ 74.435728777406567, 16.756414126823135 ], [ 74.440853158079406, 16.756414126823135 ], [ 74.441847814523285, 16.76052563804058 ], [ 74.446972263666552, 16.76052563804058 ], [ 74.447967269820339, 16.764637183170667 ], [ 74.463340822719559, 16.764637183170667 ], [ 74.462345611096367, 16.76052563804058 ], [ 74.4572211619531, 16.76052563804058 ] ] ] } },
{ "type": "Feature", "properties": { }, "geometry": { "type": "Polygon", "coordinates": [ [ [ 74.476723822789225, 16.756414126823135 ], [ 74.478714375618793, 16.764637183170667 ], [ 74.483838893251871, 16.764637183170667 ], [ 74.48184820346205, 16.756414126823135 ], [ 74.476723822789225, 16.756414126823135 ] ] ] } },
{ "type": "Feature", "properties": { }, "geometry": { "type": "Polygon", "coordinates": [ [ [ 74.421350017950175, 16.76052563804058 ], [ 74.423339626534045, 16.768748762222714 ], [ 74.428464212676289, 16.768748762222714 ], [ 74.426474467093456, 16.76052563804058 ], [ 74.421350017950175, 16.76052563804058 ] ] ] } },
{ "type": "Feature", "properties": { }, "geometry": { "type": "Polygon", "coordinates": [ [ [ 74.45009627401376, 16.920901119422648 ], [ 74.444969139401749, 16.920901119422648 ], [ 74.446980312473627, 16.929126903691607 ], [ 74.452107585598071, 16.929126903691607 ], [ 74.45009627401376, 16.920901119422648 ] ] ] } },
{ "type": "Feature", "properties": { }, "geometry": { "type": "Polygon", "coordinates": [ [ [ 74.520140938387001, 17.204770418103212 ], [ 74.523217016688108, 17.217116310890297 ], [ 74.528349186886487, 17.217116310890297 ], [ 74.525272896745932, 17.204770418103212 ], [ 74.520140938387001, 17.204770418103212 ] ] ] } },
{ "type": "Feature", "properties": { }, "geometry": { "type": "Polygon", "coordinates": [ [ [ 74.661201645883807, 17.439396417034235 ], [ 74.660159434023427, 17.435279183665426 ], [ 74.649887550330448, 17.435279183665426 ], [ 74.650929618801371, 17.439396417034235 ], [ 74.661201645883807, 17.439396417034235 ] ] ] } },
{ "type": "Feature", "properties": { }, "geometry": { "type": "Polygon", "coordinates": [ [ [ 74.8006038816103, 18.156343235899183 ], [ 74.799511926909787, 18.152219689429298 ], [ 74.789214495512482, 18.152219689429298 ], [ 74.790306299886765, 18.156343235899183 ], [ 74.8006038816103, 18.156343235899183 ] ] ] } },
{ "type": "Feature", "properties": { }, "geometry": { "type": "Polygon", "coordinates": [ [ [ 74.802664992232692, 18.222325034067985 ], [ 74.79236499980702, 18.222325034067985 ], [ 74.793461556808353, 18.226449212859805 ], [ 74.803761700245801, 18.226449212859805 ], [ 74.802664992232692, 18.222325034067985 ] ] ] } },
{ "type": "Feature", "properties": { }, "geometry": { "type": "Polygon", "coordinates": [ [ [ 74.904507711897125, 18.333690975614228 ], [ 74.902297191959974, 18.32544071062533 ], [ 74.891993412116804, 18.32544071062533 ], [ 74.893098372874476, 18.329565824358269 ], [ 74.898250338807344, 18.329565824358269 ], [ 74.899355669932731, 18.333690975614228 ], [ 74.904507711897125, 18.333690975614228 ] ] ] } },
{ "type": "Feature", "properties": { }, "geometry": { "type": "Polygon", "coordinates": [ [ [ 75.292478487271211, 19.738481955048986 ], [ 75.2936863895291, 19.74262047106777 ], [ 75.288507223053472, 19.74262047106777 ], [ 75.290923783839617, 19.750897625763226 ], [ 75.285744451126504, 19.750897625763226 ], [ 75.288162075787568, 19.759174944069208 ], [ 75.277803077717167, 19.759174944069208 ], [ 75.280221600002776, 19.767452426065745 ], [ 75.285401265444705, 19.767452426065745 ], [ 75.286611071275217, 19.771591228472989 ], [ 75.281431322598166, 19.771591228472989 ], [ 75.283851690897833, 19.779868956155479 ], [ 75.273491860476213, 19.779868956155479 ], [ 75.274702339664742, 19.784007881450734 ], [ 75.295422333702561, 19.784007881450734 ], [ 75.293001016749628, 19.775730071832903 ], [ 75.298180848682961, 19.775730071832903 ], [ 75.296970568629334, 19.771591228472989 ], [ 75.302150317306385, 19.771591228472989 ], [ 75.298521073857955, 19.759174944069208 ], [ 75.303700572893149, 19.759174944069208 ], [ 75.301282449265827, 19.750897625763226 ], [ 75.296103116552715, 19.750897625763226 ], [ 75.294894599276049, 19.746759027969187 ], [ 75.305253098443643, 19.746759027969187 ], [ 75.301628893107221, 19.734343479902819 ], [ 75.296449892784437, 19.734343479902819 ], [ 75.294035459279641, 19.726066652188383 ], [ 75.288856625025147, 19.726066652188383 ], [ 75.290063605059842, 19.730205045619289 ], [ 75.284884687781783, 19.730205045619289 ], [ 75.287299403882557, 19.738481955048986 ], [ 75.292478487271211, 19.738481955048986 ] ] ] } },
{ "type": "Feature", "properties": { }, "geometry": { "type": "Polygon", "coordinates": [ [ [ 75.302366563584101, 19.82539939010373 ], [ 75.286824065600598, 19.82539939010373 ], [ 75.28925210761453, 19.83367818450807 ], [ 75.294433107360447, 19.83367818450807 ], [ 75.293218848691055, 19.829538766759459 ], [ 75.303580681076923, 19.829538766759459 ], [ 75.302366563584101, 19.82539939010373 ] ] ] } },
{ "type": "Feature", "properties": { }, "geometry": { "type": "Polygon", "coordinates": [ [ [ 75.305690443571578, 19.854375889995321 ], [ 75.303258983750865, 19.846096684411478 ], [ 75.292896482686615, 19.846096684411478 ], [ 75.294111891088193, 19.850236266631885 ], [ 75.299293225258154, 19.850236266631885 ], [ 75.300509025742542, 19.854375889995321 ], [ 75.305690443571578, 19.854375889995321 ] ] ] } },
{ "type": "Feature", "properties": { }, "geometry": { "type": "Polygon", "coordinates": [ [ [ 75.310871861400614, 19.854375889995321 ], [ 75.312088137731621, 19.858515554511804 ], [ 75.32245114075026, 19.858515554511804 ], [ 75.321234697058671, 19.854375889995321 ], [ 75.310871861400614, 19.854375889995321 ] ] ] } },
{ "type": "Feature", "properties": { }, "geometry": { "type": "Polygon", "coordinates": [ [ [ 75.306592656275612, 19.875074624308862 ], [ 75.310246538562822, 19.887494359255296 ], [ 75.315428626428798, 19.887494359255296 ], [ 75.314210273077578, 19.883354406386555 ], [ 75.319392277114588, 19.883354406386555 ], [ 75.318174148750472, 19.879214494741085 ], [ 75.312992228521168, 19.879214494741085 ], [ 75.311774492718442, 19.875074624308862 ], [ 75.306592656275612, 19.875074624308862 ] ] ] } },
{ "type": "Feature", "properties": { }, "geometry": { "type": "Polygon", "coordinates": [ [ [ 75.33737597548064, 19.891634353357382 ], [ 75.332193803764454, 19.891634353357382 ], [ 75.33463255810365, 19.899914465301684 ], [ 75.33981489758402, 19.899914465301684 ], [ 75.33737597548064, 19.891634353357382 ] ] ] } },
{ "type": "Feature", "properties": { }, "geometry": { "type": "Polygon", "coordinates": [ [ [ 75.281590470566627, 19.895774388702829 ], [ 75.276408214978972, 19.895774388702829 ], [ 75.277626823819688, 19.899914465301684 ], [ 75.272444484339331, 19.899914465301684 ], [ 75.273663318055412, 19.90405458316399 ], [ 75.284028164844074, 19.90405458316399 ], [ 75.281590470566627, 19.895774388702829 ] ] ] } },
{ "type": "Feature", "properties": { }, "geometry": { "type": "Polygon", "coordinates": [ [ [ 75.308720860701854, 19.899914465301684 ], [ 75.31116001188775, 19.908194742299777 ], [ 75.316342519217315, 19.908194742299777 ], [ 75.313903200182196, 19.899914465301684 ], [ 75.308720860701854, 19.899914465301684 ] ] ] } },
{ "type": "Feature", "properties": { }, "geometry": { "type": "Polygon", "coordinates": [ [ [ 75.655850697161057, 20.907200551512116 ], [ 75.654554560633883, 20.90305014997876 ], [ 75.644148013836741, 20.90305014997876 ], [ 75.64544397207581, 20.907200551512116 ], [ 75.655850697161057, 20.907200551512116 ] ] ] } },
{ "type": "Feature", "properties": { }, "geometry": { "type": "Polygon", "coordinates": [ [ [ 75.653226432055718, 20.932103879545785 ], [ 75.651928556294251, 20.927953215436961 ], [ 75.641520939109213, 20.927953215436961 ], [ 75.642818636318808, 20.932103879545785 ], [ 75.653226432055718, 20.932103879545785 ] ] ] } },
{ "type": "Feature", "properties": { }, "geometry": { "type": "Polygon", "coordinates": [ [ [ 75.625888853807183, 20.961159755249636 ], [ 75.620684330391143, 20.961159755249636 ], [ 75.623284089018441, 20.969461828706287 ], [ 75.628488791360468, 20.969461828706287 ], [ 75.625888853807183, 20.961159755249636 ] ] ] } },
{ "type": "Feature", "properties": { }, "geometry": { "type": "Polygon", "coordinates": [ [ [ 75.607669981992416, 20.969461828706287 ], [ 75.581646470282323, 20.969461828706287 ], [ 75.582946113562258, 20.973612931266963 ], [ 75.577741321724218, 20.973612931266963 ], [ 75.579041195326042, 20.977764077729653 ], [ 75.573836313969963, 20.977764077729653 ], [ 75.576436841704862, 20.98606650240243 ], [ 75.581641902163113, 20.98606650240243 ], [ 75.585545362176049, 20.998520468935187 ], [ 75.590750691452811, 20.998520468935187 ], [ 75.59335477781336, 21.006823333093408 ], [ 75.603765795012023, 21.006823333093408 ], [ 75.598558185615346, 20.990217780633202 ], [ 75.608968485700117, 20.990217780633202 ], [ 75.606366243271466, 20.981915268104693 ], [ 75.611571214167625, 20.981915268104693 ], [ 75.607669981992416, 20.969461828706287 ] ] ] } },
{ "type": "Feature", "properties": { }, "geometry": { "type": "Polygon", "coordinates": [ [ [ 75.680555752940293, 21.019277959242213 ], [ 75.681860673434571, 21.023429589309604 ], [ 75.692272408452723, 21.023429589309604 ], [ 75.690967308437394, 21.019277959242213 ], [ 75.680555752940293, 21.019277959242213 ] ] ] } },
{ "type": "Feature", "properties": { }, "geometry": { "type": "Polygon", "coordinates": [ [ [ 74.303543334530957, 15.75419635254438 ], [ 74.304471506129417, 15.758299865240357 ], [ 74.314688128316746, 15.758299865240357 ], [ 74.313759829097705, 15.75419635254438 ], [ 74.303543334530957, 15.75419635254438 ] ] ] } },
{ "type": "Feature", "properties": { }, "geometry": { "type": "Polygon", "coordinates": [ [ [ 74.458364584044091, 16.02920215430516 ], [ 74.453252019700713, 16.02920215430516 ], [ 74.455147720601076, 16.037413495612888 ], [ 74.460260415118654, 16.037413495612888 ], [ 74.458364584044091, 16.02920215430516 ] ] ] } },
{ "type": "Feature", "properties": { }, "geometry": { "type": "Polygon", "coordinates": [ [ [ 74.586471961702742, 16.744079796553621 ], [ 74.581347786325111, 16.744079796553621 ], [ 74.583339525032741, 16.752302649509026 ], [ 74.593588149476233, 16.752302649509026 ], [ 74.592592002425491, 16.748191206088961 ], [ 74.587467758635469, 16.748191206088961 ], [ 74.586471961702742, 16.744079796553621 ] ] ] } },
{ "type": "Feature", "properties": { }, "geometry": { "type": "Polygon", "coordinates": [ [ [ 74.524835034316482, 16.764637183170667 ], [ 74.522843248844694, 16.756414126823135 ], [ 74.517718868171855, 16.756414126823135 ], [ 74.518714551672389, 16.76052563804058 ], [ 74.508465653385855, 16.76052563804058 ], [ 74.510457590952143, 16.768748762222714 ], [ 74.520706763236618, 16.768748762222714 ], [ 74.519710516683404, 16.764637183170667 ], [ 74.524835034316482, 16.764637183170667 ] ] ] } },
{ "type": "Feature", "properties": { }, "geometry": { "type": "Polygon", "coordinates": [ [ [ 74.634190886622306, 16.813978373307091 ], [ 74.623940204579327, 16.813978373307091 ], [ 74.626943646190796, 16.826314435970929 ], [ 74.63206919349544, 16.826314435970929 ], [ 74.631067695185195, 16.82220238103374 ], [ 74.636193173709401, 16.82220238103374 ], [ 74.634190886622306, 16.813978373307091 ] ] ] } },
{ "type": "Feature", "properties": { }, "geometry": { "type": "Polygon", "coordinates": [ [ [ 74.616692551581494, 16.826314435970929 ], [ 74.615691259612603, 16.82220238103374 ], [ 74.620816738136796, 16.82220238103374 ], [ 74.61981565970467, 16.818090360148901 ], [ 74.609564840178379, 16.818090360148901 ], [ 74.61156700427685, 16.826314435970929 ], [ 74.616692551581494, 16.826314435970929 ] ] ] } },
{ "type": "Feature", "properties": { }, "geometry": { "type": "Polygon", "coordinates": [ [ [ 74.62672100468275, 16.86743686027301 ], [ 74.642099713211095, 16.86743686027301 ], [ 74.640091348629156, 16.859212102471695 ], [ 74.645217446875719, 16.859212102471695 ], [ 74.642206813003071, 16.846875221768382 ], [ 74.631955030007418, 16.846875221768382 ], [ 74.634965250382592, 16.859212102471695 ], [ 74.629839152136014, 16.859212102471695 ], [ 74.630843055178886, 16.863324464299556 ], [ 74.625716887977248, 16.863324464299556 ], [ 74.62672100468275, 16.86743686027301 ] ] ] } },
{ "type": "Feature", "properties": { }, "geometry": { "type": "Polygon", "coordinates": [ [ [ 74.596073789522649, 16.846875221768382 ], [ 74.58582200652701, 16.846875221768382 ], [ 74.586824510676067, 16.850987481215434 ], [ 74.597076431465396, 16.850987481215434 ], [ 74.596073789522649, 16.846875221768382 ] ] ] } },
{ "type": "Feature", "properties": { }, "geometry": { "type": "Polygon", "coordinates": [ [ [ 74.598976391529348, 16.879774253160218 ], [ 74.593849948313292, 16.879774253160218 ], [ 74.591841267847855, 16.871549290401386 ], [ 74.586714962677831, 16.871549290401386 ], [ 74.58571111527381, 16.86743686027301 ], [ 74.580584879097685, 16.86743686027301 ], [ 74.581588657507822, 16.871549290401386 ], [ 74.576462352337799, 16.871549290401386 ], [ 74.578470618665094, 16.879774253160218 ], [ 74.58359706188115, 16.879774253160218 ], [ 74.584601687908474, 16.883886785809342 ], [ 74.599981224713133, 16.883886785809342 ], [ 74.598976391529348, 16.879774253160218 ] ] ] } },
{ "type": "Feature", "properties": { }, "geometry": { "type": "Polygon", "coordinates": [ [ [ 74.622498340820428, 16.892111953693661 ], [ 74.637878292112859, 16.892111953693661 ], [ 74.636872409936998, 16.887999352650713 ], [ 74.641998991276807, 16.887999352650713 ], [ 74.640993322858918, 16.883886785809342 ], [ 74.630740298322465, 16.883886785809342 ], [ 74.62973505082573, 16.879774253160218 ], [ 74.624608607609673, 16.879774253160218 ], [ 74.622599098867937, 16.871549290401386 ], [ 74.617472793697914, 16.871549290401386 ], [ 74.622498340820428, 16.892111953693661 ] ] ] } },
{ "type": "Feature", "properties": { }, "geometry": { "type": "Polygon", "coordinates": [ [ [ 74.664614705358218, 16.875661754694018 ], [ 74.649235582808245, 16.875661754694018 ], [ 74.650240823689998, 16.879774253160218 ], [ 74.655367266906069, 16.879774253160218 ], [ 74.656372859663577, 16.883886785809342 ], [ 74.661499371931811, 16.883886785809342 ], [ 74.660493710122125, 16.879774253160218 ], [ 74.665620153338182, 16.879774253160218 ], [ 74.664614705358218, 16.875661754694018 ] ] ] } },
{ "type": "Feature", "properties": { }, "geometry": { "type": "Polygon", "coordinates": [ [ [ 74.586611787804742, 16.892111953693661 ], [ 74.601991739097187, 16.892111953693661 ], [ 74.600986340558379, 16.887999352650713 ], [ 74.585606596538966, 16.887999352650713 ], [ 74.586611787804742, 16.892111953693661 ] ] ] } },
{ "type": "Feature", "properties": { }, "geometry": { "type": "Polygon", "coordinates": [ [ [ 74.646024493759299, 16.904449962125312 ], [ 74.647031576743288, 16.908562700067922 ], [ 74.657285430721601, 16.908562700067922 ], [ 74.655271271095032, 16.900337258421622 ], [ 74.650144482423897, 16.900337258421622 ], [ 74.651151351579713, 16.904449962125312 ], [ 74.646024493759299, 16.904449962125312 ] ] ] } },
{ "type": "Feature", "properties": { }, "geometry": { "type": "Polygon", "coordinates": [ [ [ 74.630257802397253, 17.007278706656795 ], [ 74.631271413058059, 17.011392303609323 ], [ 74.641528738119277, 17.011392303609323 ], [ 74.640514988147785, 17.007278706656795 ], [ 74.630257802397253, 17.007278706656795 ] ] ] } },
{ "type": "Feature", "properties": { }, "geometry": { "type": "Polygon", "coordinates": [ [ [ 74.619804010193292, 17.08955720795689 ], [ 74.620822879985639, 17.09367149632827 ], [ 74.631082999453795, 17.09367149632827 ], [ 74.630063989570175, 17.08955720795689 ], [ 74.619804010193292, 17.08955720795689 ] ] ] } },
{ "type": "Feature", "properties": { }, "geometry": { "type": "Polygon", "coordinates": [ [ [ 74.709067371415244, 17.567048286591064 ], [ 74.703929125540384, 17.567048286591064 ], [ 74.706032515186578, 17.575285067923279 ], [ 74.711170905735671, 17.575285067923279 ], [ 74.709067371415244, 17.567048286591064 ] ] ] } },
{ "type": "Feature", "properties": { }, "geometry": { "type": "Polygon", "coordinates": [ [ [ 74.843076624430253, 17.628827637790387 ], [ 74.837937291566746, 17.628827637790387 ], [ 74.840052667698586, 17.637065494146754 ], [ 74.84519214583095, 17.637065494146754 ], [ 74.843076624430253, 17.628827637790387 ] ] ] } },
{ "type": "Feature", "properties": { }, "geometry": { "type": "Polygon", "coordinates": [ [ [ 74.8369572999909, 17.86366310367794 ], [ 74.839103950866246, 17.871905084141076 ], [ 74.8493912543276, 17.871905084141076 ], [ 74.848317636022571, 17.867784075685538 ], [ 74.843174058070971, 17.867784075685538 ], [ 74.842100804183403, 17.86366310367794 ], [ 74.8369572999909, 17.86366310367794 ] ] ] } },
{ "type": "Feature", "properties": { }, "geometry": { "type": "Polygon", "coordinates": [ [ [ 74.948631500261158, 17.995552333485037 ], [ 74.946465149713717, 17.987308157545439 ], [ 74.941319424049823, 17.987308157545439 ], [ 74.943485625858472, 17.995552333485037 ], [ 74.948631500261158, 17.995552333485037 ] ] ] } },
{ "type": "Feature", "properties": { }, "geometry": { "type": "Polygon", "coordinates": [ [ [ 74.95709596051195, 18.086247986183075 ], [ 74.95194844468557, 18.086247986183075 ], [ 74.953038191658706, 18.090370940063949 ], [ 74.942743010323667, 18.090370940063949 ], [ 74.944923083039725, 18.0986169587297 ], [ 74.950070823449863, 18.0986169587297 ], [ 74.948980565842888, 18.094493930909628 ], [ 74.959275896900436, 18.094493930909628 ], [ 74.95709596051195, 18.086247986183075 ] ] ] } },
{ "type": "Feature", "properties": { }, "geometry": { "type": "Polygon", "coordinates": [ [ [ 74.954747906523608, 18.135725874542263 ], [ 74.956934423720483, 18.143972707806508 ], [ 74.96208298915333, 18.143972707806508 ], [ 74.959896321771183, 18.135725874542263 ], [ 74.954747906523608, 18.135725874542263 ] ] ] } },
{ "type": "Feature", "properties": { }, "geometry": { "type": "Polygon", "coordinates": [ [ [ 74.913434011970509, 18.193456825612966 ], [ 74.928882416680224, 18.193456825612966 ], [ 74.925594328676908, 18.181085294542804 ], [ 74.920445086413338, 18.181085294542804 ], [ 74.919349719057038, 18.176961525217902 ], [ 74.914200552077489, 18.176961525217902 ], [ 74.91201084763847, 18.168714098058093 ], [ 74.906861831166481, 18.168714098058093 ], [ 74.909051385097939, 18.176961525217902 ], [ 74.90390221811839, 18.176961525217902 ], [ 74.907188522394634, 18.189332944730722 ], [ 74.912337915286699, 18.189332944730722 ], [ 74.913434011970509, 18.193456825612966 ] ] ] } },
{ "type": "Feature", "properties": { }, "geometry": { "type": "Polygon", "coordinates": [ [ [ 75.059148272343691, 18.391447038521779 ], [ 75.058036679593229, 18.387321360929601 ], [ 75.063189711811134, 18.387321360929601 ], [ 75.062078338198106, 18.383195720995662 ], [ 75.051772426352244, 18.383195720995662 ], [ 75.053995163810541, 18.391447038521779 ], [ 75.059148272343691, 18.391447038521779 ] ] ] } },
{ "type": "Feature", "properties": { }, "geometry": { "type": "Polygon", "coordinates": [ [ [ 75.035025701141478, 18.700980892331984 ], [ 75.036158219193723, 18.705109460305398 ], [ 75.046476155255988, 18.705109460305398 ], [ 75.045343481475513, 18.700980892331984 ], [ 75.035025701141478, 18.700980892331984 ] ] ] } },
{ "type": "Feature", "properties": { }, "geometry": { "type": "Polygon", "coordinates": [ [ [ 75.100649434792729, 18.845503686428078 ], [ 75.101792792694297, 18.849633604393468 ], [ 75.112116205083836, 18.849633604393468 ], [ 75.110972690017505, 18.845503686428078 ], [ 75.100649434792729, 18.845503686428078 ] ] ] } },
{ "type": "Feature", "properties": { }, "geometry": { "type": "Polygon", "coordinates": [ [ [ 75.22403374461031, 19.357912039953035 ], [ 75.22167378701441, 19.349642564893333 ], [ 75.216502419761511, 19.349642564893333 ], [ 75.218862215114186, 19.357912039953035 ], [ 75.22403374461031, 19.357912039953035 ] ] ] } },
{ "type": "Feature", "properties": { }, "geometry": { "type": "Polygon", "coordinates": [ [ [ 75.227575960598259, 19.370316552245896 ], [ 75.232747733615938, 19.370316552245896 ], [ 75.233929161543813, 19.374451469637357 ], [ 75.239101015777152, 19.374451469637357 ], [ 75.236738301583003, 19.3661816748413 ], [ 75.226394917937142, 19.3661816748413 ], [ 75.227575960598259, 19.370316552245896 ] ] ] } },
{ "type": "Feature", "properties": { }, "geometry": { "type": "Polygon", "coordinates": [ [ [ 75.376589651075648, 19.564701066970791 ], [ 75.381765263872509, 19.564701066970791 ], [ 75.380568326493261, 19.560564299458676 ], [ 75.385743857109986, 19.560564299458676 ], [ 75.386940876669385, 19.564701066970791 ], [ 75.392116489466247, 19.564701066970791 ], [ 75.389722592309809, 19.556427572390181 ], [ 75.394898040767416, 19.556427572390181 ], [ 75.391309245699915, 19.544017633746869 ], [ 75.396484447806316, 19.544017633746869 ], [ 75.392898162225279, 19.531608058737852 ], [ 75.38772320628091, 19.531608058737852 ], [ 75.386528471987191, 19.52747161449604 ], [ 75.381353598054829, 19.52747161449604 ], [ 75.383743208660192, 19.535744543353623 ], [ 75.378568170682826, 19.535744543353623 ], [ 75.379763353034448, 19.539881068353314 ], [ 75.374588233003081, 19.539881068353314 ], [ 75.378175370536354, 19.552290885755351 ], [ 75.373000004216848, 19.552290885755351 ], [ 75.376589651075648, 19.564701066970791 ] ] ] } },
{ "type": "Feature", "properties": { }, "geometry": { "type": "Polygon", "coordinates": [ [ [ 75.388953322289396, 19.589522521916994 ], [ 75.387754546383064, 19.585385511534085 ], [ 75.37740249835683, 19.585385511534085 ], [ 75.378601109650404, 19.589522521916994 ], [ 75.388953322289396, 19.589522521916994 ] ] ] } },
{ "type": "Feature", "properties": { }, "geometry": { "type": "Polygon", "coordinates": [ [ [ 75.291622255165251, 19.717789987844469 ], [ 75.292828703568958, 19.721928299600112 ], [ 75.303186206073079, 19.721928299600112 ], [ 75.301979591706797, 19.717789987844469 ], [ 75.291622255165251, 19.717789987844469 ] ] ] } },
{ "type": "Feature", "properties": { }, "geometry": { "type": "Polygon", "coordinates": [ [ [ 75.34867421873831, 19.841957143324048 ], [ 75.353855385653816, 19.841957143324048 ], [ 75.350208926813352, 19.829538766759459 ], [ 75.345028010620396, 19.829538766759459 ], [ 75.34867421873831, 19.841957143324048 ] ] ] } },
{ "type": "Feature", "properties": { }, "geometry": { "type": "Polygon", "coordinates": [ [ [ 75.347141786203835, 19.854375889995321 ], [ 75.336778950545778, 19.854375889995321 ], [ 75.337995645278241, 19.858515554511804 ], [ 75.34835864829688, 19.858515554511804 ], [ 75.347141786203835, 19.854375889995321 ] ] ] } },
{ "type": "Feature", "properties": { }, "geometry": { "type": "Polygon", "coordinates": [ [ [ 75.367556345081809, 19.870934795079865 ], [ 75.368774693589501, 19.875074624308862 ], [ 75.363592857146685, 19.875074624308862 ], [ 75.362374592404223, 19.870934795079865 ], [ 75.357192839726622, 19.870934795079865 ], [ 75.358411020703855, 19.875074624308862 ], [ 75.348047347818209, 19.875074624308862 ], [ 75.346829334371435, 19.870934795079865 ], [ 75.341647581693849, 19.870934795079865 ], [ 75.342865511375393, 19.875074624308862 ], [ 75.337683674932563, 19.875074624308862 ], [ 75.338901829667648, 19.879214494741085 ], [ 75.35444759035552, 19.879214494741085 ], [ 75.355666305373646, 19.883354406386555 ], [ 75.360848309410656, 19.883354406386555 ], [ 75.364506559968902, 19.895774388702829 ], [ 75.359324304381246, 19.895774388702829 ], [ 75.360544255505445, 19.899914465301684 ], [ 75.355361916025089, 19.899914465301684 ], [ 75.357802577853903, 19.908194742299777 ], [ 75.373350099842625, 19.908194742299777 ], [ 75.370908934466172, 19.899914465301684 ], [ 75.386455952907255, 19.899914465301684 ], [ 75.384015520926255, 19.891634353357382 ], [ 75.389197692642426, 19.891634353357382 ], [ 75.387977856552368, 19.887494359255296 ], [ 75.39834203228429, 19.887494359255296 ], [ 75.395902952189886, 19.879214494741085 ], [ 75.40108487241919, 19.879214494741085 ], [ 75.397428319080845, 19.86679500704404 ], [ 75.387064981213641, 19.86679500704404 ], [ 75.388283355792197, 19.870934795079865 ], [ 75.367556345081809, 19.870934795079865 ] ], [ [ 75.359629510584824, 19.879214494741085 ], [ 75.369993351043405, 19.879214494741085 ], [ 75.371212317484677, 19.883354406386555 ], [ 75.360848309410656, 19.883354406386555 ], [ 75.359629510584824, 19.879214494741085 ] ] ] } },
{ "type": "Feature", "properties": { }, "geometry": { "type": "Polygon", "coordinates": [ [ [ 75.481255438139797, 19.887494359255296 ], [ 75.484920403034096, 19.899914465301684 ], [ 75.490102742514452, 19.899914465301684 ], [ 75.491325100617516, 19.90405458316399 ], [ 75.496507524011861, 19.90405458316399 ], [ 75.492841126966042, 19.891634353357382 ], [ 75.50838764211457, 19.891634353357382 ], [ 75.503502441102938, 19.875074624308862 ], [ 75.508684277545754, 19.875074624308862 ], [ 75.506243366686519, 19.86679500704404 ], [ 75.485516690952096, 19.86679500704404 ], [ 75.486736656666494, 19.870934795079865 ], [ 75.476373151311293, 19.870934795079865 ], [ 75.48003440226185, 19.883354406386555 ], [ 75.485216406298875, 19.883354406386555 ], [ 75.486437526005773, 19.887494359255296 ], [ 75.481255438139797, 19.887494359255296 ] ], [ [ 75.499541356775779, 19.879214494741085 ], [ 75.500762418409906, 19.883354406386555 ], [ 75.495580414372895, 19.883354406386555 ], [ 75.494359436546475, 19.879214494741085 ], [ 75.499541356775779, 19.879214494741085 ] ] ] } },
{ "type": "Feature", "properties": { }, "geometry": { "type": "Polygon", "coordinates": [ [ [ 75.387676632730802, 19.90405458316399 ], [ 75.382494209336457, 19.90405458316399 ], [ 75.384936328964059, 19.912334942719113 ], [ 75.390118920250131, 19.912334942719113 ], [ 75.387676632730802, 19.90405458316399 ] ] ] } },
{ "type": "Feature", "properties": { }, "geometry": { "type": "Polygon", "coordinates": [ [ [ 75.511894467778546, 20.164965635013111 ], [ 75.506706714823181, 20.164965635013111 ], [ 75.509189505977446, 20.173251236251552 ], [ 75.514377429515108, 20.173251236251552 ], [ 75.511894467778546, 20.164965635013111 ] ] ] } },
{ "type": "Feature", "properties": { }, "geometry": { "type": "Polygon", "coordinates": [ [ [ 75.665007209895094, 20.869848510998033 ], [ 75.66242029175659, 20.861548537898681 ], [ 75.652015525424289, 20.861548537898681 ], [ 75.653308647064307, 20.865698502631528 ], [ 75.648106174973719, 20.865698502631528 ], [ 75.650693197733901, 20.873998563008499 ], [ 75.661098497744604, 20.873998563008499 ], [ 75.659804648858099, 20.869848510998033 ], [ 75.665007209895094, 20.869848510998033 ] ] ] } },
{ "type": "Feature", "properties": { }, "geometry": { "type": "Polygon", "coordinates": [ [ [ 75.806780630386072, 21.006823333093408 ], [ 75.808086831311655, 21.010974831144466 ], [ 75.818498027899011, 21.010974831144466 ], [ 75.817191647584721, 21.006823333093408 ], [ 75.806780630386072, 21.006823333093408 ] ] ] } },
{ "type": "Feature", "properties": { }, "geometry": { "type": "Polygon", "coordinates": [ [ [ 75.840682722899714, 21.048340294625266 ], [ 75.835476316364108, 21.048340294625266 ], [ 75.838096006415384, 21.056644215659521 ], [ 75.858922351966314, 21.056644215659521 ], [ 75.857611986358634, 21.052492233093076 ], [ 75.86281848280926, 21.052492233093076 ], [ 75.861508349042154, 21.048340294625266 ], [ 75.856301942506548, 21.048340294625266 ], [ 75.852373741030831, 21.035884743710028 ], [ 75.841961467184774, 21.035884743710028 ], [ 75.843270366344328, 21.040036549944102 ], [ 75.838064139572523, 21.040036549944102 ], [ 75.840682722899714, 21.048340294625266 ] ] ] } },
{ "type": "Feature", "properties": { }, "geometry": { "type": "Polygon", "coordinates": [ [ [ 75.806856488089011, 21.056644215659521 ], [ 75.827682833639926, 21.056644215659521 ], [ 75.82506350329291, 21.048340294625266 ], [ 75.804237877150456, 21.048340294625266 ], [ 75.806856488089011, 21.056644215659521 ] ] ] } },
{ "type": "Feature", "properties": { }, "geometry": { "type": "Polygon", "coordinates": [ [ [ 74.778703362362222, 16.818090360148901 ], [ 74.779706572387028, 16.82220238103374 ], [ 74.789957529435426, 16.82220238103374 ], [ 74.788954181888528, 16.818090360148901 ], [ 74.778703362362222, 16.818090360148901 ] ] ] } },
{ "type": "Feature", "properties": { }, "geometry": { "type": "Polygon", "coordinates": [ [ [ 74.686125926202436, 16.879774253160218 ], [ 74.685120202091539, 16.875661754694018 ], [ 74.674867453724886, 16.875661754694018 ], [ 74.675873039770309, 16.879774253160218 ], [ 74.686125926202436, 16.879774253160218 ] ] ] } },
{ "type": "Feature", "properties": { }, "geometry": { "type": "Polygon", "coordinates": [ [ [ 74.778027354080635, 16.982597848539069 ], [ 74.767771003375771, 16.982597848539069 ], [ 74.768784859824592, 16.986711238796257 ], [ 74.763656614933737, 16.986711238796257 ], [ 74.764670685837132, 16.99082466347928 ], [ 74.780055629183465, 16.99082466347928 ], [ 74.778027354080635, 16.982597848539069 ] ] ] } },
{ "type": "Feature", "properties": { }, "geometry": { "type": "Polygon", "coordinates": [ [ [ 75.179999439459465, 17.073100400977218 ], [ 75.182050585199462, 17.081328735184631 ], [ 75.192310284511024, 17.081328735184631 ], [ 75.190258858861952, 17.073100400977218 ], [ 75.179999439459465, 17.073100400977218 ] ] ] } },
{ "type": "Feature", "properties": { }, "geometry": { "type": "Polygon", "coordinates": [ [ [ 75.160335753216017, 17.422927696225123 ], [ 75.159287669871219, 17.418810604602232 ], [ 75.149016359341545, 17.418810604602232 ], [ 75.150064299454684, 17.422927696225123 ], [ 75.160335753216017, 17.422927696225123 ] ] ] } },
{ "type": "Feature", "properties": { }, "geometry": { "type": "Polygon", "coordinates": [ [ [ 74.94986491886209, 17.443513685863138 ], [ 74.951958812054457, 17.451748329939079 ], [ 74.962231269542002, 17.451748329939079 ], [ 74.960137089373418, 17.443513685863138 ], [ 74.94986491886209, 17.443513685863138 ] ] ] } },
{ "type": "Feature", "properties": { }, "geometry": { "type": "Polygon", "coordinates": [ [ [ 75.153321910823365, 17.455865705205007 ], [ 75.15437237739566, 17.459983115968857 ], [ 75.164645122017305, 17.459983115968857 ], [ 75.163594511858207, 17.455865705205007 ], [ 75.153321910823365, 17.455865705205007 ] ] ] } },
{ "type": "Feature", "properties": { }, "geometry": { "type": "Polygon", "coordinates": [ [ [ 75.02104790676735, 17.859542168108735 ], [ 75.019972653881482, 17.855421268968385 ], [ 75.00968594041305, 17.855421268968385 ], [ 75.011836442535795, 17.86366310367794 ], [ 75.016979946728299, 17.86366310367794 ], [ 75.015904476313963, 17.859542168108735 ], [ 75.02104790676735, 17.859542168108735 ] ] ] } },
{ "type": "Feature", "properties": { }, "geometry": { "type": "Polygon", "coordinates": [ [ [ 75.264123708561868, 17.884268328290823 ], [ 75.253835962186358, 17.884268328290823 ], [ 75.255997339155641, 17.892510673472067 ], [ 75.261141360081368, 17.892510673472067 ], [ 75.260060451521866, 17.888389482633603 ], [ 75.265204398568613, 17.888389482633603 ], [ 75.264123708561868, 17.884268328290823 ] ] ] } },
{ "type": "Feature", "properties": { }, "geometry": { "type": "Polygon", "coordinates": [ [ [ 75.062681473573818, 17.900753164674263 ], [ 75.060524543978133, 17.892510673472067 ], [ 75.055380523052406, 17.892510673472067 ], [ 75.054302569652037, 17.888389482633603 ], [ 75.049158622605304, 17.888389482633603 ], [ 75.05023650212668, 17.892510673472067 ], [ 75.045092481200967, 17.892510673472067 ], [ 75.048327647912473, 17.904874465057091 ], [ 75.058616133277667, 17.904874465057091 ], [ 75.057537304830163, 17.900753164674263 ], [ 75.062681473573818, 17.900753164674263 ] ] ] } },
{ "type": "Feature", "properties": { }, "geometry": { "type": "Polygon", "coordinates": [ [ [ 75.101409749981528, 18.028530507782484 ], [ 75.091116809661656, 18.028530507782484 ], [ 75.093292880786748, 18.03677541937477 ], [ 75.10358611938652, 18.03677541937477 ], [ 75.101409749981528, 18.028530507782484 ] ] ] } },
{ "type": "Feature", "properties": { }, "geometry": { "type": "Polygon", "coordinates": [ [ [ 75.220868316798402, 18.03265294516336 ], [ 75.210575227358646, 18.03265294516336 ], [ 75.213845799398541, 18.04502047832753 ], [ 75.218992567918662, 18.04502047832753 ], [ 75.217902009252242, 18.040897930426297 ], [ 75.223048703152202, 18.040897930426297 ], [ 75.220868316798402, 18.03265294516336 ] ] ] } },
{ "type": "Feature", "properties": { }, "geometry": { "type": "Polygon", "coordinates": [ [ [ 75.022139189191719, 18.0986169587297 ], [ 75.0199568703365, 18.090370940063949 ], [ 75.009661689001447, 18.090370940063949 ], [ 75.011843708371444, 18.0986169587297 ], [ 75.022139189191719, 18.0986169587297 ] ] ] } },
{ "type": "Feature", "properties": { }, "geometry": { "type": "Polygon", "coordinates": [ [ [ 75.433202514853733, 18.115109439945954 ], [ 75.443498595127096, 18.115109439945954 ], [ 75.442400044771247, 18.110986264132293 ], [ 75.437252079596362, 18.110986264132293 ], [ 75.436153898990867, 18.10686312533144 ], [ 75.431006008757691, 18.10686312533144 ], [ 75.433202514853733, 18.115109439945954 ] ] ] } },
{ "type": "Feature", "properties": { }, "geometry": { "type": "Polygon", "coordinates": [ [ [ 75.485782361276435, 18.119232652782003 ], [ 75.484682916220592, 18.115109439945954 ], [ 75.489830956357281, 18.115109439945954 ], [ 75.486534166254145, 18.102740023533769 ], [ 75.476238535630941, 18.102740023533769 ], [ 75.48063424615782, 18.119232652782003 ], [ 75.485782361276435, 18.119232652782003 ] ] ] } },
{ "type": "Feature", "properties": { }, "geometry": { "type": "Polygon", "coordinates": [ [ [ 75.623976244555109, 18.981811491063201 ], [ 75.625136948915483, 18.98594269284585 ], [ 75.635465570850897, 18.98594269284585 ], [ 75.634304707965512, 18.981811491063201 ], [ 75.623976244555109, 18.981811491063201 ] ] ] } },
{ "type": "Feature", "properties": { }, "geometry": { "type": "Polygon", "coordinates": [ [ [ 75.761352500819484, 19.229753088340512 ], [ 75.756183476714583, 19.229753088340512 ], [ 75.757363363462204, 19.233886651729414 ], [ 75.747025154239438, 19.233886651729414 ], [ 75.749385520759091, 19.242153897498699 ], [ 75.75972405213264, 19.242153897498699 ], [ 75.758543555255102, 19.238020254778853 ], [ 75.763712740393771, 19.238020254778853 ], [ 75.761352500819484, 19.229753088340512 ] ] ] } },
{ "type": "Feature", "properties": { }, "geometry": { "type": "Polygon", "coordinates": [ [ [ 75.768436881122582, 19.254555063779449 ], [ 75.767255388144434, 19.250421301989128 ], [ 75.75691653445358, 19.250421301989128 ], [ 75.758097866210576, 19.254555063779449 ], [ 75.768436881122582, 19.254555063779449 ] ] ] } },
{ "type": "Feature", "properties": { }, "geometry": { "type": "Polygon", "coordinates": [ [ [ 75.352139822967075, 19.35377728244956 ], [ 75.346968374603009, 19.35377728244956 ], [ 75.349332834865407, 19.362046837413644 ], [ 75.354504445514479, 19.362046837413644 ], [ 75.352139822967075, 19.35377728244956 ] ] ] } },
{ "type": "Feature", "properties": { }, "geometry": { "type": "Polygon", "coordinates": [ [ [ 75.709326231524912, 19.390991539269844 ], [ 75.698981872914786, 19.390991539269844 ], [ 75.701362551844241, 19.399261814264808 ], [ 75.711707235777055, 19.399261814264808 ], [ 75.709326231524912, 19.390991539269844 ] ] ] } },
{ "type": "Feature", "properties": { }, "geometry": { "type": "Polygon", "coordinates": [ [ [ 75.641296047554661, 19.531608058737852 ], [ 75.64249510752839, 19.535744543353623 ], [ 75.652845183483109, 19.535744543353623 ], [ 75.6516459594434, 19.531608058737852 ], [ 75.641296047554661, 19.531608058737852 ] ] ] } },
{ "type": "Feature", "properties": { }, "geometry": { "type": "Polygon", "coordinates": [ [ [ 75.796660443420066, 19.585385511534085 ], [ 75.786308395393817, 19.585385511534085 ], [ 75.787513508891095, 19.589522521916994 ], [ 75.797865721530101, 19.589522521916994 ], [ 75.796660443420066, 19.585385511534085 ] ] ] } },
{ "type": "Feature", "properties": { }, "geometry": { "type": "Polygon", "coordinates": [ [ [ 75.794750663126351, 19.614345435342894 ], [ 75.792337045111083, 19.606070968681454 ], [ 75.787160609355567, 19.606070968681454 ], [ 75.789574062526469, 19.614345435342894 ], [ 75.794750663126351, 19.614345435342894 ] ] ] } },
{ "type": "Feature", "properties": { }, "geometry": { "type": "Polygon", "coordinates": [ [ [ 75.637189834575011, 19.659857905096864 ], [ 75.634774882345141, 19.651582544839847 ], [ 75.629597538902672, 19.651582544839847 ], [ 75.632012325824491, 19.659857905096864 ], [ 75.637189834575011, 19.659857905096864 ] ] ] } },
{ "type": "Feature", "properties": { }, "geometry": { "type": "Polygon", "coordinates": [ [ [ 75.851509438801713, 19.755036264459903 ], [ 75.841150607074582, 19.755036264459903 ], [ 75.843586647906164, 19.763313664601156 ], [ 75.853945812362127, 19.763313664601156 ], [ 75.851509438801713, 19.755036264459903 ] ] ] } },
{ "type": "Feature", "properties": { }, "geometry": { "type": "Polygon", "coordinates": [ [ [ 75.509340264388626, 19.771591228472989 ], [ 75.505701035265744, 19.759174944069208 ], [ 75.500521536230551, 19.759174944069208 ], [ 75.501734220859291, 19.763313664601156 ], [ 75.496554638631309, 19.763313664601156 ], [ 75.49898076703451, 19.771591228472989 ], [ 75.509340264388626, 19.771591228472989 ] ] ] } },
{ "type": "Feature", "properties": { }, "geometry": { "type": "Polygon", "coordinates": [ [ [ 75.872548536442494, 19.808842294209267 ], [ 75.877729035188622, 19.808842294209267 ], [ 75.878951266019442, 19.812981506593665 ], [ 75.884131848212547, 19.812981506593665 ], [ 75.88168753013008, 19.804703122867654 ], [ 75.871326699489288, 19.804703122867654 ], [ 75.872548536442494, 19.808842294209267 ] ] ] } },
{ "type": "Feature", "properties": { }, "geometry": { "type": "Polygon", "coordinates": [ [ [ 75.837215048949261, 19.829538766759459 ], [ 75.839661422921083, 19.837817643359596 ], [ 75.850023589561289, 19.837817643359596 ], [ 75.847576881335129, 19.829538766759459 ], [ 75.837215048949261, 19.829538766759459 ] ] ] } },
{ "type": "Feature", "properties": { }, "geometry": { "type": "Polygon", "coordinates": [ [ [ 75.956376121386782, 19.829538766759459 ], [ 75.958826339283334, 19.837817643359596 ], [ 75.979550672563732, 19.837817643359596 ], [ 75.978325073820557, 19.83367818450807 ], [ 75.983506073566474, 19.83367818450807 ], [ 75.98228070235146, 19.829538766759459 ], [ 75.956376121386782, 19.829538766759459 ] ] ] } },
{ "type": "Feature", "properties": { }, "geometry": { "type": "Polygon", "coordinates": [ [ [ 75.844557897790807, 19.854375889995321 ], [ 75.865283569106936, 19.854375889995321 ], [ 75.864058649784269, 19.850236266631885 ], [ 75.869239983954245, 19.850236266631885 ], [ 75.86801529175213, 19.846096684411478 ], [ 75.852471540155761, 19.846096684411478 ], [ 75.853695981444346, 19.850236266631885 ], [ 75.848514647274385, 19.850236266631885 ], [ 75.84606624262635, 19.841957143324048 ], [ 75.830522741879847, 19.841957143324048 ], [ 75.83419506213275, 19.854375889995321 ], [ 75.839376479961771, 19.854375889995321 ], [ 75.840601291682717, 19.858515554511804 ], [ 75.845782793192043, 19.858515554511804 ], [ 75.844557897790807, 19.854375889995321 ] ] ] } },
{ "type": "Feature", "properties": { }, "geometry": { "type": "Polygon", "coordinates": [ [ [ 75.526052756632083, 19.846096684411478 ], [ 75.515690255567847, 19.846096684411478 ], [ 75.516909260396673, 19.850236266631885 ], [ 75.527271928736582, 19.850236266631885 ], [ 75.526052756632083, 19.846096684411478 ] ] ] } },
{ "type": "Feature", "properties": { }, "geometry": { "type": "Polygon", "coordinates": [ [ [ 75.898549214431455, 19.879214494741085 ], [ 75.896095118196484, 19.870934795079865 ], [ 75.901276870874085, 19.870934795079865 ], [ 75.900050205640383, 19.86679500704404 ], [ 75.884505198839591, 19.86679500704404 ], [ 75.888185373972874, 19.879214494741085 ], [ 75.898549214431455, 19.879214494741085 ] ] ] } },
{ "type": "Feature", "properties": { }, "geometry": { "type": "Polygon", "coordinates": [ [ [ 75.828732333387762, 19.870934795079865 ], [ 75.818368828032575, 19.870934795079865 ], [ 75.820820410992042, 19.879214494741085 ], [ 75.831184251450637, 19.879214494741085 ], [ 75.828732333387762, 19.870934795079865 ] ] ] } },
{ "type": "Feature", "properties": { }, "geometry": { "type": "Polygon", "coordinates": [ [ [ 75.964685884514282, 19.875074624308862 ], [ 75.959504048071452, 19.875074624308862 ], [ 75.96318960967497, 19.887494359255296 ], [ 75.968371697540945, 19.887494359255296 ], [ 75.964685884514282, 19.875074624308862 ] ] ] } },
{ "type": "Feature", "properties": { }, "geometry": { "type": "Polygon", "coordinates": [ [ [ 75.869912028087526, 19.887494359255296 ], [ 75.874824431798402, 19.90405458316399 ], [ 75.885189278587077, 19.90405458316399 ], [ 75.883960543021857, 19.899914465301684 ], [ 75.878778203541501, 19.899914465301684 ], [ 75.877549863145518, 19.895774388702829 ], [ 75.887914374320815, 19.895774388702829 ], [ 75.886686177395717, 19.891634353357382 ], [ 75.881504005679531, 19.891634353357382 ], [ 75.879048713111544, 19.883354406386555 ], [ 75.873866709074534, 19.883354406386555 ], [ 75.875094115953502, 19.887494359255296 ], [ 75.869912028087526, 19.887494359255296 ] ] ] } },
{ "type": "Feature", "properties": { }, "geometry": { "type": "Polygon", "coordinates": [ [ [ 76.004380133018458, 19.991006607924469 ], [ 76.001906844594473, 19.982724675966459 ], [ 75.99672282279181, 19.982724675966459 ], [ 75.999195942514987, 19.991006607924469 ], [ 76.004380133018458, 19.991006607924469 ] ] ] } },
{ "type": "Feature", "properties": { }, "geometry": { "type": "Polygon", "coordinates": [ [ [ 75.878481317219652, 20.003429817021484 ], [ 75.876010373928736, 19.995147636125413 ], [ 75.870826099042915, 19.995147636125413 ], [ 75.873296873505112, 20.003429817021484 ], [ 75.878481317219652, 20.003429817021484 ] ] ] } },
{ "type": "Feature", "properties": { }, "geometry": { "type": "Polygon", "coordinates": [ [ [ 75.989154204237266, 20.061409737469845 ], [ 75.999525460048631, 20.061409737469845 ], [ 75.997042380462915, 20.053126392465536 ], [ 75.986671463504365, 20.053126392465536 ], [ 75.989154204237266, 20.061409737469845 ] ] ] } },
{ "type": "Feature", "properties": { }, "geometry": { "type": "Polygon", "coordinates": [ [ [ 75.758492216888698, 20.260260190499451 ], [ 75.75724041367846, 20.256116486293969 ], [ 75.752050779595677, 20.256116486293969 ], [ 75.750799376046132, 20.251972824219646 ], [ 75.730041182640434, 20.251972824219646 ], [ 75.731292243264519, 20.256116486293969 ], [ 75.746861145512881, 20.256116486293969 ], [ 75.748112777217386, 20.260260190499451 ], [ 75.758492216888698, 20.260260190499451 ] ] ] } },
{ "type": "Feature", "properties": { }, "geometry": { "type": "Polygon", "coordinates": [ [ [ 75.849400794723152, 20.251972824219646 ], [ 75.851907173930442, 20.260260190499451 ], [ 75.857096893766084, 20.260260190499451 ], [ 75.855843461251368, 20.256116486293969 ], [ 75.86103309533415, 20.256116486293969 ], [ 75.859779891426001, 20.251972824219646 ], [ 75.849400794723152, 20.251972824219646 ] ] ] } },
{ "type": "Feature", "properties": { }, "geometry": { "type": "Polygon", "coordinates": [ [ [ 75.65075841626026, 20.264403936846229 ], [ 75.640378805040214, 20.264403936846229 ], [ 75.641629262931502, 20.26854772534443 ], [ 75.652009045743313, 20.26854772534443 ], [ 75.65075841626026, 20.264403936846229 ] ] ] } },
{ "type": "Feature", "properties": { }, "geometry": { "type": "Polygon", "coordinates": [ [ [ 75.655581742879505, 20.297555425923875 ], [ 75.650391250299833, 20.297555425923875 ], [ 75.652897499367825, 20.305843720316204 ], [ 75.658088163905191, 20.305843720316204 ], [ 75.655581742879505, 20.297555425923875 ] ] ] } },
{ "type": "Feature", "properties": { }, "geometry": { "type": "Polygon", "coordinates": [ [ [ 75.637149730351069, 20.322420816216699 ], [ 75.635895537128846, 20.318276478826718 ], [ 75.641086459764338, 20.318276478826718 ], [ 75.638578843153709, 20.309987930886624 ], [ 75.633388092605173, 20.309987930886624 ], [ 75.634641657894448, 20.31413218372008 ], [ 75.629450821313213, 20.31413218372008 ], [ 75.631958721639791, 20.322420816216699 ], [ 75.637149730351069, 20.322420816216699 ] ] ] } },
{ "type": "Feature", "properties": { }, "geometry": { "type": "Polygon", "coordinates": [ [ [ 75.674741901264227, 20.326565195900184 ], [ 75.669550806455604, 20.326565195900184 ], [ 75.668295782618756, 20.322420816216699 ], [ 75.65272275648492, 20.322420816216699 ], [ 75.65523260171247, 20.330709617887308 ], [ 75.660423782640009, 20.330709617887308 ], [ 75.661679262643958, 20.334854082188251 ], [ 75.672061796779928, 20.334854082188251 ], [ 75.670806144495074, 20.330709617887308 ], [ 75.675997325422614, 20.330709617887308 ], [ 75.674741901264227, 20.326565195900184 ] ] ] } },
{ "type": "Feature", "properties": { }, "geometry": { "type": "Polygon", "coordinates": [ [ [ 76.004019665053704, 20.368011321112149 ], [ 75.998827708085571, 20.368011321112149 ], [ 76.001355521739981, 20.376301054692547 ], [ 76.006547651398918, 20.376301054692547 ], [ 76.004019665053704, 20.368011321112149 ] ] ] } },
{ "type": "Feature", "properties": { }, "geometry": { "type": "Polygon", "coordinates": [ [ [ 75.687002357415977, 20.40117127397394 ], [ 75.68180970916633, 20.40117127397394 ], [ 75.684331680139422, 20.409461686852428 ], [ 75.689524501425481, 20.409461686852428 ], [ 75.687002357415977, 20.40117127397394 ] ] ] } },
{ "type": "Feature", "properties": { }, "geometry": { "type": "Polygon", "coordinates": [ [ [ 76.176872162939603, 20.542131472144742 ], [ 76.171676561297033, 20.542131472144742 ], [ 76.17423500827401, 20.550424786588302 ], [ 76.179430784425932, 20.550424786588302 ], [ 76.176872162939603, 20.542131472144742 ] ] ] } },
{ "type": "Feature", "properties": { }, "geometry": { "type": "Polygon", "coordinates": [ [ [ 76.202162837543156, 20.824200817117596 ], [ 76.1969612537101, 20.824200817117596 ], [ 76.199561065553041, 20.832500005645631 ], [ 76.204762826862193, 20.832500005645631 ], [ 76.202162837543156, 20.824200817117596 ] ] ] } },
{ "type": "Feature", "properties": { }, "geometry": { "type": "Polygon", "coordinates": [ [ [ 75.797682254076321, 20.861548537898681 ], [ 75.796386962238174, 20.85739861678919 ], [ 75.785982373710908, 20.85739861678919 ], [ 75.787277487744035, 20.861548537898681 ], [ 75.797682254076321, 20.861548537898681 ] ] ] } },
{ "type": "Feature", "properties": { }, "geometry": { "type": "Polygon", "coordinates": [ [ [ 75.987565994188998, 20.869848510998033 ], [ 75.988865448081384, 20.873998563008499 ], [ 75.999270748092087, 20.873998563008499 ], [ 75.996671805043817, 20.865698502631528 ], [ 75.99146933295323, 20.865698502631528 ], [ 75.992768555225993, 20.869848510998033 ], [ 75.987565994188998, 20.869848510998033 ] ] ] } },
{ "type": "Feature", "properties": { }, "geometry": { "type": "Polygon", "coordinates": [ [ [ 76.258099168112921, 20.869848510998033 ], [ 76.242491485001906, 20.869848510998033 ], [ 76.243795298343343, 20.873998563008499 ], [ 76.248997948348688, 20.873998563008499 ], [ 76.250302172366801, 20.878148658673236 ], [ 76.255504911362451, 20.878148658673236 ], [ 76.254200598354046, 20.873998563008499 ], [ 76.259403248359376, 20.873998563008499 ], [ 76.258099168112921, 20.869848510998033 ] ] ] } },
{ "type": "Feature", "properties": { }, "geometry": { "type": "Polygon", "coordinates": [ [ [ 76.003171567686749, 20.886448981006769 ], [ 76.000570700575864, 20.878148658673236 ], [ 75.995367961580214, 20.878148658673236 ], [ 75.997968650644637, 20.886448981006769 ], [ 76.003171567686749, 20.886448981006769 ] ] ] } },
{ "type": "Feature", "properties": { }, "geometry": { "type": "Polygon", "coordinates": [ [ [ 76.219085738392934, 20.878148658673236 ], [ 76.221694083455219, 20.886448981006769 ], [ 76.226897000497331, 20.886448981006769 ], [ 76.224288477388569, 20.878148658673236 ], [ 76.219085738392934, 20.878148658673236 ] ] ] } },
{ "type": "Feature", "properties": { }, "geometry": { "type": "Polygon", "coordinates": [ [ [ 75.936982448236861, 21.040036549944102 ], [ 75.926569994693253, 21.040036549944102 ], [ 75.923949643096407, 21.031732981533153 ], [ 75.918743596000084, 21.031732981533153 ], [ 75.920053521030098, 21.035884743710028 ], [ 75.914847384107077, 21.035884743710028 ], [ 75.917468020076797, 21.044188400245723 ], [ 75.938293286647479, 21.044188400245723 ], [ 75.936982448236861, 21.040036549944102 ] ] ] } },
{ "type": "Feature", "properties": { }, "geometry": { "type": "Polygon", "coordinates": [ [ [ 75.858889046659755, 21.040036549944102 ], [ 75.861508349042154, 21.048340294625266 ], [ 75.86671475557776, 21.048340294625266 ], [ 75.864095273431559, 21.040036549944102 ], [ 75.858889046659755, 21.040036549944102 ] ] ] } },
{ "type": "Feature", "properties": { }, "geometry": { "type": "Polygon", "coordinates": [ [ [ 76.065448702559081, 21.247683263753188 ], [ 76.060237955138049, 21.247683263753188 ], [ 76.062894271570386, 21.255991442168042 ], [ 76.068105200970763, 21.255991442168042 ], [ 76.065448702559081, 21.247683263753188 ] ] ] } },
{ "type": "Feature", "properties": { }, "geometry": { "type": "Polygon", "coordinates": [ [ [ 75.49229549544485, 17.254155877623386 ], [ 75.502561108996218, 17.254155877623386 ], [ 75.501519518568358, 17.250040230191239 ], [ 75.491254046635547, 17.250040230191239 ], [ 75.49229549544485, 17.254155877623386 ] ] ] } },
{ "type": "Feature", "properties": { }, "geometry": { "type": "Polygon", "coordinates": [ [ [ 75.579357735927246, 17.414693548392201 ], [ 75.578304360414506, 17.410576527585576 ], [ 75.568033336229846, 17.410576527585576 ], [ 75.569086568589796, 17.414693548392201 ], [ 75.579357735927246, 17.414693548392201 ] ] ] } },
{ "type": "Feature", "properties": { }, "geometry": { "type": "Polygon", "coordinates": [ [ [ 75.378265797787179, 17.451748329939079 ], [ 75.377212751629258, 17.44763099016161 ], [ 75.366940437649561, 17.44763099016161 ], [ 75.367993340299634, 17.451748329939079 ], [ 75.378265797787179, 17.451748329939079 ] ] ] } },
{ "type": "Feature", "properties": { }, "geometry": { "type": "Polygon", "coordinates": [ [ [ 75.465281358463869, 17.55057515289311 ], [ 75.46315990158925, 17.542338800375724 ], [ 75.458022089261902, 17.542338800375724 ], [ 75.460143401699867, 17.55057515289311 ], [ 75.465281358463869, 17.55057515289311 ] ] ] } },
{ "type": "Feature", "properties": { }, "geometry": { "type": "Polygon", "coordinates": [ [ [ 75.651496376220095, 17.575285067923279 ], [ 75.649366366516205, 17.567048286591064 ], [ 75.644228120641344, 17.567048286591064 ], [ 75.646357985671003, 17.575285067923279 ], [ 75.651496376220095, 17.575285067923279 ] ] ] } },
{ "type": "Feature", "properties": { }, "geometry": { "type": "Polygon", "coordinates": [ [ [ 75.904774107039373, 17.620589925017281 ], [ 75.902630858550822, 17.612352355751497 ], [ 75.897491815987038, 17.612352355751497 ], [ 75.899634919365397, 17.620589925017281 ], [ 75.904774107039373, 17.620589925017281 ] ] ] } },
{ "type": "Feature", "properties": { }, "geometry": { "type": "Polygon", "coordinates": [ [ [ 75.670509215452114, 17.628827637790387 ], [ 75.668371474036647, 17.620589925017281 ], [ 75.663232286362671, 17.620589925017281 ], [ 75.665369882588621, 17.628827637790387 ], [ 75.670509215452114, 17.628827637790387 ] ] ] } },
{ "type": "Feature", "properties": { }, "geometry": { "type": "Polygon", "coordinates": [ [ [ 75.87952852879728, 17.661779925474963 ], [ 75.87438861438207, 17.661779925474963 ], [ 75.87653773221227, 17.670018356924004 ], [ 75.881677792213907, 17.670018356924004 ], [ 75.87952852879728, 17.661779925474963 ] ] ] } },
{ "type": "Feature", "properties": { }, "geometry": { "type": "Polygon", "coordinates": [ [ [ 75.882752863688296, 17.674137626629953 ], [ 75.884903886343196, 17.682376274052235 ], [ 75.895184443403693, 17.682376274052235 ], [ 75.893033129337567, 17.674137626629953 ], [ 75.882752863688296, 17.674137626629953 ] ] ] } },
{ "type": "Feature", "properties": { }, "geometry": { "type": "Polygon", "coordinates": [ [ [ 75.936306671645681, 17.682376274052235 ], [ 75.935230285061607, 17.678256932336193 ], [ 75.91980966805906, 17.678256932336193 ], [ 75.920885836054921, 17.682376274052235 ], [ 75.926026114585184, 17.682376274052235 ], [ 75.927102648896124, 17.686495651787567 ], [ 75.932243000308986, 17.686495651787567 ], [ 75.931166393115433, 17.682376274052235 ], [ 75.936306671645681, 17.682376274052235 ] ] ] } },
{ "type": "Feature", "properties": { }, "geometry": { "type": "Polygon", "coordinates": [ [ [ 75.903554111826168, 17.694734515354149 ], [ 75.901400891831884, 17.686495651787567 ], [ 75.891120189006188, 17.686495651787567 ], [ 75.892196506487039, 17.6906150655517 ], [ 75.897336930802339, 17.6906150655517 ], [ 75.898413614588506, 17.694734515354149 ], [ 75.903554111826168, 17.694734515354149 ] ] ] } },
{ "type": "Feature", "properties": { }, "geometry": { "type": "Polygon", "coordinates": [ [ [ 75.533438310714715, 17.694734515354149 ], [ 75.528297813477067, 17.694734515354149 ], [ 75.530441556287144, 17.702973523111993 ], [ 75.540722842571071, 17.702973523111993 ], [ 75.539650679221111, 17.698854001204406 ], [ 75.544791249400987, 17.698854001204406 ], [ 75.543719305190024, 17.694734515354149 ], [ 75.538578807952376, 17.694734515354149 ], [ 75.537507228730107, 17.6906150655517 ], [ 75.532366804414792, 17.6906150655517 ], [ 75.533438310714715, 17.694734515354149 ] ] ] } },
{ "type": "Feature", "properties": { }, "geometry": { "type": "Polygon", "coordinates": [ [ [ 75.911926858960442, 17.707093081086416 ], [ 75.909771732172075, 17.698854001204406 ], [ 75.904631161992199, 17.698854001204406 ], [ 75.906786142836495, 17.707093081086416 ], [ 75.911926858960442, 17.707093081086416 ] ] ] } },
{ "type": "Feature", "properties": { }, "geometry": { "type": "Polygon", "coordinates": [ [ [ 75.846174604075074, 17.71121267513718 ], [ 75.844020787947102, 17.702973523111993 ], [ 75.838880144805131, 17.702973523111993 ], [ 75.84103381494927, 17.71121267513718 ], [ 75.846174604075074, 17.71121267513718 ] ] ] } },
{ "type": "Feature", "properties": { }, "geometry": { "type": "Polygon", "coordinates": [ [ [ 75.782574421284764, 17.723571673842631 ], [ 75.78149743617827, 17.719451971505773 ], [ 75.776356500989138, 17.719451971505773 ], [ 75.778510618263894, 17.727691412293879 ], [ 75.773369536931838, 17.727691412293879 ], [ 75.77444696228001, 17.731811186869038 ], [ 75.789870425580048, 17.731811186869038 ], [ 75.787715429535425, 17.723571673842631 ], [ 75.782574421284764, 17.723571673842631 ] ] ] } },
{ "type": "Feature", "properties": { }, "geometry": { "type": "Polygon", "coordinates": [ [ [ 75.799582429890165, 17.768890785191484 ], [ 75.789298803409025, 17.768890785191484 ], [ 75.791459962150427, 17.777131094095502 ], [ 75.801743881872824, 17.777131094095502 ], [ 75.800663009059377, 17.773010921529178 ], [ 75.805804895600303, 17.773010921529178 ], [ 75.806885841734015, 17.777131094095502 ], [ 75.817169761456427, 17.777131094095502 ], [ 75.81608866868217, 17.773010921529178 ], [ 75.821230555223096, 17.773010921529178 ], [ 75.81906910417068, 17.764770685072879 ], [ 75.824210844130818, 17.764770685072879 ], [ 75.82097065014645, 17.75241060193645 ], [ 75.810687609669856, 17.75241060193645 ], [ 75.809608278594041, 17.74829064659902 ], [ 75.81989117266906, 17.74829064659902 ], [ 75.816654501299212, 17.735930997577608 ], [ 75.80637204619012, 17.735930997577608 ], [ 75.807450496889146, 17.740050844429121 ], [ 75.802309196193519, 17.740050844429121 ], [ 75.808785624250419, 17.764770685072879 ], [ 75.798502144330129, 17.764770685072879 ], [ 75.799582429890165, 17.768890785191484 ] ] ] } },
{ "type": "Feature", "properties": { }, "geometry": { "type": "Polygon", "coordinates": [ [ [ 75.795263048954965, 17.75241060193645 ], [ 75.797422152344254, 17.760650621163858 ], [ 75.802563819043868, 17.760650621163858 ], [ 75.800404569193262, 17.75241060193645 ], [ 75.795263048954965, 17.75241060193645 ] ] ] } },
{ "type": "Feature", "properties": { }, "geometry": { "type": "Polygon", "coordinates": [ [ [ 75.688879136317297, 17.797732500689882 ], [ 75.686718123873064, 17.789491829261465 ], [ 75.681575943931506, 17.789491829261465 ], [ 75.68265623007305, 17.793612146837543 ], [ 75.672371723389986, 17.793612146837543 ], [ 75.674532882012414, 17.801852890828009 ], [ 75.684817682414959, 17.801852890828009 ], [ 75.683736809555853, 17.797732500689882 ], [ 75.688879136317297, 17.797732500689882 ] ] ] } },
{ "type": "Feature", "properties": { }, "geometry": { "type": "Polygon", "coordinates": [ [ [ 75.757893479940208, 17.805973317261461 ], [ 75.754647776854583, 17.793612146837543 ], [ 75.759790030196115, 17.793612146837543 ], [ 75.758708643054945, 17.789491829261465 ], [ 75.748424283171815, 17.789491829261465 ], [ 75.752751006279155, 17.805973317261461 ], [ 75.757893479940208, 17.805973317261461 ] ] ] } },
{ "type": "Feature", "properties": { }, "geometry": { "type": "Polygon", "coordinates": [ [ [ 75.656944963365376, 17.793612146837543 ], [ 75.658025175748648, 17.797732500689882 ], [ 75.668309829271536, 17.797732500689882 ], [ 75.666149404106832, 17.789491829261465 ], [ 75.661007224165246, 17.789491829261465 ], [ 75.662087216706908, 17.793612146837543 ], [ 75.656944963365376, 17.793612146837543 ] ] ] } },
{ "type": "Feature", "properties": { }, "geometry": { "type": "Polygon", "coordinates": [ [ [ 75.968528222340211, 17.86366310367794 ], [ 75.978815230725218, 17.86366310367794 ], [ 75.977725971094202, 17.859542168108735 ], [ 75.972582540640829, 17.859542168108735 ], [ 75.971493649710851, 17.855421268968385 ], [ 75.966350292976628, 17.855421268968385 ], [ 75.968528222340211, 17.86366310367794 ] ] ] } },
{ "type": "Feature", "properties": { }, "geometry": { "type": "Polygon", "coordinates": [ [ [ 75.596305365134697, 17.876026129054107 ], [ 75.595220755274369, 17.871905084141076 ], [ 75.584933451813029, 17.871905084141076 ], [ 75.586017914075271, 17.876026129054107 ], [ 75.596305365134697, 17.876026129054107 ] ] ] } },
{ "type": "Feature", "properties": { }, "geometry": { "type": "Polygon", "coordinates": [ [ [ 75.784260427331645, 17.92548151517078 ], [ 75.783169774317301, 17.921360032022918 ], [ 75.772880697040549, 17.921360032022918 ], [ 75.773971201976991, 17.92548151517078 ], [ 75.784260427331645, 17.92548151517078 ] ] ] } },
{ "type": "Feature", "properties": { }, "geometry": { "type": "Polygon", "coordinates": [ [ [ 76.047849393341323, 18.218200892548545 ], [ 76.046735008947948, 18.214076788291866 ], [ 76.036435318424751, 18.214076788291866 ], [ 76.037549551887068, 18.218200892548545 ], [ 76.047849393341323, 18.218200892548545 ] ] ] } },
{ "type": "Feature", "properties": { }, "geometry": { "type": "Polygon", "coordinates": [ [ [ 75.735924681336385, 18.226449212859805 ], [ 75.733704228986568, 18.218200892548545 ], [ 75.728554308259447, 18.218200892548545 ], [ 75.730774609617654, 18.226449212859805 ], [ 75.735924681336385, 18.226449212859805 ] ] ] } },
{ "type": "Feature", "properties": { }, "geometry": { "type": "Polygon", "coordinates": [ [ [ 75.622623103524276, 18.226449212859805 ], [ 75.620405972989772, 18.218200892548545 ], [ 75.615256052262637, 18.218200892548545 ], [ 75.617473031805531, 18.226449212859805 ], [ 75.622623103524276, 18.226449212859805 ] ] ] } },
{ "type": "Feature", "properties": { }, "geometry": { "type": "Polygon", "coordinates": [ [ [ 75.715026901922911, 18.263568500832395 ], [ 75.717252979877159, 18.271817642301439 ], [ 75.727554787109895, 18.271817642301439 ], [ 75.725328406283779, 18.263568500832395 ], [ 75.715026901922911, 18.263568500832395 ] ] ] } },
{ "type": "Feature", "properties": { }, "geometry": { "type": "Polygon", "coordinates": [ [ [ 75.968738405728345, 18.32544071062533 ], [ 75.967617857144646, 18.32131563440575 ], [ 75.95731422928354, 18.32131563440575 ], [ 75.958434625885175, 18.32544071062533 ], [ 75.968738405728345, 18.32544071062533 ] ] ] } },
{ "type": "Feature", "properties": { }, "geometry": { "type": "Polygon", "coordinates": [ [ [ 76.135577500015515, 18.651441068727781 ], [ 76.130419542621595, 18.651441068727781 ], [ 76.132711114025184, 18.659697322752518 ], [ 76.137869226676699, 18.659697322752518 ], [ 76.135577500015515, 18.651441068727781 ] ] ] } },
{ "type": "Feature", "properties": { }, "geometry": { "type": "Polygon", "coordinates": [ [ [ 76.044453293931554, 18.713366711478162 ], [ 76.046750810259368, 18.721624116350487 ], [ 76.057069369644196, 18.721624116350487 ], [ 76.05477154157316, 18.713366711478162 ], [ 76.044453293931554, 18.713366711478162 ] ] ] } },
{ "type": "Feature", "properties": { }, "geometry": { "type": "Polygon", "coordinates": [ [ [ 76.105382253606635, 18.820724991774519 ], [ 76.095059940506815, 18.820724991774519 ], [ 76.096216724664615, 18.824854677463406 ], [ 76.106539194682469, 18.824854677463406 ], [ 76.105382253606635, 18.820724991774519 ] ] ] } },
{ "type": "Feature", "properties": { }, "geometry": { "type": "Polygon", "coordinates": [ [ [ 76.170216003731653, 18.977680328340867 ], [ 76.180544308658327, 18.977680328340867 ], [ 76.178207302347857, 18.969418120037918 ], [ 76.167879314264724, 18.969418120037918 ], [ 76.170216003731653, 18.977680328340867 ] ] ] } },
{ "type": "Feature", "properties": { }, "geometry": { "type": "Polygon", "coordinates": [ [ [ 76.224197021169559, 18.98594269284585 ], [ 76.223027122357905, 18.981811491063201 ], [ 76.212698658947502, 18.981811491063201 ], [ 76.21386839923413, 18.98594269284585 ], [ 76.224197021169559, 18.98594269284585 ] ] ] } },
{ "type": "Feature", "properties": { }, "geometry": { "type": "Polygon", "coordinates": [ [ [ 76.208704088266416, 18.98594269284585 ], [ 76.198375466331001, 18.98594269284585 ], [ 76.199545273584363, 18.990073933698614 ], [ 76.209874054086114, 18.990073933698614 ], [ 76.208704088266416, 18.98594269284585 ] ] ] } },
{ "type": "Feature", "properties": { }, "geometry": { "type": "Polygon", "coordinates": [ [ [ 75.739914541256653, 18.990073933698614 ], [ 75.741077595262865, 18.994205213631318 ], [ 75.75657100392695, 18.994205213631318 ], [ 75.755407712009273, 18.990073933698614 ], [ 75.739914541256653, 18.990073933698614 ] ] ] } },
{ "type": "Feature", "properties": { }, "geometry": { "type": "Polygon", "coordinates": [ [ [ 75.773228245537297, 18.998336532653763 ], [ 75.768063696658118, 18.998336532653763 ], [ 75.770392113345537, 19.006599288007152 ], [ 75.775556820935677, 19.006599288007152 ], [ 75.773228245537297, 18.998336532653763 ] ] ] } },
{ "type": "Feature", "properties": { }, "geometry": { "type": "Polygon", "coordinates": [ [ [ 75.771556776488424, 19.01073072435771 ], [ 75.766391989511817, 19.01073072435771 ], [ 75.768722066754208, 19.018993714455657 ], [ 75.763557120942622, 19.018993714455657 ], [ 75.764722535057444, 19.023125268222664 ], [ 75.775052585577598, 19.023125268222664 ], [ 75.77388701256578, 19.018993714455657 ], [ 75.779051958377366, 19.018993714455657 ], [ 75.777886609266048, 19.014862199837282 ], [ 75.772721742882283, 19.014862199837282 ], [ 75.771556776488424, 19.01073072435771 ] ] ] } },
{ "type": "Feature", "properties": { }, "geometry": { "type": "Polygon", "coordinates": [ [ [ 76.170997565906532, 19.180153417603972 ], [ 76.168632703464297, 19.171887359726949 ], [ 76.163464804266027, 19.171887359726949 ], [ 76.16582950625677, 19.180153417603972 ], [ 76.170997565906532, 19.180153417603972 ] ] ] } },
{ "type": "Feature", "properties": { }, "geometry": { "type": "Polygon", "coordinates": [ [ [ 75.78012180899708, 19.204952540325785 ], [ 75.78130034858809, 19.209085865958688 ], [ 75.791637592357418, 19.209085865958688 ], [ 75.79045889200313, 19.204952540325785 ], [ 75.78012180899708, 19.204952540325785 ] ] ] } },
{ "type": "Feature", "properties": { }, "geometry": { "type": "Polygon", "coordinates": [ [ [ 76.217460190095096, 19.5729747233657 ], [ 76.207108635654578, 19.5729747233657 ], [ 76.208319568792973, 19.577111612268396 ], [ 76.218671287719971, 19.577111612268396 ], [ 76.217460190095096, 19.5729747233657 ] ] ] } },
{ "type": "Feature", "properties": { }, "geometry": { "type": "Polygon", "coordinates": [ [ [ 76.226270436509552, 19.585385511534085 ], [ 76.225058636901352, 19.581248541654549 ], [ 76.214706753445739, 19.581248541654549 ], [ 76.215918388483303, 19.585385511534085 ], [ 76.226270436509552, 19.585385511534085 ] ] ] } },
{ "type": "Feature", "properties": { }, "geometry": { "type": "Polygon", "coordinates": [ [ [ 76.408023847204134, 19.622620064296768 ], [ 76.409241470319927, 19.626757439658281 ], [ 76.419595166368694, 19.626757439658281 ], [ 76.418377378261084, 19.622620064296768 ], [ 76.408023847204134, 19.622620064296768 ] ] ] } },
{ "type": "Feature", "properties": { }, "geometry": { "type": "Polygon", "coordinates": [ [ [ 76.372697647780598, 19.643307347234281 ], [ 76.367520469561811, 19.643307347234281 ], [ 76.369957651175795, 19.651582544839847 ], [ 76.37513499461825, 19.651582544839847 ], [ 76.372697647780598, 19.643307347234281 ] ] ] } },
{ "type": "Feature", "properties": { }, "geometry": { "type": "Polygon", "coordinates": [ [ [ 76.385489681503188, 19.651582544839847 ], [ 76.390368770237004, 19.668133428085174 ], [ 76.395546444379946, 19.668133428085174 ], [ 76.390667024945643, 19.651582544839847 ], [ 76.385489681503188, 19.651582544839847 ] ] ] } },
{ "type": "Feature", "properties": { }, "geometry": { "type": "Polygon", "coordinates": [ [ [ 75.989100049004833, 19.887494359255296 ], [ 75.983917961138872, 19.887494359255296 ], [ 75.986377230486013, 19.895774388702829 ], [ 75.991559486073669, 19.895774388702829 ], [ 75.989100049004833, 19.887494359255296 ] ] ] } },
{ "type": "Feature", "properties": { }, "geometry": { "type": "Polygon", "coordinates": [ [ [ 76.053513905354222, 19.999288705821058 ], [ 76.052275720046737, 19.995147636125413 ], [ 76.041907170275081, 19.995147636125413 ], [ 76.043145186775192, 19.999288705821058 ], [ 76.053513905354222, 19.999288705821058 ] ] ] } },
{ "type": "Feature", "properties": { }, "geometry": { "type": "Polygon", "coordinates": [ [ [ 76.078985759877114, 20.032418758404201 ], [ 76.077744816854477, 20.02827735638833 ], [ 76.067374915429141, 20.02827735638833 ], [ 76.068615689303016, 20.032418758404201 ], [ 76.078985759877114, 20.032418758404201 ] ] ] } },
{ "type": "Feature", "properties": { }, "geometry": { "type": "Polygon", "coordinates": [ [ [ 76.037505477580694, 20.032418758404201 ], [ 76.032320442293639, 20.032418758404201 ], [ 76.034801745221415, 20.040701687202098 ], [ 76.039986949721296, 20.040701687202098 ], [ 76.037505477580694, 20.032418758404201 ] ] ] } },
{ "type": "Feature", "properties": { }, "geometry": { "type": "Polygon", "coordinates": [ [ [ 76.575383823629465, 20.164965635013111 ], [ 76.57286715848673, 20.156680201408285 ], [ 76.567679576027899, 20.156680201408285 ], [ 76.5701960706741, 20.164965635013111 ], [ 76.575383823629465, 20.164965635013111 ] ] ] } },
{ "type": "Feature", "properties": { }, "geometry": { "type": "Polygon", "coordinates": [ [ [ 76.40386789428247, 20.198109046577748 ], [ 76.393491022683733, 20.198109046577748 ], [ 76.394749201711718, 20.202252161869108 ], [ 76.405126244214557, 20.202252161869108 ], [ 76.40386789428247, 20.198109046577748 ] ] ] } },
{ "type": "Feature", "properties": { }, "geometry": { "type": "Polygon", "coordinates": [ [ [ 76.274379021293541, 20.318276478826718 ], [ 76.263997176022571, 20.318276478826718 ], [ 76.262732884224178, 20.31413218372008 ], [ 76.257542047642943, 20.31413218372008 ], [ 76.260070775704932, 20.322420816216699 ], [ 76.275643801838768, 20.322420816216699 ], [ 76.274379021293541, 20.318276478826718 ] ] ] } },
{ "type": "Feature", "properties": { }, "geometry": { "type": "Polygon", "coordinates": [ [ [ 76.623438655044069, 20.674845118859864 ], [ 76.622142757032321, 20.670697150153909 ], [ 76.611746124410828, 20.670697150153909 ], [ 76.614337890117582, 20.678993130726628 ], [ 76.62993336662494, 20.678993130726628 ], [ 76.628637059273075, 20.674845118859864 ], [ 76.623438655044069, 20.674845118859864 ] ] ] } },
{ "type": "Feature", "properties": { }, "geometry": { "type": "Polygon", "coordinates": [ [ [ 76.814493429549117, 20.720475625495158 ], [ 76.813190996305437, 20.716327181456172 ], [ 76.802792427082039, 20.716327181456172 ], [ 76.80149049269923, 20.712178780680574 ], [ 76.796291296224027, 20.712178780680574 ], [ 76.794989772455423, 20.708030423158107 ], [ 76.789790664094852, 20.708030423158107 ], [ 76.792393857858627, 20.716327181456172 ], [ 76.787194573246936, 20.716327181456172 ], [ 76.788496565699063, 20.720475625495158 ], [ 76.798895311239079, 20.720475625495158 ], [ 76.800197802574999, 20.724624112807799 ], [ 76.810596724475317, 20.724624112807799 ], [ 76.809294056779095, 20.720475625495158 ], [ 76.814493429549117, 20.720475625495158 ] ] ] } },
{ "type": "Feature", "properties": { }, "geometry": { "type": "Polygon", "coordinates": [ [ [ 76.519426911266535, 20.724624112807799 ], [ 76.523322028863532, 20.737069834490367 ], [ 76.533721480106848, 20.737069834490367 ], [ 76.536320186042559, 20.745367198835272 ], [ 76.54152008822112, 20.745367198835272 ], [ 76.540220486136548, 20.741218495000325 ], [ 76.545420300025754, 20.741218495000325 ], [ 76.542821884328305, 20.732921217295146 ], [ 76.548021521704285, 20.732921217295146 ], [ 76.546722708067648, 20.72877264340438 ], [ 76.551922257219786, 20.72877264340438 ], [ 76.54932541827867, 20.720475625495158 ], [ 76.533727299968646, 20.720475625495158 ], [ 76.535025294116991, 20.724624112807799 ], [ 76.519426911266535, 20.724624112807799 ] ] ] } },
{ "type": "Feature", "properties": { }, "geometry": { "type": "Polygon", "coordinates": [ [ [ 76.577920002980534, 20.72877264340438 ], [ 76.575322282128738, 20.720475625495158 ], [ 76.570122909358716, 20.720475625495158 ], [ 76.572720453828381, 20.72877264340438 ], [ 76.577920002980534, 20.72877264340438 ] ] ] } },
{ "type": "Feature", "properties": { }, "geometry": { "type": "Polygon", "coordinates": [ [ [ 76.568820071208208, 20.732921217295146 ], [ 76.567520904676229, 20.72877264340438 ], [ 76.557121806371939, 20.72877264340438 ], [ 76.558420796456247, 20.732921217295146 ], [ 76.568820071208208, 20.732921217295146 ] ] ] } },
{ "type": "Feature", "properties": { }, "geometry": { "type": "Polygon", "coordinates": [ [ [ 76.499929823350868, 20.795155027944745 ], [ 76.498627331730589, 20.791005803408275 ], [ 76.488225582120592, 20.791005803408275 ], [ 76.489527896637142, 20.795155027944745 ], [ 76.499929823350868, 20.795155027944745 ] ] ] } },
{ "type": "Feature", "properties": { }, "geometry": { "type": "Polygon", "coordinates": [ [ [ 76.719676818074333, 20.799304295939837 ], [ 76.709274714213095, 20.799304295939837 ], [ 76.711888396248355, 20.807602962347037 ], [ 76.722290854535984, 20.807602962347037 ], [ 76.719676818074333, 20.799304295939837 ] ] ] } },
{ "type": "Feature", "properties": { }, "geometry": { "type": "Polygon", "coordinates": [ [ [ 76.480745172964745, 20.965310770037288 ], [ 76.479430694037887, 20.961159755249636 ], [ 76.469021647205835, 20.961159755249636 ], [ 76.470335947228719, 20.965310770037288 ], [ 76.480745172964745, 20.965310770037288 ] ] ] } },
{ "type": "Feature", "properties": { }, "geometry": { "type": "Polygon", "coordinates": [ [ [ 76.514799474886615, 21.023429589309604 ], [ 76.504387739868463, 21.023429589309604 ], [ 76.505707166743463, 21.027581263403128 ], [ 76.516119081326778, 21.027581263403128 ], [ 76.514799474886615, 21.023429589309604 ] ] ] } },
{ "type": "Feature", "properties": { }, "geometry": { "type": "Polygon", "coordinates": [ [ [ 76.058943179951157, 17.521748543608137 ], [ 76.048668276787325, 17.521748543608137 ], [ 76.049735699668162, 17.525866523625158 ], [ 76.054873223359607, 17.525866523625158 ], [ 76.057009091743453, 17.534102590645002 ], [ 76.062146759713286, 17.534102590645002 ], [ 76.058943179951157, 17.521748543608137 ] ] ] } },
{ "type": "Feature", "properties": { }, "geometry": { "type": "Polygon", "coordinates": [ [ [ 76.039663552701185, 17.546456958781349 ], [ 76.037526504651126, 17.538220677666768 ], [ 76.042664244789819, 17.538220677666768 ], [ 76.041596087833966, 17.534102590645002 ], [ 76.0467337558038, 17.534102590645002 ], [ 76.043530825205409, 17.521748543608137 ], [ 76.038393373623492, 17.521748543608137 ], [ 76.039460652285285, 17.525866523625158 ], [ 76.03432312859384, 17.525866523625158 ], [ 76.035390627856529, 17.529984539300955 ], [ 76.030253032035787, 17.529984539300955 ], [ 76.034525668165415, 17.546456958781349 ], [ 76.039663552701185, 17.546456958781349 ] ] ] } },
{ "type": "Feature", "properties": { }, "geometry": { "type": "Polygon", "coordinates": [ [ [ 75.988284707343354, 17.546456958781349 ], [ 75.972871053736, 17.546456958781349 ], [ 75.976076004846206, 17.558811648272954 ], [ 75.991490308685741, 17.558811648272954 ], [ 75.988284707343354, 17.546456958781349 ] ] ] } },
{ "type": "Feature", "properties": { }, "geometry": { "type": "Polygon", "coordinates": [ [ [ 75.995559511174491, 17.554693382720487 ], [ 75.998767086007277, 17.567048286591064 ], [ 76.009043577757012, 17.567048286591064 ], [ 76.005835569198553, 17.554693382720487 ], [ 75.995559511174491, 17.554693382720487 ] ] ] } },
{ "type": "Feature", "properties": { }, "geometry": { "type": "Polygon", "coordinates": [ [ [ 75.951877756758762, 17.604114929917106 ], [ 75.94673885922586, 17.604114929917106 ], [ 75.947810403932536, 17.60823362491012 ], [ 75.937532463855675, 17.60823362491012 ], [ 75.939676142119581, 17.616471122450715 ], [ 75.949954372337501, 17.616471122450715 ], [ 75.948882241624858, 17.612352355751497 ], [ 75.954021284188642, 17.612352355751497 ], [ 75.951877756758762, 17.604114929917106 ] ] ] } },
{ "type": "Feature", "properties": { }, "geometry": { "type": "Polygon", "coordinates": [ [ [ 75.919343075492719, 17.637065494146754 ], [ 75.929622031757432, 17.637065494146754 ], [ 75.927475858626593, 17.628827637790387 ], [ 75.922336525763114, 17.628827637790387 ], [ 75.923409393156732, 17.632946548015916 ], [ 75.918269987668722, 17.632946548015916 ], [ 75.919343075492719, 17.637065494146754 ] ] ] } },
{ "type": "Feature", "properties": { }, "geometry": { "type": "Polygon", "coordinates": [ [ [ 75.930927672949338, 17.661779925474963 ], [ 75.925787758534128, 17.661779925474963 ], [ 75.929014059110102, 17.674137626629953 ], [ 75.939294324759402, 17.674137626629953 ], [ 75.937142873111938, 17.665899123208838 ], [ 75.942282860310442, 17.665899123208838 ], [ 75.941207501779743, 17.661779925474963 ], [ 75.946347416194953, 17.661779925474963 ], [ 75.943122882379114, 17.649422548066049 ], [ 75.948262578563558, 17.649422548066049 ], [ 75.947188247847166, 17.645303494162324 ], [ 75.936909000886018, 17.645303494162324 ], [ 75.937983186194643, 17.649422548066049 ], [ 75.932843490010185, 17.649422548066049 ], [ 75.933917895848452, 17.653541637913065 ], [ 75.928778126940259, 17.653541637913065 ], [ 75.930927672949338, 17.661779925474963 ] ] ] } },
{ "type": "Feature", "properties": { }, "geometry": { "type": "Polygon", "coordinates": [ [ [ 75.97419887224342, 17.670018356924004 ], [ 75.976351930401719, 17.678256932336193 ], [ 75.981492136069235, 17.678256932336193 ], [ 75.979338932245071, 17.670018356924004 ], [ 75.97419887224342, 17.670018356924004 ] ] ] } },
{ "type": "Feature", "properties": { }, "geometry": { "type": "Polygon", "coordinates": [ [ [ 75.974443295532126, 17.6906150655517 ], [ 75.977677509638241, 17.702973523111993 ], [ 75.982818152780197, 17.702973523111993 ], [ 75.97958371984744, 17.6906150655517 ], [ 75.974443295532126, 17.6906150655517 ] ] ] } },
{ "type": "Feature", "properties": { }, "geometry": { "type": "Polygon", "coordinates": [ [ [ 75.961177433970832, 17.698854001204406 ], [ 75.959022022586154, 17.6906150655517 ], [ 75.953881598270854, 17.6906150655517 ], [ 75.95603686379097, 17.698854001204406 ], [ 75.961177433970832, 17.698854001204406 ] ] ] } },
{ "type": "Feature", "properties": { }, "geometry": { "type": "Polygon", "coordinates": [ [ [ 76.360436526622124, 17.98318612466818 ], [ 76.362643185402973, 17.991430227147863 ], [ 76.37293478544953, 17.991430227147863 ], [ 76.369624797377284, 17.979064128506529 ], [ 76.364479220371976, 17.979064128506529 ], [ 76.365582177946706, 17.98318612466818 ], [ 76.360436526622124, 17.98318612466818 ] ] ] } },
{ "type": "Feature", "properties": { }, "geometry": { "type": "Polygon", "coordinates": [ [ [ 76.064540883809713, 18.012041126372711 ], [ 76.066742918827558, 18.02028574347402 ], [ 76.071889239927827, 18.02028574347402 ], [ 76.070787999661476, 18.016163416527259 ], [ 76.075934246262008, 18.016163416527259 ], [ 76.072632081153273, 18.003796656401924 ], [ 76.062340034709962, 18.003796656401924 ], [ 76.063440311038008, 18.007918873000794 ], [ 76.058294213376769, 18.007918873000794 ], [ 76.059394711688867, 18.012041126372711 ], [ 76.064540883809713, 18.012041126372711 ] ] ] } },
{ "type": "Feature", "properties": { }, "geometry": { "type": "Polygon", "coordinates": [ [ [ 76.181097390690724, 18.082125069257398 ], [ 76.182204727189273, 18.086247986183075 ], [ 76.192499758842018, 18.086247986183075 ], [ 76.191392272701378, 18.082125069257398 ], [ 76.181097390690724, 18.082125069257398 ] ] ] } },
{ "type": "Feature", "properties": { }, "geometry": { "type": "Polygon", "coordinates": [ [ [ 76.154735878255593, 18.156343235899183 ], [ 76.144438296532044, 18.156343235899183 ], [ 76.14555016670846, 18.160466819487528 ], [ 76.155847898798513, 18.160466819487528 ], [ 76.154735878255593, 18.156343235899183 ] ] ] } },
{ "type": "Feature", "properties": { }, "geometry": { "type": "Polygon", "coordinates": [ [ [ 76.461419000305114, 18.374944554063863 ], [ 76.465946901897155, 18.391447038521779 ], [ 76.46079379336399, 18.391447038521779 ], [ 76.464192650931196, 18.403824297344439 ], [ 76.469345988531842, 18.403824297344439 ], [ 76.470479619596929, 18.407950125666261 ], [ 76.475633033593979, 18.407950125666261 ], [ 76.474499326132502, 18.403824297344439 ], [ 76.479652663733148, 18.403824297344439 ], [ 76.477385999456544, 18.395572753781863 ], [ 76.482539184325248, 18.395572753781863 ], [ 76.48367244225858, 18.399698506719531 ], [ 76.488825703483116, 18.399698506719531 ], [ 76.489959338934455, 18.403824297344439 ], [ 76.495112676535115, 18.403824297344439 ], [ 76.496246689582236, 18.407950125666261 ], [ 76.5014001035793, 18.407950125666261 ], [ 76.500266014135761, 18.403824297344439 ], [ 76.505419351736407, 18.403824297344439 ], [ 76.500885700607256, 18.387321360929601 ], [ 76.506038732825147, 18.387321360929601 ], [ 76.504905996619684, 18.383195720995662 ], [ 76.48429417292796, 18.383195720995662 ], [ 76.483162042915964, 18.379070118710306 ], [ 76.49346780221245, 18.379070118710306 ], [ 76.492335820668075, 18.374944554063863 ], [ 76.487183017274248, 18.374944554063863 ], [ 76.483789107013706, 18.362568085861387 ], [ 76.47863653226149, 18.362568085861387 ], [ 76.479767458590274, 18.366693537649066 ], [ 76.474614807644457, 18.366693537649066 ], [ 76.475745958624543, 18.370819027046668 ], [ 76.480898685784226, 18.370819027046668 ], [ 76.482030213880421, 18.374944554063863 ], [ 76.461419000305114, 18.374944554063863 ] ] ] } },
{ "type": "Feature", "properties": { }, "geometry": { "type": "Polygon", "coordinates": [ [ [ 76.512228866982596, 18.428579833067587 ], [ 76.509957823029865, 18.42032783690993 ], [ 76.504804179721802, 18.42032783690993 ], [ 76.507075070699003, 18.428579833067587 ], [ 76.512228866982596, 18.428579833067587 ] ] ] } },
{ "type": "Feature", "properties": { }, "geometry": { "type": "Polygon", "coordinates": [ [ [ 76.236531558855489, 18.531742552384816 ], [ 76.238809817807166, 18.539996593846389 ], [ 76.249121556630655, 18.539996593846389 ], [ 76.246842989531345, 18.531742552384816 ], [ 76.236531558855489, 18.531742552384816 ] ] ] } },
{ "type": "Feature", "properties": { }, "geometry": { "type": "Polygon", "coordinates": [ [ [ 76.549402164276046, 18.857893556574894 ], [ 76.533916574012324, 18.857893556574894 ], [ 76.535082614235023, 18.862023590810491 ], [ 76.540244556300351, 18.862023590810491 ], [ 76.541410980265539, 18.866153663822374 ], [ 76.551735021725548, 18.866153663822374 ], [ 76.549402164276046, 18.857893556574894 ] ] ] } },
{ "type": "Feature", "properties": { }, "geometry": { "type": "Polygon", "coordinates": [ [ [ 76.555431879586422, 18.915717568076623 ], [ 76.554261791425958, 18.911587028986123 ], [ 76.559424678826076, 18.911587028986123 ], [ 76.55708526139199, 18.903326067476481 ], [ 76.546759802115247, 18.903326067476481 ], [ 76.545590709375887, 18.899195645037764 ], [ 76.540428058587494, 18.899195645037764 ], [ 76.539259350103151, 18.895065261463383 ], [ 76.534096778144132, 18.895065261463383 ], [ 76.538773129225618, 18.911587028986123 ], [ 76.543936016625722, 18.911587028986123 ], [ 76.546276182859486, 18.919848146070628 ], [ 76.551439228103789, 18.919848146070628 ], [ 76.550268913274522, 18.915717568076623 ], [ 76.555431879586422, 18.915717568076623 ] ] ] } },
{ "type": "Feature", "properties": { }, "geometry": { "type": "Polygon", "coordinates": [ [ [ 76.480326109790184, 18.923978762977942 ], [ 76.477987384907919, 18.915717568076623 ], [ 76.472824418596019, 18.915717568076623 ], [ 76.475162985592888, 18.923978762977942 ], [ 76.480326109790184, 18.923978762977942 ] ] ] } },
{ "type": "Feature", "properties": { }, "geometry": { "type": "Polygon", "coordinates": [ [ [ 76.61292051698257, 18.936370847277605 ], [ 76.610576009539344, 18.928109418808337 ], [ 76.60541280636842, 18.928109418808337 ], [ 76.607757155802545, 18.936370847277605 ], [ 76.61292051698257, 18.936370847277605 ] ] ] } },
{ "type": "Feature", "properties": { }, "geometry": { "type": "Polygon", "coordinates": [ [ [ 76.581251204996647, 19.006599288007152 ], [ 76.582428331816601, 19.01073072435771 ], [ 76.59275790576983, 19.01073072435771 ], [ 76.590403641082531, 19.002467890775772 ], [ 76.58523901285821, 19.002467890775772 ], [ 76.586415912586787, 19.006599288007152 ], [ 76.581251204996647, 19.006599288007152 ] ] ] } },
{ "type": "Feature", "properties": { }, "geometry": { "type": "Polygon", "coordinates": [ [ [ 76.45330865740128, 19.01073072435771 ], [ 76.448143870424673, 19.01073072435771 ], [ 76.450494913883105, 19.018993714455657 ], [ 76.455659859694677, 19.018993714455657 ], [ 76.45330865740128, 19.01073072435771 ] ] ] } },
{ "type": "Feature", "properties": { }, "geometry": { "type": "Polygon", "coordinates": [ [ [ 76.755812805218838, 19.254555063779449 ], [ 76.752223063992062, 19.242153897498699 ], [ 76.736715266931768, 19.242153897498699 ], [ 76.739107635085873, 19.250421301989128 ], [ 76.749446488776726, 19.250421301989128 ], [ 76.750643297762849, 19.254555063779449 ], [ 76.755812805218838, 19.254555063779449 ] ] ] } },
{ "type": "Feature", "properties": { }, "geometry": { "type": "Polygon", "coordinates": [ [ [ 76.496164362969438, 19.304163305461707 ], [ 76.497360989094759, 19.308297584251523 ], [ 76.492190431805085, 19.308297584251523 ], [ 76.493387285683269, 19.31243190287973 ], [ 76.508899200259449, 19.31243190287973 ], [ 76.507702103674077, 19.308297584251523 ], [ 76.502531546384418, 19.308297584251523 ], [ 76.501334839377577, 19.304163305461707 ], [ 76.496164362969438, 19.304163305461707 ] ] ] } },
{ "type": "Feature", "properties": { }, "geometry": { "type": "Polygon", "coordinates": [ [ [ 76.516088264646442, 19.33723865180907 ], [ 76.521259388691149, 19.33723865180907 ], [ 76.517663223621412, 19.324835097893597 ], [ 76.512492342596971, 19.324835097893597 ], [ 76.516088264646442, 19.33723865180907 ] ] ] } },
{ "type": "Feature", "properties": { }, "geometry": { "type": "Polygon", "coordinates": [ [ [ 76.432708202335789, 19.424073600916181 ], [ 76.422362541430488, 19.424073600916181 ], [ 76.423566423587076, 19.428209039038549 ], [ 76.433912247467688, 19.428209039038549 ], [ 76.432708202335789, 19.424073600916181 ] ] ] } },
{ "type": "Feature", "properties": { }, "geometry": { "type": "Polygon", "coordinates": [ [ [ 76.428385046412274, 19.444751192883565 ], [ 76.427179926495555, 19.440615594199137 ], [ 76.432353083024452, 19.440615594199137 ], [ 76.431148191057758, 19.436480035670108 ], [ 76.420802041100913, 19.436480035670108 ], [ 76.423211808311962, 19.444751192883565 ], [ 76.428385046412274, 19.444751192883565 ] ] ] } },
{ "type": "Feature", "properties": { }, "geometry": { "type": "Polygon", "coordinates": [ [ [ 76.443555751081888, 19.46129398937374 ], [ 76.444762582458665, 19.465429788984036 ], [ 76.455109875002194, 19.465429788984036 ], [ 76.452696195329906, 19.457158229968478 ], [ 76.447522712389613, 19.457158229968478 ], [ 76.44872931567744, 19.46129398937374 ], [ 76.443555751081888, 19.46129398937374 ] ] ] } },
{ "type": "Feature", "properties": { }, "geometry": { "type": "Polygon", "coordinates": [ [ [ 76.420101083775279, 19.469565628809285 ], [ 76.421308126170928, 19.473701508859421 ], [ 76.431655745545115, 19.473701508859421 ], [ 76.429241643643337, 19.465429788984036 ], [ 76.424067997371566, 19.465429788984036 ], [ 76.425274811744231, 19.469565628809285 ], [ 76.420101083775279, 19.469565628809285 ] ] ] } },
{ "type": "Feature", "properties": { }, "geometry": { "type": "Polygon", "coordinates": [ [ [ 76.436829555232222, 19.473701508859421 ], [ 76.438037152605801, 19.477837429144376 ], [ 76.448384935458236, 19.477837429144376 ], [ 76.447177174606423, 19.473701508859421 ], [ 76.436829555232222, 19.473701508859421 ] ] ] } },
{ "type": "Feature", "properties": { }, "geometry": { "type": "Polygon", "coordinates": [ [ [ 76.699728132430081, 19.593659572813223 ], [ 76.703389738081853, 19.606070968681454 ], [ 76.708566173837369, 19.606070968681454 ], [ 76.704904321077009, 19.593659572813223 ], [ 76.699728132430081, 19.593659572813223 ] ] ] } },
{ "type": "Feature", "properties": { }, "geometry": { "type": "Polygon", "coordinates": [ [ [ 76.965730498600465, 20.169108414673076 ], [ 76.955354822128896, 20.169108414673076 ], [ 76.956620172985438, 20.173251236251552 ], [ 76.966996020060748, 20.173251236251552 ], [ 76.965730498600465, 20.169108414673076 ] ] ] } },
{ "type": "Feature", "properties": { }, "geometry": { "type": "Polygon", "coordinates": [ [ [ 77.079581513067239, 20.571158822816798 ], [ 77.069189087456394, 20.571158822816798 ], [ 77.070485325594902, 20.575305758736189 ], [ 77.080877925997498, 20.575305758736189 ], [ 77.079581513067239, 20.571158822816798 ] ] ] } },
{ "type": "Feature", "properties": { }, "geometry": { "type": "Polygon", "coordinates": [ [ [ 77.052314986056317, 20.683141185764459 ], [ 77.047116405925294, 20.683141185764459 ], [ 77.049724707277946, 20.691437425394327 ], [ 77.054923463398211, 20.691437425394327 ], [ 77.056228187097332, 20.69558561000688 ], [ 77.06662587539256, 20.69558561000688 ], [ 77.067931098601846, 20.699733837831523 ], [ 77.078328962995414, 20.699733837831523 ], [ 77.077023563687789, 20.69558561000688 ], [ 77.082222407835403, 20.69558561000688 ], [ 77.079612403639828, 20.687289283983606 ], [ 77.074413735525084, 20.687289283983606 ], [ 77.07310930658042, 20.683141185764459 ], [ 77.078307886711443, 20.683141185764459 ], [ 77.073093052415956, 20.666549224598512 ], [ 77.067894824001698, 20.666549224598512 ], [ 77.066592011433329, 20.662401342183426 ], [ 77.061393870893767, 20.662401342183426 ], [ 77.06269659558744, 20.666549224598512 ], [ 77.057498367173196, 20.666549224598512 ], [ 77.058801327134375, 20.670697150153909 ], [ 77.053603010823664, 20.670697150153909 ], [ 77.054906206053488, 20.674845118859864 ], [ 77.044509397595419, 20.674845118859864 ], [ 77.045812740154872, 20.678993130726628 ], [ 77.051011232324001, 20.678993130726628 ], [ 77.052314986056317, 20.683141185764459 ] ] ] } },
{ "type": "Feature", "properties": { }, "geometry": { "type": "Polygon", "coordinates": [ [ [ 77.028929682796857, 20.691437425394327 ], [ 77.039327195037401, 20.691437425394327 ], [ 77.038023058721905, 20.687289283983606 ], [ 77.043221726836649, 20.687289283983606 ], [ 77.041917825794258, 20.683141185764459 ], [ 77.047116405925294, 20.683141185764459 ], [ 77.045812740154872, 20.678993130726628 ], [ 77.025018771478386, 20.678993130726628 ], [ 77.028929682796857, 20.691437425394327 ] ] ] } },
{ "type": "Feature", "properties": { }, "geometry": { "type": "Polygon", "coordinates": [ [ [ 77.110828807453572, 20.703882108878506 ], [ 77.105629787185819, 20.703882108878506 ], [ 77.108243084737396, 20.712178780680574 ], [ 77.113442281212613, 20.712178780680574 ], [ 77.110828807453572, 20.703882108878506 ] ] ] } },
{ "type": "Feature", "properties": { }, "geometry": { "type": "Polygon", "coordinates": [ [ [ 77.18234020373599, 20.716327181456172 ], [ 77.171941634512592, 20.716327181456172 ], [ 77.173250150679692, 20.720475625495158 ], [ 77.183648896219708, 20.720475625495158 ], [ 77.18234020373599, 20.716327181456172 ] ] ] } },
{ "type": "Feature", "properties": { }, "geometry": { "type": "Polygon", "coordinates": [ [ [ 76.824892175089133, 20.720475625495158 ], [ 76.814493429549117, 20.720475625495158 ], [ 76.815796185425469, 20.724624112807799 ], [ 76.826195107325788, 20.724624112807799 ], [ 76.824892175089133, 20.720475625495158 ] ] ] } },
{ "type": "Feature", "properties": { }, "geometry": { "type": "Polygon", "coordinates": [ [ [ 77.008203736163892, 20.741218495000325 ], [ 77.003003922274701, 20.741218495000325 ], [ 77.004311382114508, 20.745367198835272 ], [ 76.999111479935934, 20.745367198835272 ], [ 77.000419175130872, 20.749515946005506 ], [ 77.010819156110514, 20.749515946005506 ], [ 77.008203736163892, 20.741218495000325 ] ] ] } },
{ "type": "Feature", "properties": { }, "geometry": { "type": "Polygon", "coordinates": [ [ [ 77.006927272838212, 20.753664736521269 ], [ 76.996527115192379, 20.753664736521269 ], [ 76.997835369456283, 20.757813570392855 ], [ 77.008235703812048, 20.757813570392855 ], [ 77.006927272838212, 20.753664736521269 ] ] ] } },
{ "type": "Feature", "properties": { }, "geometry": { "type": "Polygon", "coordinates": [ [ [ 76.346325606140539, 17.38175837244146 ], [ 76.345263766359466, 17.377641634522178 ], [ 76.334993885978193, 17.377641634522178 ], [ 76.336055582921759, 17.38175837244146 ], [ 76.346325606140539, 17.38175837244146 ] ] ] } },
{ "type": "Feature", "properties": { }, "geometry": { "type": "Polygon", "coordinates": [ [ [ 76.776448588095732, 17.826575994192162 ], [ 76.76616290557763, 17.826575994192162 ], [ 76.768359814561975, 17.834817319365374 ], [ 76.778645791437739, 17.834817319365374 ], [ 76.776448588095732, 17.826575994192162 ] ] ] } },
{ "type": "Feature", "properties": { }, "geometry": { "type": "Polygon", "coordinates": [ [ [ 76.989020256958767, 18.251195068870032 ], [ 76.991282078751709, 18.259443986155755 ], [ 76.996432755244484, 18.259443986155755 ], [ 76.994170782136862, 18.251195068870032 ], [ 76.989020256958767, 18.251195068870032 ] ] ] } },
{ "type": "Feature", "properties": { }, "geometry": { "type": "Polygon", "coordinates": [ [ [ 76.805611196757624, 18.333690975614228 ], [ 76.806744961433026, 18.337816164402863 ], [ 76.822201315481536, 18.337816164402863 ], [ 76.821067322650805, 18.333690975614228 ], [ 76.805611196757624, 18.333690975614228 ] ] ] } },
{ "type": "Feature", "properties": { }, "geometry": { "type": "Polygon", "coordinates": [ [ [ 76.863418259610867, 18.337816164402863 ], [ 76.858266141594711, 18.337816164402863 ], [ 76.86053609839287, 18.346066654616745 ], [ 76.865688368573345, 18.346066654616745 ], [ 76.863418259610867, 18.337816164402863 ] ] ] } },
{ "type": "Feature", "properties": { }, "geometry": { "type": "Polygon", "coordinates": [ [ [ 76.631981545517647, 18.395572753781863 ], [ 76.628576938770109, 18.383195720995662 ], [ 76.623423982847186, 18.383195720995662 ], [ 76.624558473837027, 18.387321360929601 ], [ 76.614252409401217, 18.387321360929601 ], [ 76.615387049358887, 18.391447038521779 ], [ 76.620540157892052, 18.391447038521779 ], [ 76.621675175780254, 18.395572753781863 ], [ 76.631981545517647, 18.395572753781863 ] ] ] } },
{ "type": "Feature", "properties": { }, "geometry": { "type": "Polygon", "coordinates": [ [ [ 76.522013759567542, 18.407950125666261 ], [ 76.519745270830299, 18.399698506719531 ], [ 76.514592009605764, 18.399698506719531 ], [ 76.516860345570478, 18.407950125666261 ], [ 76.522013759567542, 18.407950125666261 ] ] ] } },
{ "type": "Feature", "properties": { }, "geometry": { "type": "Polygon", "coordinates": [ [ [ 76.526032702139005, 18.403824297344439 ], [ 76.530572396262158, 18.42032783690993 ], [ 76.525418752954081, 18.42032783690993 ], [ 76.526554353640066, 18.424453816116124 ], [ 76.547169232782792, 18.424453816116124 ], [ 76.544897721141268, 18.41620189543934 ], [ 76.550051287992034, 18.41620189543934 ], [ 76.548915908023915, 18.412075991694675 ], [ 76.543762417610154, 18.412075991694675 ], [ 76.542627415555799, 18.407950125666261 ], [ 76.532320587561657, 18.407950125666261 ], [ 76.531186039739652, 18.403824297344439 ], [ 76.526032702139005, 18.403824297344439 ] ] ] } },
{ "type": "Feature", "properties": { }, "geometry": { "type": "Polygon", "coordinates": [ [ [ 77.092319516842409, 18.42032783690993 ], [ 77.093463530065122, 18.424453816116124 ], [ 77.103770969636486, 18.424453816116124 ], [ 77.101482941024599, 18.41620189543934 ], [ 77.106636507875379, 18.41620189543934 ], [ 77.104349541235507, 18.407950125666261 ], [ 77.094042713241379, 18.407950125666261 ], [ 77.092899838210556, 18.403824297344439 ], [ 77.08259316300925, 18.403824297344439 ], [ 77.083735885247251, 18.407950125666261 ], [ 77.078582471250186, 18.407950125666261 ], [ 77.080868673621524, 18.41620189543934 ], [ 77.086022240472289, 18.41620189543934 ], [ 77.087165873534346, 18.42032783690993 ], [ 77.092319516842409, 18.42032783690993 ] ] ] } },
{ "type": "Feature", "properties": { }, "geometry": { "type": "Polygon", "coordinates": [ [ [ 76.858644949867795, 18.506981339621127 ], [ 76.848334442657304, 18.506981339621127 ], [ 76.849480843305855, 18.511108113511117 ], [ 76.844325512796061, 18.511108113511117 ], [ 76.845472139993319, 18.515234925349766 ], [ 76.860938362297404, 18.515234925349766 ], [ 76.858644949867795, 18.506981339621127 ] ] ] } },
{ "type": "Feature", "properties": { }, "geometry": { "type": "Polygon", "coordinates": [ [ [ 77.56734733958379, 18.552377941187078 ], [ 77.568507647138333, 18.556505133045665 ], [ 77.578820002746241, 18.556505133045665 ], [ 77.577659540934462, 18.552377941187078 ], [ 77.56734733958379, 18.552377941187078 ] ] ] } },
{ "type": "Feature", "properties": { }, "geometry": { "type": "Polygon", "coordinates": [ [ [ 76.964956229316371, 18.812465736422606 ], [ 76.962618286722162, 18.804206635706759 ], [ 76.95745744380288, 18.804206635706759 ], [ 76.959795229622884, 18.812465736422606 ], [ 76.964956229316371, 18.812465736422606 ] ] ] } },
{ "type": "Feature", "properties": { }, "geometry": { "type": "Polygon", "coordinates": [ [ [ 76.732618069096404, 18.903326067476481 ], [ 76.722292609819675, 18.903326067476481 ], [ 76.723464689622887, 18.907456528789339 ], [ 76.733790306640756, 18.907456528789339 ], [ 76.732618069096404, 18.903326067476481 ] ] ] } },
{ "type": "Feature", "properties": { }, "geometry": { "type": "Polygon", "coordinates": [ [ [ 77.502204946754517, 18.940501619936057 ], [ 77.491878066323494, 18.940501619936057 ], [ 77.493064524606723, 18.944632431556798 ], [ 77.503391563149961, 18.944632431556798 ], [ 77.502204946754517, 18.940501619936057 ] ] ] } },
{ "type": "Feature", "properties": { }, "geometry": { "type": "Polygon", "coordinates": [ [ [ 76.840377028207385, 18.973549204669041 ], [ 76.841555823965493, 18.977680328340867 ], [ 76.851884128892166, 18.977680328340867 ], [ 76.85070517469164, 18.973549204669041 ], [ 76.840377028207385, 18.973549204669041 ] ] ] } },
{ "type": "Feature", "properties": { }, "geometry": { "type": "Polygon", "coordinates": [ [ [ 76.953110151486356, 19.006599288007152 ], [ 76.942780736306077, 19.006599288007152 ], [ 76.943963420179486, 19.01073072435771 ], [ 76.954292994132715, 19.01073072435771 ], [ 76.953110151486356, 19.006599288007152 ] ] ] } },
{ "type": "Feature", "properties": { }, "geometry": { "type": "Polygon", "coordinates": [ [ [ 77.3106421676937, 19.064442961228142 ], [ 77.308258263981728, 19.056179108887974 ], [ 77.297926940796344, 19.056179108887974 ], [ 77.300310525928111, 19.064442961228142 ], [ 77.3106421676937, 19.064442961228142 ] ] ] } },
{ "type": "Feature", "properties": { }, "geometry": { "type": "Polygon", "coordinates": [ [ [ 77.30666868376467, 19.06857494627835 ], [ 77.31144113078976, 19.085103279242684 ], [ 77.316607350260185, 19.085103279242684 ], [ 77.311834584323563, 19.06857494627835 ], [ 77.30666868376467, 19.06857494627835 ] ] ] } },
{ "type": "Feature", "properties": { }, "geometry": { "type": "Polygon", "coordinates": [ [ [ 77.36190895118736, 19.080971137067408 ], [ 77.356742811475883, 19.080971137067408 ], [ 77.359131710797442, 19.089235460723806 ], [ 77.36429801004752, 19.089235460723806 ], [ 77.36190895118736, 19.080971137067408 ] ] ] } },
{ "type": "Feature", "properties": { }, "geometry": { "type": "Polygon", "coordinates": [ [ [ 77.32138507716752, 19.101632241100603 ], [ 77.327364216037864, 19.12229432876364 ], [ 77.322197277804293, 19.12229432876364 ], [ 77.323393956707747, 19.12642686444007 ], [ 77.333727993107388, 19.12642686444007 ], [ 77.332531154271436, 19.12229432876364 ], [ 77.348031968972165, 19.12229432876364 ], [ 77.345638742966614, 19.114029375584135 ], [ 77.34047196460331, 19.114029375584135 ], [ 77.336884693307766, 19.101632241100603 ], [ 77.32138507716752, 19.101632241100603 ] ] ] } },
{ "type": "Feature", "properties": { }, "geometry": { "type": "Polygon", "coordinates": [ [ [ 77.305941510784237, 19.155355718045154 ], [ 77.300773932239693, 19.155355718045154 ], [ 77.301972614963418, 19.159488569231204 ], [ 77.296804956286579, 19.159488569231204 ], [ 77.298003869488866, 19.163621459900295 ], [ 77.308339347148603, 19.163621459900295 ], [ 77.309538731349221, 19.167754390062253 ], [ 77.314706550352909, 19.167754390062253 ], [ 77.312307932317069, 19.159488569231204 ], [ 77.307140273640243, 19.159488569231204 ], [ 77.305941510784237, 19.155355718045154 ] ] ] } },
{ "type": "Feature", "properties": { }, "geometry": { "type": "Polygon", "coordinates": [ [ [ 77.039616927995155, 19.163621459900295 ], [ 77.029281450335404, 19.163621459900295 ], [ 77.031671869575405, 19.171887359726949 ], [ 77.042007667971959, 19.171887359726949 ], [ 77.039616927995155, 19.163621459900295 ] ] ] } },
{ "type": "Feature", "properties": { }, "geometry": { "type": "Polygon", "coordinates": [ [ [ 77.324675655686164, 19.184286505835999 ], [ 77.329843795592836, 19.184286505835999 ], [ 77.327442370227786, 19.176020368904233 ], [ 77.317106411400516, 19.176020368904233 ], [ 77.318306808153608, 19.180153417603972 ], [ 77.32347486780337, 19.180153417603972 ], [ 77.324675655686164, 19.184286505835999 ] ] ] } },
{ "type": "Feature", "properties": { }, "geometry": { "type": "Polygon", "coordinates": [ [ [ 77.680937274620547, 19.200819254284337 ], [ 77.678522597126133, 19.192552800936411 ], [ 77.668185996160446, 19.192552800936411 ], [ 77.670600352336209, 19.200819254284337 ], [ 77.680937274620547, 19.200819254284337 ] ] ] } },
{ "type": "Feature", "properties": { }, "geometry": { "type": "Polygon", "coordinates": [ [ [ 76.813875473017859, 19.258688865279687 ], [ 76.808705884930475, 19.258688865279687 ], [ 76.807507879778868, 19.254555063779449 ], [ 76.797168864866862, 19.254555063779449 ], [ 76.800763324915806, 19.266956587449382 ], [ 76.805933074328493, 19.266956587449382 ], [ 76.807131927373632, 19.271090508138602 ], [ 76.817471587586766, 19.271090508138602 ], [ 76.813875473017859, 19.258688865279687 ] ] ] } },
{ "type": "Feature", "properties": { }, "geometry": { "type": "Polygon", "coordinates": [ [ [ 76.782857944493486, 19.258688865279687 ], [ 76.781660342498867, 19.254555063779449 ], [ 76.771321327586861, 19.254555063779449 ], [ 76.77251876831869, 19.258688865279687 ], [ 76.782857944493486, 19.258688865279687 ] ] ] } },
{ "type": "Feature", "properties": { }, "geometry": { "type": "Polygon", "coordinates": [ [ [ 77.118858588609399, 19.453022510758309 ], [ 77.108511785997365, 19.453022510758309 ], [ 77.110945583909171, 19.46129398937374 ], [ 77.116119148504723, 19.46129398937374 ], [ 77.114902011689736, 19.457158229968478 ], [ 77.120075494630058, 19.457158229968478 ], [ 77.118858588609399, 19.453022510758309 ] ] ] } },
{ "type": "Feature", "properties": { }, "geometry": { "type": "Polygon", "coordinates": [ [ [ 76.990738421122288, 19.457158229968478 ], [ 76.989523555958868, 19.453022510758309 ], [ 76.979176753346806, 19.453022510758309 ], [ 76.980391455241659, 19.457158229968478 ], [ 76.990738421122288, 19.457158229968478 ] ] ] } },
{ "type": "Feature", "properties": { }, "geometry": { "type": "Polygon", "coordinates": [ [ [ 77.564294458352023, 19.90405458316399 ], [ 77.566807260400864, 19.912334942719113 ], [ 77.571989851686951, 19.912334942719113 ], [ 77.57073320758154, 19.908194742299777 ], [ 77.575915714911119, 19.908194742299777 ], [ 77.574659305140699, 19.90405458316399 ], [ 77.564294458352023, 19.90405458316399 ] ] ] } },
{ "type": "Feature", "properties": { }, "geometry": { "type": "Polygon", "coordinates": [ [ [ 77.150734855109334, 20.061409737469845 ], [ 77.140363599297984, 20.061409737469845 ], [ 77.141624252801307, 20.065551472450846 ], [ 77.151995678103191, 20.065551472450846 ], [ 77.150734855109334, 20.061409737469845 ] ] ] } },
{ "type": "Feature", "properties": { }, "geometry": { "type": "Polygon", "coordinates": [ [ [ 77.898738299838044, 20.065551472450846 ], [ 77.897465273527104, 20.061409737469845 ], [ 77.887094017715739, 20.061409737469845 ], [ 77.888366874536175, 20.065551472450846 ], [ 77.898738299838044, 20.065551472450846 ] ] ] } },
{ "type": "Feature", "properties": { }, "geometry": { "type": "Polygon", "coordinates": [ [ [ 77.731230168794909, 20.111113309418545 ], [ 77.729956582903611, 20.106971115556423 ], [ 77.719583460344694, 20.106971115556423 ], [ 77.720856876274979, 20.111113309418545 ], [ 77.731230168794909, 20.111113309418545 ] ] ] } },
{ "type": "Feature", "properties": { }, "geometry": { "type": "Polygon", "coordinates": [ [ [ 77.12160678738708, 20.135967350262465 ], [ 77.119076339398916, 20.127682502738367 ], [ 77.113889353002847, 20.127682502738367 ], [ 77.116419630794482, 20.135967350262465 ], [ 77.12160678738708, 20.135967350262465 ] ] ] } },
{ "type": "Feature", "properties": { }, "geometry": { "type": "Polygon", "coordinates": [ [ [ 77.694744465541234, 20.144252365137124 ], [ 77.689557138666416, 20.144252365137124 ], [ 77.69210870497551, 20.152537547443195 ], [ 77.69729620221824, 20.152537547443195 ], [ 77.694744465541234, 20.144252365137124 ] ] ] } },
{ "type": "Feature", "properties": { }, "geometry": { "type": "Polygon", "coordinates": [ [ [ 78.065228666671786, 20.384590957975401 ], [ 78.067827635776396, 20.392881031042069 ], [ 78.093790012274837, 20.392881031042069 ], [ 78.092489933140598, 20.388735973280674 ], [ 78.097682321997695, 20.388735973280674 ], [ 78.095082965402653, 20.380445985116083 ], [ 78.089890749365907, 20.380445985116083 ], [ 78.087292864620835, 20.372156166694626 ], [ 78.076908778015337, 20.372156166694626 ], [ 78.079506317292427, 20.380445985116083 ], [ 78.07431410125568, 20.380445985116083 ], [ 78.073015255659968, 20.376301054692547 ], [ 78.067823126001031, 20.376301054692547 ], [ 78.070420969107886, 20.384590957975401 ], [ 78.065228666671786, 20.384590957975401 ] ] ] } },
{ "type": "Feature", "properties": { }, "geometry": { "type": "Polygon", "coordinates": [ [ [ 78.171677141770189, 20.392881031042069 ], [ 78.166484666470495, 20.392881031042069 ], [ 78.16908822075419, 20.40117127397394 ], [ 78.174280869003852, 20.40117127397394 ], [ 78.171677141770189, 20.392881031042069 ] ] ] } },
{ "type": "Feature", "properties": { }, "geometry": { "type": "Polygon", "coordinates": [ [ [ 78.123655872982781, 20.405316459164769 ], [ 78.124957684589944, 20.409461686852428 ], [ 78.135343327162076, 20.409461686852428 ], [ 78.134041342496914, 20.405316459164769 ], [ 78.123655872982781, 20.405316459164769 ] ] ] } },
{ "type": "Feature", "properties": { }, "geometry": { "type": "Polygon", "coordinates": [ [ [ 77.466685548057058, 20.47993706942497 ], [ 77.467981833319612, 20.484083063797193 ], [ 77.478370598333683, 20.484083063797193 ], [ 77.477074139234105, 20.47993706942497 ], [ 77.466685548057058, 20.47993706942497 ] ] ] } },
{ "type": "Feature", "properties": { }, "geometry": { "type": "Polygon", "coordinates": [ [ [ 78.319768968949546, 20.72877264340438 ], [ 78.317112160081507, 20.720475625495158 ], [ 78.306713414541491, 20.720475625495158 ], [ 78.308041478120444, 20.724624112807799 ], [ 78.313240939070596, 20.724624112807799 ], [ 78.314569419797394, 20.72877264340438 ], [ 78.319768968949546, 20.72877264340438 ] ] ] } },
{ "type": "Feature", "properties": { }, "geometry": { "type": "Polygon", "coordinates": [ [ [ 77.708071845208067, 20.832500005645631 ], [ 77.710724434971496, 20.840799368378647 ], [ 77.715926373844439, 20.840799368378647 ], [ 77.71327360651722, 20.832500005645631 ], [ 77.708071845208067, 20.832500005645631 ] ] ] } },
{ "type": "Feature", "properties": { }, "geometry": { "type": "Polygon", "coordinates": [ [ [ 77.746148776792495, 20.886448981006769 ], [ 77.743488264116763, 20.878148658673236 ], [ 77.738285525121114, 20.878148658673236 ], [ 77.740945859750383, 20.886448981006769 ], [ 77.746148776792495, 20.886448981006769 ] ] ] } },
{ "type": "Feature", "properties": { }, "geometry": { "type": "Polygon", "coordinates": [ [ [ 78.166396749134933, 20.898899792171868 ], [ 78.167735612146714, 20.90305014997876 ], [ 78.178142158943857, 20.90305014997876 ], [ 78.175464406516966, 20.894749478081103 ], [ 78.170261311340553, 20.894749478081103 ], [ 78.171599933411429, 20.898899792171868 ], [ 78.166396749134933, 20.898899792171868 ] ] ] } },
{ "type": "Feature", "properties": { }, "geometry": { "type": "Polygon", "coordinates": [ [ [ 77.326228627250558, 20.923802595116516 ], [ 77.324902658150634, 20.919652018574137 ], [ 77.314495397937421, 20.919652018574137 ], [ 77.315821188573437, 20.923802595116516 ], [ 77.326228627250558, 20.923802595116516 ] ] ] } },
{ "type": "Feature", "properties": { }, "geometry": { "type": "Polygon", "coordinates": [ [ [ 77.759471036263648, 20.927953215436961 ], [ 77.754267227671122, 20.927953215436961 ], [ 77.756935442782876, 20.936254587453316 ], [ 77.762139429949272, 20.936254587453316 ], [ 77.759471036263648, 20.927953215436961 ] ] ] } },
{ "type": "Feature", "properties": { }, "geometry": { "type": "Polygon", "coordinates": [ [ [ 77.773882272787674, 20.940405339169878 ], [ 77.772547404282051, 20.936254587453316 ], [ 77.762139429949272, 20.936254587453316 ], [ 77.763474119815029, 20.940405339169878 ], [ 77.773882272787674, 20.940405339169878 ] ] ] } },
{ "type": "Feature", "properties": { }, "geometry": { "type": "Polygon", "coordinates": [ [ [ 77.886300902510044, 20.998520468935187 ], [ 77.875890243956491, 20.998520468935187 ], [ 77.878573052921126, 21.006823333093408 ], [ 77.888984070119804, 21.006823333093408 ], [ 77.886300902510044, 20.998520468935187 ] ] ] } },
{ "type": "Feature", "properties": { }, "geometry": { "type": "Polygon", "coordinates": [ [ [ 77.865640117372791, 21.015126373190622 ], [ 77.868325027246186, 21.023429589309604 ], [ 77.86311915973711, 21.023429589309604 ], [ 77.864462019866124, 21.027581263403128 ], [ 77.87487393444944, 21.027581263403128 ], [ 77.870845805382885, 21.015126373190622 ], [ 77.865640117372791, 21.015126373190622 ] ] ] } },
{ "type": "Feature", "properties": { }, "geometry": { "type": "Polygon", "coordinates": [ [ [ 77.988416184548385, 21.056644215659521 ], [ 77.991111476864234, 21.064948313129729 ], [ 77.996318243192434, 21.064948313129729 ], [ 77.993622770936113, 21.056644215659521 ], [ 77.988416184548385, 21.056644215659521 ] ] ] } },
{ "type": "Feature", "properties": { }, "geometry": { "type": "Polygon", "coordinates": [ [ [ 77.889491043181494, 21.056644215659521 ], [ 77.896223205724894, 21.077404790333798 ], [ 77.891016169320295, 21.077404790333798 ], [ 77.893711168384328, 21.085709329256606 ], [ 77.898918384950406, 21.085709329256606 ], [ 77.900266470651431, 21.089861664985143 ], [ 77.895059163971482, 21.089861664985143 ], [ 77.89640749032425, 21.094014044905588 ], [ 77.906822283956146, 21.094014044905588 ], [ 77.905473777331366, 21.089861664985143 ], [ 77.910681084011316, 21.089861664985143 ], [ 77.909332818082518, 21.085709329256606 ], [ 77.914540034648581, 21.085709329256606 ], [ 77.91049695117826, 21.073252587118795 ], [ 77.905290004821211, 21.073252587118795 ], [ 77.902596449284815, 21.064948313129729 ], [ 77.907803215613015, 21.064948313129729 ], [ 77.905110802344694, 21.056644215659521 ], [ 77.889491043181494, 21.056644215659521 ] ] ] } },
{ "type": "Feature", "properties": { }, "geometry": { "type": "Polygon", "coordinates": [ [ [ 78.286180223547603, 21.455441445303986 ], [ 78.287562630773976, 21.459597754861321 ], [ 78.297993462259399, 21.459597754861321 ], [ 78.296610870844674, 21.455441445303986 ], [ 78.286180223547603, 21.455441445303986 ] ] ] } },
{ "type": "Feature", "properties": { }, "geometry": { "type": "Polygon", "coordinates": [ [ [ 77.734766043174403, 18.688595418746758 ], [ 77.733593958242707, 18.684467004297556 ], [ 77.728435379327451, 18.684467004297556 ], [ 77.7296073864769, 18.688595418746758 ], [ 77.724448729779425, 18.688595418746758 ], [ 77.72679351369527, 18.696852362754228 ], [ 77.737111138342001, 18.696852362754228 ], [ 77.73593843652796, 18.692723871562404 ], [ 77.741097171028159, 18.692723871562404 ], [ 77.739924699871906, 18.688595418746758 ], [ 77.734766043174403, 18.688595418746758 ] ] ] } },
{ "type": "Feature", "properties": { }, "geometry": { "type": "Polygon", "coordinates": [ [ [ 77.755647406503172, 18.72575287644834 ], [ 77.757998369084717, 18.734010512016155 ], [ 77.763157882738213, 18.734010512016155 ], [ 77.761982169014871, 18.729881675000314 ], [ 77.76714160466085, 18.729881675000314 ], [ 77.765966121821066, 18.72575287644834 ], [ 77.755647406503172, 18.72575287644834 ] ] ] } },
{ "type": "Feature", "properties": { }, "geometry": { "type": "Polygon", "coordinates": [ [ [ 77.745148891724327, 18.7794302605943 ], [ 77.73482814554535, 18.7794302605943 ], [ 77.736006942717211, 18.783559559937171 ], [ 77.746327845403485, 18.783559559937171 ], [ 77.745148891724327, 18.7794302605943 ] ] ] } },
{ "type": "Feature", "properties": { }, "geometry": { "type": "Polygon", "coordinates": [ [ [ 77.889885656746657, 18.870283775620333 ], [ 77.888698390795057, 18.866153663822374 ], [ 77.878374349335047, 18.866153663822374 ], [ 77.879561457916154, 18.870283775620333 ], [ 77.889885656746657, 18.870283775620333 ] ] ] } },
{ "type": "Feature", "properties": { }, "geometry": { "type": "Polygon", "coordinates": [ [ [ 77.860877771613389, 18.895065261463383 ], [ 77.858500925885124, 18.886804610868516 ], [ 77.853338511523049, 18.886804610868516 ], [ 77.855715199654369, 18.895065261463383 ], [ 77.860877771613389, 18.895065261463383 ] ] ] } },
{ "type": "Feature", "properties": { }, "geometry": { "type": "Polygon", "coordinates": [ [ [ 77.834657866654481, 18.911587028986123 ], [ 77.835847524937549, 18.915717568076623 ], [ 77.846173457561349, 18.915717568076623 ], [ 77.844983641454732, 18.911587028986123 ], [ 77.834657866654481, 18.911587028986123 ] ] ] } },
{ "type": "Feature", "properties": { }, "geometry": { "type": "Polygon", "coordinates": [ [ [ 78.496309248472571, 20.434333945981873 ], [ 78.49761940487133, 20.438479471432405 ], [ 78.50800626006027, 20.438479471432405 ], [ 78.505385927541653, 20.430188463099448 ], [ 78.500192673286278, 20.430188463099448 ], [ 78.501502589386661, 20.434333945981873 ], [ 78.496309248472571, 20.434333945981873 ] ] ] } },
{ "type": "Feature", "properties": { }, "geometry": { "type": "Polygon", "coordinates": [ [ [ 78.791487998607508, 20.529691821703778 ], [ 78.786292658566211, 20.529691821703778 ], [ 78.788937083137867, 20.537984879178051 ], [ 78.794132597558303, 20.537984879178051 ], [ 78.791487998607508, 20.529691821703778 ] ] ] } },
{ "type": "Feature", "properties": { }, "geometry": { "type": "Polygon", "coordinates": [ [ [ 78.603800138233424, 20.641662576853943 ], [ 78.598602436740435, 20.641662576853943 ], [ 78.601257118088157, 20.649957953677536 ], [ 78.606454995134413, 20.649957953677536 ], [ 78.603800138233424, 20.641662576853943 ] ] ] } },
{ "type": "Feature", "properties": { }, "geometry": { "type": "Polygon", "coordinates": [ [ [ 78.487011181092214, 20.666549224598512 ], [ 78.50260586633496, 20.666549224598512 ], [ 78.498625655811907, 20.654105706733187 ], [ 78.493427690956338, 20.654105706733187 ], [ 78.492101700116763, 20.649957953677536 ], [ 78.481705946024249, 20.649957953677536 ], [ 78.487011181092214, 20.666549224598512 ] ] ] } },
{ "type": "Feature", "properties": { }, "geometry": { "type": "Polygon", "coordinates": [ [ [ 78.610682587233754, 20.69558561000688 ], [ 78.613345664837993, 20.703882108878506 ], [ 78.608146644570226, 20.703882108878506 ], [ 78.609478590297854, 20.708030423158107 ], [ 78.614677698658426, 20.708030423158107 ], [ 78.616010062552064, 20.712178780680574 ], [ 78.631607651977745, 20.712178780680574 ], [ 78.630275023740168, 20.708030423158107 ], [ 78.635474132100754, 20.708030423158107 ], [ 78.634141745909062, 20.703882108878506 ], [ 78.639340766176829, 20.703882108878506 ], [ 78.638008622028906, 20.699733837831523 ], [ 78.643207554225683, 20.699733837831523 ], [ 78.641875652119452, 20.69558561000688 ], [ 78.647074496267066, 20.69558561000688 ], [ 78.644411506176837, 20.687289283983606 ], [ 78.634014169947349, 20.687289283983606 ], [ 78.635345323959882, 20.691437425394327 ], [ 78.630146567839617, 20.691437425394327 ], [ 78.632809689832129, 20.699733837831523 ], [ 78.622411825438562, 20.699733837831523 ], [ 78.621080275528982, 20.69558561000688 ], [ 78.610682587233754, 20.69558561000688 ] ] ] } },
{ "type": "Feature", "properties": { }, "geometry": { "type": "Polygon", "coordinates": [ [ [ 78.570549195059385, 20.716327181456172 ], [ 78.586147048894475, 20.716327181456172 ], [ 78.58481488370073, 20.712178780680574 ], [ 78.569217294275063, 20.712178780680574 ], [ 78.570549195059385, 20.716327181456172 ] ] ] } },
{ "type": "Feature", "properties": { }, "geometry": { "type": "Polygon", "coordinates": [ [ [ 78.646145111259543, 20.741218495000325 ], [ 78.64214101638261, 20.72877264340438 ], [ 78.626542368926167, 20.72877264340438 ], [ 78.627876472096347, 20.732921217295146 ], [ 78.622676834720352, 20.732921217295146 ], [ 78.625345855702761, 20.741218495000325 ], [ 78.646145111259543, 20.741218495000325 ] ] ] } },
{ "type": "Feature", "properties": { }, "geometry": { "type": "Polygon", "coordinates": [ [ [ 78.592812826284685, 20.737069834490367 ], [ 78.594146972367611, 20.741218495000325 ], [ 78.599346786256817, 20.741218495000325 ], [ 78.60068135093772, 20.745367198835272 ], [ 78.605881253116294, 20.745367198835272 ], [ 78.601878285216443, 20.732921217295146 ], [ 78.596678647840463, 20.732921217295146 ], [ 78.598012551906351, 20.737069834490367 ], [ 78.592812826284685, 20.737069834490367 ] ] ] } },
{ "type": "Feature", "properties": { }, "geometry": { "type": "Polygon", "coordinates": [ [ [ 78.620146041813584, 20.741218495000325 ], [ 78.609746414035186, 20.741218495000325 ], [ 78.611081155294869, 20.745367198835272 ], [ 78.605881253116294, 20.745367198835272 ], [ 78.607216236484717, 20.749515946005506 ], [ 78.617616217464345, 20.749515946005506 ], [ 78.616281057473429, 20.745367198835272 ], [ 78.621480959652018, 20.745367198835272 ], [ 78.620146041813584, 20.741218495000325 ] ] ] } },
{ "type": "Feature", "properties": { }, "geometry": { "type": "Polygon", "coordinates": [ [ [ 78.325209113928736, 20.761962447630541 ], [ 78.33560962503816, 20.761962447630541 ], [ 78.332947372682469, 20.753664736521269 ], [ 78.327747293859559, 20.753664736521269 ], [ 78.329078166993952, 20.757813570392855 ], [ 78.323877999816062, 20.757813570392855 ], [ 78.325209113928736, 20.761962447630541 ] ] ] } },
{ "type": "Feature", "properties": { }, "geometry": { "type": "Polygon", "coordinates": [ [ [ 78.595622402773657, 20.761962447630541 ], [ 78.580021636109535, 20.761962447630541 ], [ 78.582693516661678, 20.770260332245286 ], [ 78.593094381409628, 20.770260332245286 ], [ 78.591758099044171, 20.766111368244591 ], [ 78.59695844299759, 20.766111368244591 ], [ 78.595622402773657, 20.761962447630541 ] ] ] } },
{ "type": "Feature", "properties": { }, "geometry": { "type": "Polygon", "coordinates": [ [ [ 78.668576467875397, 20.778558390447746 ], [ 78.663375858594648, 20.778558390447746 ], [ 78.666053038768283, 20.786856622320141 ], [ 78.671253825043308, 20.786856622320141 ], [ 78.668576467875397, 20.778558390447746 ] ] ] } },
{ "type": "Feature", "properties": { }, "geometry": { "type": "Polygon", "coordinates": [ [ [ 78.481795253005942, 20.828350389611138 ], [ 78.497400270686384, 20.828350389611138 ], [ 78.494722675860501, 20.820051288154712 ], [ 78.499924170988379, 20.820051288154712 ], [ 78.498585780900285, 20.81590180271218 ], [ 78.503787187344912, 20.81590180271218 ], [ 78.502449039228026, 20.811752360779721 ], [ 78.492046403661504, 20.811752360779721 ], [ 78.493384374455673, 20.81590180271218 ], [ 78.47778015512182, 20.81590180271218 ], [ 78.481795253005942, 20.828350389611138 ] ] ] } },
{ "type": "Feature", "properties": { }, "geometry": { "type": "Polygon", "coordinates": [ [ [ 78.921274293446771, 20.932103879545785 ], [ 78.923983176264869, 20.940405339169878 ], [ 78.934391329237513, 20.940405339169878 ], [ 78.933036542387271, 20.936254587453316 ], [ 78.938240529553667, 20.936254587453316 ], [ 78.943662036713832, 20.952857857277028 ], [ 78.954070725870082, 20.952857857277028 ], [ 78.955427115998432, 20.957008784332988 ], [ 78.971040417956672, 20.957008784332988 ], [ 78.9683274352181, 20.948706974071399 ], [ 78.973531690410283, 20.948706974071399 ], [ 78.970819864641783, 20.940405339169878 ], [ 78.976023941128105, 20.940405339169878 ], [ 78.974668439718414, 20.936254587453316 ], [ 78.969464452552018, 20.936254587453316 ], [ 78.968109374262895, 20.932103879545785 ], [ 78.98372106786826, 20.932103879545785 ], [ 78.981011376915134, 20.923802595116516 ], [ 78.970603938238014, 20.923802595116516 ], [ 78.967895939074225, 20.915501485799489 ], [ 78.962692398177595, 20.915501485799489 ], [ 78.961338988190477, 20.911350996782257 ], [ 78.9509320847732, 20.911350996782257 ], [ 78.952285316384334, 20.915501485799489 ], [ 78.947081775487703, 20.915501485799489 ], [ 78.948435251411851, 20.919652018574137 ], [ 78.943231621305245, 20.919652018574137 ], [ 78.941878234591073, 20.915501485799489 ], [ 78.936674693694442, 20.915501485799489 ], [ 78.938027991198638, 20.919652018574137 ], [ 78.927620730985424, 20.919652018574137 ], [ 78.928974183529462, 20.923802595116516 ], [ 78.918566744852328, 20.923802595116516 ], [ 78.919920352394939, 20.927953215436961 ], [ 78.914716543802427, 20.927953215436961 ], [ 78.91607039557833, 20.932103879545785 ], [ 78.921274293446771, 20.932103879545785 ] ] ] } },
{ "type": "Feature", "properties": { }, "geometry": { "type": "Polygon", "coordinates": [ [ [ 78.938250911857125, 21.031732981533153 ], [ 78.927838817664522, 21.031732981533153 ], [ 78.93192535618239, 21.044188400245723 ], [ 78.942337989467717, 21.044188400245723 ], [ 78.938250911857125, 21.031732981533153 ] ] ] } },
{ "type": "Feature", "properties": { }, "geometry": { "type": "Polygon", "coordinates": [ [ [ 78.970762889888391, 21.114776607749519 ], [ 78.972131706906183, 21.118929253039266 ], [ 78.97733964500263, 21.118929253039266 ], [ 78.978708887941423, 21.123081942593537 ], [ 78.994332973103354, 21.123081942593537 ], [ 78.992963459291971, 21.118929253039266 ], [ 78.998171397388404, 21.118929253039266 ], [ 79.000910941381179, 21.127234676422734 ], [ 78.995702822680855, 21.127234676422734 ], [ 78.999814386484857, 21.139693143663578 ], [ 78.994605996712679, 21.139693143663578 ], [ 78.99872031285021, 21.152152009752395 ], [ 79.009137634936991, 21.152152009752395 ], [ 79.007765679319547, 21.147999010055706 ], [ 79.01297424991705, 21.147999010055706 ], [ 79.01160253994918, 21.14384605469623 ], [ 79.006394059775403, 21.14384605469623 ], [ 79.003651828716869, 21.135540276947367 ], [ 79.008860128109632, 21.135540276947367 ], [ 79.006119060081502, 21.127234676422734 ], [ 79.011327178781812, 21.127234676422734 ], [ 79.0099570582653, 21.123081942593537 ], [ 79.004749029877971, 21.123081942593537 ], [ 79.003379335484851, 21.118929253039266 ], [ 79.013795211677746, 21.118929253039266 ], [ 79.011056469102229, 21.11062400671392 ], [ 79.005848711521111, 21.11062400671392 ], [ 79.004479934050053, 21.106471449922108 ], [ 78.999272266693424, 21.106471449922108 ], [ 78.997903915067496, 21.102318937363698 ], [ 78.992696337913202, 21.102318937363698 ], [ 78.991328412040815, 21.098166469028314 ], [ 78.980913438092713, 21.098166469028314 ], [ 78.979546028040346, 21.094014044905588 ], [ 78.974338631224398, 21.094014044905588 ], [ 78.978441597266865, 21.106471449922108 ], [ 78.973233929910251, 21.106471449922108 ], [ 78.975970737716111, 21.114776607749519 ], [ 78.970762889888391, 21.114776607749519 ] ] ] } },
{ "type": "Feature", "properties": { }, "geometry": { "type": "Polygon", "coordinates": [ [ [ 78.965555042060672, 21.114776607749519 ], [ 78.964186650872222, 21.11062400671392 ], [ 78.953771135709999, 21.11062400671392 ], [ 78.955139346405261, 21.114776607749519 ], [ 78.965555042060672, 21.114776607749519 ] ] ] } },
{ "type": "Feature", "properties": { }, "geometry": { "type": "Polygon", "coordinates": [ [ [ 78.978708887941423, 21.123081942593537 ], [ 78.963084802779477, 21.123081942593537 ], [ 78.968564047851785, 21.139693143663578 ], [ 78.978980827396143, 21.139693143663578 ], [ 78.976240171930115, 21.131387454537212 ], [ 78.981448380965574, 21.131387454537212 ], [ 78.978708887941423, 21.123081942593537 ] ] ] } },
{ "type": "Feature", "properties": { }, "geometry": { "type": "Polygon", "coordinates": [ [ [ 78.778328228582581, 21.131387454537212 ], [ 78.767911810511663, 21.131387454537212 ], [ 78.770645236508898, 21.139693143663578 ], [ 78.775853626281091, 21.139693143663578 ], [ 78.774486655435965, 21.135540276947367 ], [ 78.779694954828713, 21.135540276947367 ], [ 78.778328228582581, 21.131387454537212 ] ] ] } },
{ "type": "Feature", "properties": { }, "geometry": { "type": "Polygon", "coordinates": [ [ [ 78.899485840861914, 21.135540276947367 ], [ 78.889069242076417, 21.135540276947367 ], [ 78.890438201269063, 21.139693143663578 ], [ 78.900854980813435, 21.139693143663578 ], [ 78.899485840861914, 21.135540276947367 ] ] ] } },
{ "type": "Feature", "properties": { }, "geometry": { "type": "Polygon", "coordinates": [ [ [ 78.842194547541695, 21.135540276947367 ], [ 78.831777948756184, 21.135540276947367 ], [ 78.834514214041235, 21.14384605469623 ], [ 78.844931174388776, 21.14384605469623 ], [ 78.842194547541695, 21.135540276947367 ] ] ] } },
{ "type": "Feature", "properties": { }, "geometry": { "type": "Polygon", "coordinates": [ [ [ 78.942522098990864, 21.139693143663578 ], [ 78.945262832149581, 21.147999010055706 ], [ 78.950471402747084, 21.147999010055706 ], [ 78.947730488763042, 21.139693143663578 ], [ 78.942522098990864, 21.139693143663578 ] ] ] } },
{ "type": "Feature", "properties": { }, "geometry": { "type": "Polygon", "coordinates": [ [ [ 78.887968555577118, 21.147999010055706 ], [ 78.885229811496885, 21.139693143663578 ], [ 78.880021421724692, 21.139693143663578 ], [ 78.882759984979614, 21.147999010055706 ], [ 78.887968555577118, 21.147999010055706 ] ] ] } },
{ "type": "Feature", "properties": { }, "geometry": { "type": "Polygon", "coordinates": [ [ [ 78.890708641912241, 21.156305053796686 ], [ 78.889338430939077, 21.152152009752395 ], [ 78.878921108852296, 21.152152009752395 ], [ 78.880291138889362, 21.156305053796686 ], [ 78.890708641912241, 21.156305053796686 ] ] ] } },
{ "type": "Feature", "properties": { }, "geometry": { "type": "Polygon", "coordinates": [ [ [ 78.984747774157114, 21.172917673657619 ], [ 78.982001923620615, 21.164611274969616 ], [ 78.976792991106592, 21.164611274969616 ], [ 78.979538660551825, 21.172917673657619 ], [ 78.984747774157114, 21.172917673657619 ] ] ] } },
{ "type": "Feature", "properties": { }, "geometry": { "type": "Polygon", "coordinates": [ [ [ 78.895964581334681, 21.235221330506214 ], [ 78.906385530572081, 21.235221330506214 ], [ 78.9050091157211, 21.231067441882306 ], [ 78.910219499450136, 21.231067441882306 ], [ 78.907467497404014, 21.222759798259666 ], [ 78.897047093371285, 21.222759798259666 ], [ 78.898422744480627, 21.226913597803602 ], [ 78.893212451619036, 21.226913597803602 ], [ 78.895964581334681, 21.235221330506214 ] ] ] } },
{ "type": "Feature", "properties": { }, "geometry": { "type": "Polygon", "coordinates": [ [ [ 78.91926391592699, 21.226913597803602 ], [ 78.922016954428159, 21.235221330506214 ], [ 78.927227429046852, 21.235221330506214 ], [ 78.924474208788581, 21.226913597803602 ], [ 78.91926391592699, 21.226913597803602 ] ] ] } },
{ "type": "Feature", "properties": { }, "geometry": { "type": "Polygon", "coordinates": [ [ [ 78.815641700225015, 21.260145598281774 ], [ 78.826063741071877, 21.260145598281774 ], [ 78.824686853775546, 21.255991442168042 ], [ 78.819475924375141, 21.255991442168042 ], [ 78.81809946446073, 21.251837330661978 ], [ 78.812888626061152, 21.251837330661978 ], [ 78.815641700225015, 21.260145598281774 ] ] ] } },
{ "type": "Feature", "properties": { }, "geometry": { "type": "Polygon", "coordinates": [ [ [ 78.606987580598926, 21.322463299996983 ], [ 78.608365653064467, 21.326618171251372 ], [ 78.61879061270227, 21.326618171251372 ], [ 78.617412357478202, 21.322463299996983 ], [ 78.606987580598926, 21.322463299996983 ] ] ] } },
{ "type": "Feature", "properties": { }, "geometry": { "type": "Polygon", "coordinates": [ [ [ 79.01665721174632, 21.347393199506602 ], [ 79.01388395264722, 21.339083053766089 ], [ 79.008671198556726, 21.339083053766089 ], [ 79.010057567597499, 21.343238104222984 ], [ 79.00484472203857, 21.343238104222984 ], [ 79.007618291339611, 21.351548339627403 ], [ 79.012831319902375, 21.351548339627403 ], [ 79.011444274696643, 21.347393199506602 ], [ 79.01665721174632, 21.347393199506602 ] ] ] } },
{ "type": "Feature", "properties": { }, "geometry": { "type": "Polygon", "coordinates": [ [ [ 78.957929112008216, 21.343238104222984 ], [ 78.947503420890342, 21.343238104222984 ], [ 78.950274977149363, 21.351548339627403 ], [ 78.955488005712112, 21.351548339627403 ], [ 78.954101967150081, 21.347393199506602 ], [ 78.959314904199772, 21.347393199506602 ], [ 78.957929112008216, 21.343238104222984 ] ] ] } },
{ "type": "Feature", "properties": { }, "geometry": { "type": "Polygon", "coordinates": [ [ [ 78.953384178654147, 21.376480122517886 ], [ 78.963811334873668, 21.376480122517886 ], [ 78.961035539537917, 21.368169348691254 ], [ 78.95060874986163, 21.368169348691254 ], [ 78.953384178654147, 21.376480122517886 ] ] ] } },
{ "type": "Feature", "properties": { }, "geometry": { "type": "Polygon", "coordinates": [ [ [ 78.949558730479239, 21.380635576791448 ], [ 78.946782808741915, 21.372324713154637 ], [ 78.941569322279122, 21.372324713154637 ], [ 78.944345060700172, 21.380635576791448 ], [ 78.949558730479239, 21.380635576791448 ] ] ] } },
{ "type": "Feature", "properties": { }, "geometry": { "type": "Polygon", "coordinates": [ [ [ 78.93148059220087, 21.388946620111362 ], [ 78.928704051362971, 21.380635576791448 ], [ 78.923490381583903, 21.380635576791448 ], [ 78.926266739016185, 21.388946620111362 ], [ 78.93148059220087, 21.388946620111362 ] ] ] } },
{ "type": "Feature", "properties": { }, "geometry": { "type": "Polygon", "coordinates": [ [ [ 78.874467089353985, 21.405569246135077 ], [ 78.869252869090005, 21.405569246135077 ], [ 78.86786427000159, 21.401413522180011 ], [ 78.857436013080303, 21.401413522180011 ], [ 78.860213182090305, 21.409725015073668 ], [ 78.87585611835938, 21.409725015073668 ], [ 78.874467089353985, 21.405569246135077 ] ] ] } },
{ "type": "Feature", "properties": { }, "geometry": { "type": "Polygon", "coordinates": [ [ [ 78.985356672242915, 21.409725015073668 ], [ 78.995785296422298, 21.409725015073668 ], [ 78.994394155425809, 21.405569246135077 ], [ 78.989179935161815, 21.405569246135077 ], [ 78.987789224596398, 21.401413522180011 ], [ 78.982575096135747, 21.401413522180011 ], [ 78.985356672242915, 21.409725015073668 ] ] ] } },
{ "type": "Feature", "properties": { }, "geometry": { "type": "Polygon", "coordinates": [ [ [ 78.913773958491888, 21.476223444391781 ], [ 78.910984853506804, 21.467910509345359 ], [ 78.905769253508566, 21.467910509345359 ], [ 78.908558174148524, 21.476223444391781 ], [ 78.913773958491888, 21.476223444391781 ] ] ] } },
{ "type": "Feature", "properties": { }, "geometry": { "type": "Polygon", "coordinates": [ [ [ 78.760085356157774, 21.484536560084436 ], [ 78.758692722982786, 21.480379979652085 ], [ 78.74826096988366, 21.480379979652085 ], [ 78.749653418601511, 21.484536560084436 ], [ 78.760085356157774, 21.484536560084436 ] ] ] } },
{ "type": "Feature", "properties": { }, "geometry": { "type": "Polygon", "coordinates": [ [ [ 78.884244359436124, 20.363866517934941 ], [ 78.879052488781028, 20.363866517934941 ], [ 78.88167548994079, 20.372156166694626 ], [ 78.886867533243517, 20.372156166694626 ], [ 78.884244359436124, 20.363866517934941 ] ] ] } },
{ "type": "Feature", "properties": { }, "geometry": { "type": "Polygon", "coordinates": [ [ [ 78.812177707220329, 20.513106220305733 ], [ 78.813498961469449, 20.517252556486959 ], [ 78.823889118740183, 20.517252556486959 ], [ 78.82256769030721, 20.513106220305733 ], [ 78.812177707220329, 20.513106220305733 ] ] ] } },
{ "type": "Feature", "properties": { }, "geometry": { "type": "Polygon", "coordinates": [ [ [ 78.835601207783938, 20.521398935440242 ], [ 78.830406042034951, 20.521398935440242 ], [ 78.833050718938054, 20.529691821703778 ], [ 78.838246058979365, 20.529691821703778 ], [ 78.835601207783938, 20.521398935440242 ] ] ] } },
{ "type": "Feature", "properties": { }, "geometry": { "type": "Polygon", "coordinates": [ [ [ 78.835696712921859, 20.537984879178051 ], [ 78.833050718938054, 20.529691821703778 ], [ 78.827855378896729, 20.529691821703778 ], [ 78.830501198501423, 20.537984879178051 ], [ 78.835696712921859, 20.537984879178051 ] ] ] } },
{ "type": "Feature", "properties": { }, "geometry": { "type": "Polygon", "coordinates": [ [ [ 78.825405063262835, 20.554571508085612 ], [ 78.835796790141217, 20.554571508085612 ], [ 78.833148335462141, 20.546278107944755 ], [ 78.822756957689336, 20.546278107944755 ], [ 78.825405063262835, 20.554571508085612 ] ] ] } },
{ "type": "Feature", "properties": { }, "geometry": { "type": "Polygon", "coordinates": [ [ [ 78.877471143743207, 20.571158822816798 ], [ 78.874818829453332, 20.562865079682368 ], [ 78.869622791374468, 20.562865079682368 ], [ 78.872274930937792, 20.571158822816798 ], [ 78.877471143743207, 20.571158822816798 ] ] ] } },
{ "type": "Feature", "properties": { }, "geometry": { "type": "Polygon", "coordinates": [ [ [ 78.919275074179353, 20.604335512366994 ], [ 78.914078161598241, 20.604335512366994 ], [ 78.916737952409449, 20.612630114416799 ], [ 78.927132127894467, 20.612630114416799 ], [ 78.925801892119694, 20.60848279189344 ], [ 78.920604891968765, 20.60848279189344 ], [ 78.919275074179353, 20.604335512366994 ] ] ] } },
{ "type": "Feature", "properties": { }, "geometry": { "type": "Polygon", "coordinates": [ [ [ 78.933659869486235, 20.61677747994732 ], [ 78.932329215636969, 20.612630114416799 ], [ 78.927132127894467, 20.612630114416799 ], [ 78.929793590873075, 20.620924888495221 ], [ 78.934990853864022, 20.620924888495221 ], [ 78.936322168815934, 20.625072340070759 ], [ 78.946716870111544, 20.625072340070759 ], [ 78.945385379845902, 20.620924888495221 ], [ 78.940188116854955, 20.620924888495221 ], [ 78.938857044842067, 20.61677747994732 ], [ 78.933659869486235, 20.61677747994732 ] ] ] } },
{ "type": "Feature", "properties": { }, "geometry": { "type": "Polygon", "coordinates": [ [ [ 78.931255332291983, 20.641662576853943 ], [ 78.926057630798994, 20.641662576853943 ], [ 78.928723372002352, 20.649957953677536 ], [ 78.933921249048609, 20.649957953677536 ], [ 78.931255332291983, 20.641662576853943 ] ] ] } },
{ "type": "Feature", "properties": { }, "geometry": { "type": "Polygon", "coordinates": [ [ [ 78.956309548026752, 20.81590180271218 ], [ 78.945906735137513, 20.81590180271218 ], [ 78.947252751986326, 20.820051288154712 ], [ 78.95765574224211, 20.820051288154712 ], [ 78.956309548026752, 20.81590180271218 ] ] ] } },
{ "type": "Feature", "properties": { }, "geometry": { "type": "Polygon", "coordinates": [ [ [ 78.982152795024987, 20.911350996782257 ], [ 78.980799361894114, 20.907200551512116 ], [ 78.98600272443673, 20.907200551512116 ], [ 78.983296680546786, 20.898899792171868 ], [ 78.972890311993766, 20.898899792171868 ], [ 78.976949343316363, 20.911350996782257 ], [ 78.982152795024987, 20.911350996782257 ] ] ] } },
{ "type": "Feature", "properties": { }, "geometry": { "type": "Polygon", "coordinates": [ [ [ 79.026032122040917, 20.981915268104693 ], [ 79.036442063833221, 20.981915268104693 ], [ 79.033723102178797, 20.973612931266963 ], [ 79.023313518502732, 20.973612931266963 ], [ 79.026032122040917, 20.981915268104693 ] ] ] } },
{ "type": "Feature", "properties": { }, "geometry": { "type": "Polygon", "coordinates": [ [ [ 79.034195961973353, 21.006823333093408 ], [ 79.031473343400251, 20.998520468935187 ], [ 79.026268014123474, 20.998520468935187 ], [ 79.028990453374021, 21.006823333093408 ], [ 79.034195961973353, 21.006823333093408 ] ] ] } },
{ "type": "Feature", "properties": { }, "geometry": { "type": "Polygon", "coordinates": [ [ [ 79.064311289500935, 21.019277959242213 ], [ 79.062948359694246, 21.015126373190622 ], [ 79.052536983674059, 21.015126373190622 ], [ 79.053899734003821, 21.019277959242213 ], [ 79.064311289500935, 21.019277959242213 ] ] ] } },
{ "type": "Feature", "properties": { }, "geometry": { "type": "Polygon", "coordinates": [ [ [ 79.001841956518277, 21.019277959242213 ], [ 78.991430401021162, 21.019277959242213 ], [ 78.99415475215585, 21.027581263403128 ], [ 79.00456666673918, 21.027581263403128 ], [ 79.001841956518277, 21.019277959242213 ] ] ] } },
{ "type": "Feature", "properties": { }, "geometry": { "type": "Polygon", "coordinates": [ [ [ 79.037165806686929, 21.031732981533153 ], [ 79.03443934927904, 21.023429589309604 ], [ 79.029233481769964, 21.023429589309604 ], [ 79.03195975959062, 21.031732981533153 ], [ 79.037165806686929, 21.031732981533153 ] ] ] } },
{ "type": "Feature", "properties": { }, "geometry": { "type": "Polygon", "coordinates": [ [ [ 79.026753712494312, 21.031732981533153 ], [ 79.032209929227633, 21.048340294625266 ], [ 79.037416335763254, 21.048340294625266 ], [ 79.03195975959062, 21.031732981533153 ], [ 79.026753712494312, 21.031732981533153 ] ] ] } },
{ "type": "Feature", "properties": { }, "geometry": { "type": "Polygon", "coordinates": [ [ [ 79.038529537919644, 21.035884743710028 ], [ 79.041258005678444, 21.044188400245723 ], [ 79.046464322321114, 21.044188400245723 ], [ 79.043735674842679, 21.035884743710028 ], [ 79.038529537919644, 21.035884743710028 ] ] ] } },
{ "type": "Feature", "properties": { }, "geometry": { "type": "Polygon", "coordinates": [ [ [ 79.044244598368479, 21.069100428054224 ], [ 79.049451454700062, 21.069100428054224 ], [ 79.046718963690793, 21.060796242334948 ], [ 79.051925640037723, 21.060796242334948 ], [ 79.050559807645556, 21.056644215659521 ], [ 79.055766394033284, 21.056644215659521 ], [ 79.054400807044175, 21.052492233093076 ], [ 79.059607303494801, 21.052492233093076 ], [ 79.058241961905679, 21.048340294625266 ], [ 79.047829148834467, 21.048340294625266 ], [ 79.049194310593549, 21.052492233093076 ], [ 79.038781317692283, 21.052492233093076 ], [ 79.041512287343892, 21.060796242334948 ], [ 79.036305610996962, 21.060796242334948 ], [ 79.03767150883273, 21.064948313129729 ], [ 79.04287827516093, 21.064948313129729 ], [ 79.044244598368479, 21.069100428054224 ] ] ] } },
{ "type": "Feature", "properties": { }, "geometry": { "type": "Polygon", "coordinates": [ [ [ 79.025892258303116, 21.060796242334948 ], [ 79.032724201384283, 21.081557037709615 ], [ 79.037931327858573, 21.081557037709615 ], [ 79.03656417833507, 21.077404790333798 ], [ 79.041771214739683, 21.077404790333798 ], [ 79.040404310656797, 21.073252587118795 ], [ 79.035197364299748, 21.073252587118795 ], [ 79.029733462094612, 21.056644215659521 ], [ 79.024526875706897, 21.056644215659521 ], [ 79.023161828340406, 21.052492233093076 ], [ 79.012748835439155, 21.052492233093076 ], [ 79.015478905609285, 21.060796242334948 ], [ 79.025892258303116, 21.060796242334948 ] ] ] } },
{ "type": "Feature", "properties": { }, "geometry": { "type": "Polygon", "coordinates": [ [ [ 79.089739172114733, 21.064948313129729 ], [ 79.087005912359658, 21.056644215659521 ], [ 79.076592739584214, 21.056644215659521 ], [ 79.07795902177233, 21.060796242334948 ], [ 79.083165698119245, 21.060796242334948 ], [ 79.084532405786533, 21.064948313129729 ], [ 79.089739172114733, 21.064948313129729 ] ] ] } },
{ "type": "Feature", "properties": { }, "geometry": { "type": "Polygon", "coordinates": [ [ [ 79.092739700358976, 21.089861664985143 ], [ 79.090002592601408, 21.081557037709615 ], [ 79.084795466127147, 21.081557037709615 ], [ 79.087532393679055, 21.089861664985143 ], [ 79.092739700358976, 21.089861664985143 ] ] ] } },
{ "type": "Feature", "properties": { }, "geometry": { "type": "Polygon", "coordinates": [ [ [ 79.051081246919424, 21.089861664985143 ], [ 79.049713246049748, 21.085709329256606 ], [ 79.039298812917622, 21.085709329256606 ], [ 79.040666633559525, 21.089861664985143 ], [ 79.051081246919424, 21.089861664985143 ] ] ] } },
{ "type": "Feature", "properties": { }, "geometry": { "type": "Polygon", "coordinates": [ [ [ 79.154131229696048, 21.102318937363698 ], [ 79.152760508236526, 21.098166469028314 ], [ 79.14234553428841, 21.098166469028314 ], [ 79.143716075387474, 21.102318937363698 ], [ 79.154131229696048, 21.102318937363698 ] ] ] } },
{ "type": "Feature", "properties": { }, "geometry": { "type": "Polygon", "coordinates": [ [ [ 79.090543389925813, 21.114776607749519 ], [ 79.089172832818889, 21.11062400671392 ], [ 79.073549560075563, 21.11062400671392 ], [ 79.074919846442668, 21.114776607749519 ], [ 79.090543389925813, 21.114776607749519 ] ] ] } },
{ "type": "Feature", "properties": { }, "geometry": { "type": "Polygon", "coordinates": [ [ [ 79.052992128384361, 21.127234676422734 ], [ 79.05820024708467, 21.127234676422734 ], [ 79.055458716449323, 21.118929253039266 ], [ 79.045042840256428, 21.118929253039266 ], [ 79.049155098426567, 21.131387454537212 ], [ 79.054363307462026, 21.131387454537212 ], [ 79.052992128384361, 21.127234676422734 ] ] ] } },
{ "type": "Feature", "properties": { }, "geometry": { "type": "Polygon", "coordinates": [ [ [ 79.075196143603875, 21.131387454537212 ], [ 79.071082530738678, 21.118929253039266 ], [ 79.065874592642217, 21.118929253039266 ], [ 79.067245370525754, 21.123081942593537 ], [ 79.062037342138439, 21.123081942593537 ], [ 79.064779725532958, 21.131387454537212 ], [ 79.075196143603875, 21.131387454537212 ] ] ] } },
{ "type": "Feature", "properties": { }, "geometry": { "type": "Polygon", "coordinates": [ [ [ 79.141814544293254, 21.14384605469623 ], [ 79.136322027589458, 21.127234676422734 ], [ 79.131113908889134, 21.127234676422734 ], [ 79.135232520561559, 21.139693143663578 ], [ 79.13002413078938, 21.139693143663578 ], [ 79.131397583945727, 21.14384605469623 ], [ 79.141814544293254, 21.14384605469623 ] ] ] } },
{ "type": "Feature", "properties": { }, "geometry": { "type": "Polygon", "coordinates": [ [ [ 79.101237188781198, 21.131387454537212 ], [ 79.090820770710266, 21.131387454537212 ], [ 79.093565402384129, 21.139693143663578 ], [ 79.098773792156308, 21.139693143663578 ], [ 79.097401217786356, 21.135540276947367 ], [ 79.10260951717909, 21.135540276947367 ], [ 79.101237188781198, 21.131387454537212 ] ] ] } },
{ "type": "Feature", "properties": { }, "geometry": { "type": "Polygon", "coordinates": [ [ [ 79.162648464988308, 21.14384605469623 ], [ 79.165397466238616, 21.152152009752395 ], [ 79.175814788325383, 21.152152009752395 ], [ 79.17718997504123, 21.156305053796686 ], [ 79.187607478064095, 21.156305053796686 ], [ 79.183482385683348, 21.14384605469623 ], [ 79.188690865857112, 21.14384605469623 ], [ 79.190065650231958, 21.147999010055706 ], [ 79.195274220829461, 21.147999010055706 ], [ 79.193899346030889, 21.14384605469623 ], [ 79.20952478655218, 21.14384605469623 ], [ 79.206775505034045, 21.135540276947367 ], [ 79.201567205641311, 21.135540276947367 ], [ 79.198819451993259, 21.127234676422734 ], [ 79.183195095892316, 21.127234676422734 ], [ 79.185942307463066, 21.135540276947367 ], [ 79.180734008070317, 21.135540276947367 ], [ 79.182108028511195, 21.139693143663578 ], [ 79.176899638739002, 21.139693143663578 ], [ 79.175525708677554, 21.135540276947367 ], [ 79.165109109892086, 21.135540276947367 ], [ 79.167856945162072, 21.14384605469623 ], [ 79.162648464988308, 21.14384605469623 ] ] ] } },
{ "type": "Feature", "properties": { }, "geometry": { "type": "Polygon", "coordinates": [ [ [ 79.14564930010593, 21.139693143663578 ], [ 79.161274469422466, 21.139693143663578 ], [ 79.159900810499323, 21.135540276947367 ], [ 79.144275912321078, 21.135540276947367 ], [ 79.14564930010593, 21.139693143663578 ] ] ] } },
{ "type": "Feature", "properties": { }, "geometry": { "type": "Polygon", "coordinates": [ [ [ 79.097684872674577, 21.152152009752395 ], [ 79.094938222729382, 21.14384605469623 ], [ 79.089729742555633, 21.14384605469623 ], [ 79.092476211631194, 21.152152009752395 ], [ 79.097684872674577, 21.152152009752395 ] ] ] } },
{ "type": "Feature", "properties": { }, "geometry": { "type": "Polygon", "coordinates": [ [ [ 79.151439409526105, 21.172917673657619 ], [ 79.156648523131395, 21.172917673657619 ], [ 79.151146217484055, 21.156305053796686 ], [ 79.145937465972608, 21.156305053796686 ], [ 79.144562822065069, 21.152152009752395 ], [ 79.139354161021672, 21.152152009752395 ], [ 79.140728714461176, 21.156305053796686 ], [ 79.130311211438297, 21.156305053796686 ], [ 79.133060966527268, 21.164611274969616 ], [ 79.143478831555313, 21.164611274969616 ], [ 79.144854395305302, 21.168764452119039 ], [ 79.150063418353866, 21.168764452119039 ], [ 79.151439409526105, 21.172917673657619 ] ] ] } },
{ "type": "Feature", "properties": { }, "geometry": { "type": "Polygon", "coordinates": [ [ [ 79.084806342605063, 21.160458142198955 ], [ 79.082058889544413, 21.152152009752395 ], [ 79.07685022850103, 21.152152009752395 ], [ 79.079597500603398, 21.160458142198955 ], [ 79.084806342605063, 21.160458142198955 ] ] ] } },
{ "type": "Feature", "properties": { }, "geometry": { "type": "Polygon", "coordinates": [ [ [ 79.128936838934905, 21.152152009752395 ], [ 79.118519516848124, 21.152152009752395 ], [ 79.119893708415432, 21.156305053796686 ], [ 79.130311211438297, 21.156305053796686 ], [ 79.128936838934905, 21.152152009752395 ] ] ] } },
{ "type": "Feature", "properties": { }, "geometry": { "type": "Polygon", "coordinates": [ [ [ 79.044509113788891, 21.164611274969616 ], [ 79.041762435743891, 21.156305053796686 ], [ 79.036553684232459, 21.156305053796686 ], [ 79.039300181274868, 21.164611274969616 ], [ 79.044509113788891, 21.164611274969616 ] ] ] } },
{ "type": "Feature", "properties": { }, "geometry": { "type": "Polygon", "coordinates": [ [ [ 79.063970974598476, 21.160458142198955 ], [ 79.048344448593539, 21.160458142198955 ], [ 79.052466251025777, 21.172917673657619 ], [ 79.057675364631038, 21.172917673657619 ], [ 79.05630100347966, 21.168764452119039 ], [ 79.066719049576804, 21.168764452119039 ], [ 79.063970974598476, 21.160458142198955 ] ] ] } },
{ "type": "Feature", "properties": { }, "geometry": { "type": "Polygon", "coordinates": [ [ [ 79.082638009127663, 21.185377604712283 ], [ 79.078511819052167, 21.172917673657619 ], [ 79.073302705446878, 21.172917673657619 ], [ 79.077428623719172, 21.185377604712283 ], [ 79.082638009127663, 21.185377604712283 ] ] ] } },
{ "type": "Feature", "properties": { }, "geometry": { "type": "Polygon", "coordinates": [ [ [ 79.147905286930879, 21.193684447551774 ], [ 79.132276586766281, 21.193684447551774 ], [ 79.135032043981909, 21.201991468197441 ], [ 79.145451540228606, 21.201991468197441 ], [ 79.144073461641213, 21.197837935643641 ], [ 79.149283119052555, 21.197837935643641 ], [ 79.147905286930879, 21.193684447551774 ] ] ] } },
{ "type": "Feature", "properties": { }, "geometry": { "type": "Polygon", "coordinates": [ [ [ 79.157249633734452, 21.206145045223582 ], [ 79.155871036475304, 21.201991468197441 ], [ 79.145451540228606, 21.201991468197441 ], [ 79.14682995601936, 21.206145045223582 ], [ 79.157249633734452, 21.206145045223582 ] ] ] } },
{ "type": "Feature", "properties": { }, "geometry": { "type": "Polygon", "coordinates": [ [ [ 79.127368990605561, 21.210298666732466 ], [ 79.130126782316893, 21.218606043240108 ], [ 79.135336893510228, 21.218606043240108 ], [ 79.133957738224709, 21.21445233273451 ], [ 79.139167758617248, 21.21445233273451 ], [ 79.137788849833427, 21.210298666732466 ], [ 79.127368990605561, 21.210298666732466 ] ] ] } },
{ "type": "Feature", "properties": { }, "geometry": { "type": "Polygon", "coordinates": [ [ [ 79.09565518259565, 21.255991442168042 ], [ 79.106077041396432, 21.255991442168042 ], [ 79.103314449013467, 21.247683263753188 ], [ 79.108525196434471, 21.247683263753188 ], [ 79.109906414837553, 21.251837330661978 ], [ 79.115117253237145, 21.251837330661978 ], [ 79.110974337635454, 21.239375263685716 ], [ 79.105763772104865, 21.239375263685716 ], [ 79.103003697424327, 21.231067441882306 ], [ 79.097793313695306, 21.231067441882306 ], [ 79.096413873221039, 21.226913597803602 ], [ 79.085993287497857, 21.226913597803602 ], [ 79.087372546237233, 21.231067441882306 ], [ 79.082162162508197, 21.231067441882306 ], [ 79.086301689680823, 21.24352924143124 ], [ 79.091512346145507, 21.24352924143124 ], [ 79.09565518259565, 21.255991442168042 ] ], [ [ 79.098103701592436, 21.247683263753188 ], [ 79.096723002610204, 21.24352924143124 ], [ 79.101933659074888, 21.24352924143124 ], [ 79.103314449013467, 21.247683263753188 ], [ 79.098103701592436, 21.247683263753188 ] ] ] } },
{ "type": "Feature", "properties": { }, "geometry": { "type": "Polygon", "coordinates": [ [ [ 79.103949970304342, 21.280917048330334 ], [ 79.106717601633832, 21.289225940968262 ], [ 79.12235257625666, 21.289225940968262 ], [ 79.120968318118614, 21.285071472308978 ], [ 79.126179885147437, 21.285071472308978 ], [ 79.124795873793502, 21.280917048330334 ], [ 79.130007349665789, 21.280917048330334 ], [ 79.128623585092342, 21.276762669021895 ], [ 79.133834969830346, 21.276762669021895 ], [ 79.129685429982004, 21.264299799013603 ], [ 79.119263207044582, 21.264299799013603 ], [ 79.12064586702796, 21.268454044373957 ], [ 79.11543466449173, 21.268454044373957 ], [ 79.116817571155835, 21.272608334373245 ], [ 79.111606277529845, 21.272608334373245 ], [ 79.112989430878287, 21.276762669021895 ], [ 79.107778046140282, 21.276762669021895 ], [ 79.109161446176628, 21.280917048330334 ], [ 79.103949970304342, 21.280917048330334 ] ] ] } },
{ "type": "Feature", "properties": { }, "geometry": { "type": "Polygon", "coordinates": [ [ [ 79.097355276664246, 21.276762669021895 ], [ 79.098738494432041, 21.280917048330334 ], [ 79.103949970304342, 21.280917048330334 ], [ 79.10118369027785, 21.272608334373245 ], [ 79.090761103025855, 21.272608334373245 ], [ 79.092143891926227, 21.276762669021895 ], [ 79.097355276664246, 21.276762669021895 ] ] ] } },
{ "type": "Feature", "properties": { }, "geometry": { "type": "Polygon", "coordinates": [ [ [ 79.234909339494195, 21.314153691801348 ], [ 79.224484927998262, 21.314153691801348 ], [ 79.225873197093847, 21.318308473517117 ], [ 79.236297791259162, 21.318308473517117 ], [ 79.234909339494195, 21.314153691801348 ] ] ] } },
{ "type": "Feature", "properties": { }, "geometry": { "type": "Polygon", "coordinates": [ [ [ 79.215100007603297, 21.3640140291173 ], [ 79.220313310839117, 21.3640140291173 ], [ 79.22170528144504, 21.368169348691254 ], [ 79.226918676283177, 21.368169348691254 ], [ 79.224134891059379, 21.359858754422298 ], [ 79.213708467747736, 21.359858754422298 ], [ 79.215100007603297, 21.3640140291173 ] ] ] } },
{ "type": "Feature", "properties": { }, "geometry": { "type": "Polygon", "coordinates": [ [ [ 79.14280102922524, 19.796424903272705 ], [ 79.153161526290148, 19.796424903272705 ], [ 79.151887768755799, 19.792285854999331 ], [ 79.157067933926072, 19.792285854999331 ], [ 79.151975807093351, 19.775730071832903 ], [ 79.136436311293323, 19.775730071832903 ], [ 79.138981227716457, 19.784007881450734 ], [ 79.133801229207009, 19.784007881450734 ], [ 79.135074089430688, 19.788146847728683 ], [ 79.140254171259969, 19.788146847728683 ], [ 79.14280102922524, 19.796424903272705 ] ] ] } },
{ "type": "Feature", "properties": { }, "geometry": { "type": "Polygon", "coordinates": [ [ [ 79.072913107479422, 19.788146847728683 ], [ 79.067733025650142, 19.788146847728683 ], [ 79.066461248584119, 19.784007881450734 ], [ 79.056101251565224, 19.784007881450734 ], [ 79.058644795690853, 19.792285854999331 ], [ 79.074185291201672, 19.792285854999331 ], [ 79.072913107479422, 19.788146847728683 ] ] ] } },
{ "type": "Feature", "properties": { }, "geometry": { "type": "Polygon", "coordinates": [ [ [ 78.83970467807751, 19.804703122867654 ], [ 78.8345242627571, 19.804703122867654 ], [ 78.837063698284311, 19.812981506593665 ], [ 78.842244280477431, 19.812981506593665 ], [ 78.83970467807751, 19.804703122867654 ] ] ] } },
{ "type": "Feature", "properties": { }, "geometry": { "type": "Polygon", "coordinates": [ [ [ 79.107318692201716, 19.916475184432024 ], [ 79.115016430409227, 19.941317502437322 ], [ 79.125382789563631, 19.941317502437322 ], [ 79.116402054936785, 19.912334942719113 ], [ 79.121584646222857, 19.912334942719113 ], [ 79.120302899123857, 19.908194742299777 ], [ 79.109937884464699, 19.908194742299777 ], [ 79.112501367465555, 19.916475184432024 ], [ 79.107318692201716, 19.916475184432024 ] ] ] } },
{ "type": "Feature", "properties": { }, "geometry": { "type": "Polygon", "coordinates": [ [ [ 79.130614679004566, 19.924755791778768 ], [ 79.131897809090574, 19.9288961574327 ], [ 79.126714881765807, 19.9288961574327 ], [ 79.127998252654947, 19.933036564420405 ], [ 79.143547286817835, 19.933036564420405 ], [ 79.14098036557094, 19.924755791778768 ], [ 79.130614679004566, 19.924755791778768 ] ] ] } },
{ "type": "Feature", "properties": { }, "geometry": { "type": "Polygon", "coordinates": [ [ [ 78.846709324449705, 19.962020571524292 ], [ 78.844147788102333, 19.953739219717288 ], [ 78.838964356081135, 19.953739219717288 ], [ 78.841525724026027, 19.962020571524292 ], [ 78.846709324449705, 19.962020571524292 ] ] ] } },
{ "type": "Feature", "properties": { }, "geometry": { "type": "Polygon", "coordinates": [ [ [ 79.238025565398473, 19.986865621208175 ], [ 79.236736449460992, 19.982724675966459 ], [ 79.247104493066331, 19.982724675966459 ], [ 79.241950612522132, 19.966161309544074 ], [ 79.236766927865261, 19.966161309544074 ], [ 79.238054825145454, 19.970302088988124 ], [ 79.227687287322752, 19.970302088988124 ], [ 79.228975341735236, 19.974442909866486 ], [ 79.223791488548088, 19.974442909866486 ], [ 79.226368405855638, 19.982724675966459 ], [ 79.231552427658329, 19.982724675966459 ], [ 79.232841459256079, 19.986865621208175 ], [ 79.238025565398473, 19.986865621208175 ] ] ] } },
{ "type": "Feature", "properties": { }, "geometry": { "type": "Polygon", "coordinates": [ [ [ 79.212056755299031, 20.019994677072379 ], [ 79.208184336386509, 20.007570969736758 ], [ 79.192630751903849, 20.007570969736758 ], [ 79.19392097884085, 20.011712163976949 ], [ 79.188736366212268, 20.011712163976949 ], [ 79.186156407094217, 20.003429817021484 ], [ 79.180971963379676, 20.003429817021484 ], [ 79.184842137428234, 20.015853399752128 ], [ 79.200396228780988, 20.015853399752128 ], [ 79.201687192043153, 20.019994677072379 ], [ 79.212056755299031, 20.019994677072379 ] ] ] } },
{ "type": "Feature", "properties": { }, "geometry": { "type": "Polygon", "coordinates": [ [ [ 79.182239016661072, 20.024135995947745 ], [ 79.197793615139972, 20.024135995947745 ], [ 79.196502410415221, 20.019994677072379 ], [ 79.18094806553141, 20.019994677072379 ], [ 79.182239016661072, 20.024135995947745 ] ] ] } },
{ "type": "Feature", "properties": { }, "geometry": { "type": "Polygon", "coordinates": [ [ [ 79.189991569975433, 20.048984782422075 ], [ 79.20036231757166, 20.048984782422075 ], [ 79.199069240750418, 20.044843214004288 ], [ 79.193883951612108, 20.044843214004288 ], [ 79.192591285643402, 20.040701687202098 ], [ 79.187406081143521, 20.040701687202098 ], [ 79.189991569975433, 20.048984782422075 ] ] ] } },
{ "type": "Feature", "properties": { }, "geometry": { "type": "Polygon", "coordinates": [ [ [ 78.982576618051056, 20.048984782422075 ], [ 78.967020496656716, 20.048984782422075 ], [ 78.968310089083744, 20.053126392465536 ], [ 78.973495547563004, 20.053126392465536 ], [ 78.976075877908301, 20.061409737469845 ], [ 78.98126150581399, 20.061409737469845 ], [ 78.979971093214729, 20.05726804414477 ], [ 78.99034217957832, 20.05726804414477 ], [ 78.989051923000815, 20.053126392465536 ], [ 78.983866464521554, 20.053126392465536 ], [ 78.982576618051056, 20.048984782422075 ] ] ] } },
{ "type": "Feature", "properties": { }, "geometry": { "type": "Polygon", "coordinates": [ [ [ 79.070695281274624, 20.08211882913589 ], [ 79.065509229428898, 20.08211882913589 ], [ 79.068096833204834, 20.090402757676269 ], [ 79.07328305477624, 20.090402757676269 ], [ 79.070695281274624, 20.08211882913589 ] ] ] } },
{ "type": "Feature", "properties": { }, "geometry": { "type": "Polygon", "coordinates": [ [ [ 78.937149450843279, 20.086260772547849 ], [ 78.93973346255963, 20.094544784531244 ], [ 78.944919769025944, 20.094544784531244 ], [ 78.943627515491301, 20.090402757676269 ], [ 78.948813737062693, 20.090402757676269 ], [ 78.947521724239024, 20.086260772547849 ], [ 78.937149450843279, 20.086260772547849 ] ] ] } },
{ "type": "Feature", "properties": { }, "geometry": { "type": "Polygon", "coordinates": [ [ [ 79.147185721212409, 20.094544784531244 ], [ 79.136813108279782, 20.094544784531244 ], [ 79.138108829346365, 20.09868685312286 ], [ 79.148481612111624, 20.09868685312286 ], [ 79.147185721212409, 20.094544784531244 ] ] ] } },
{ "type": "Feature", "properties": { }, "geometry": { "type": "Polygon", "coordinates": [ [ [ 78.983955209923636, 20.285123301054391 ], [ 78.989145444728265, 20.285123301054391 ], [ 78.987838424349803, 20.280979343849044 ], [ 78.993028573272468, 20.280979343849044 ], [ 78.990415343423876, 20.272691556004212 ], [ 78.985225366200552, 20.272691556004212 ], [ 78.983919328340818, 20.26854772534443 ], [ 78.973539545528979, 20.26854772534443 ], [ 78.974845411753918, 20.272691556004212 ], [ 78.969655434530608, 20.272691556004212 ], [ 78.974881830577573, 20.289267300461884 ], [ 78.985262471993792, 20.289267300461884 ], [ 78.983955209923636, 20.285123301054391 ] ] ] } },
{ "type": "Feature", "properties": { }, "geometry": { "type": "Polygon", "coordinates": [ [ [ 79.066395571109808, 20.641662576853943 ], [ 79.071593272602797, 20.641662576853943 ], [ 79.070258441298819, 20.637514953065502 ], [ 79.075456055047852, 20.637514953065502 ], [ 79.074121467322911, 20.633367372345656 ], [ 79.063726415269215, 20.633367372345656 ], [ 79.066395571109808, 20.641662576853943 ] ] ] } },
{ "type": "Feature", "properties": { }, "geometry": { "type": "Polygon", "coordinates": [ [ [ 79.302306802046132, 20.824200817117596 ], [ 79.312709969712245, 20.824200817117596 ], [ 79.311357410938157, 20.820051288154712 ], [ 79.316558906066035, 20.820051288154712 ], [ 79.313854613417007, 20.811752360779721 ], [ 79.308653295633732, 20.811752360779721 ], [ 79.310005186260838, 20.81590180271218 ], [ 79.299602373371613, 20.81590180271218 ], [ 79.302306802046132, 20.824200817117596 ] ] ] } },
{ "type": "Feature", "properties": { }, "geometry": { "type": "Polygon", "coordinates": [ [ [ 79.251604782520673, 20.923802595116516 ], [ 79.241197343843524, 20.923802595116516 ], [ 79.243915961291123, 20.932103879545785 ], [ 79.249119859159578, 20.932103879545785 ], [ 79.247760293723516, 20.927953215436961 ], [ 79.252964102316042, 20.927953215436961 ], [ 79.251604782520673, 20.923802595116516 ] ] ] } },
{ "type": "Feature", "properties": { }, "geometry": { "type": "Polygon", "coordinates": [ [ [ 79.548833998764636, 21.114776607749519 ], [ 79.546077339140183, 21.106471449922108 ], [ 79.540869671783526, 21.106471449922108 ], [ 79.542247742375551, 21.11062400671392 ], [ 79.537039984794447, 21.11062400671392 ], [ 79.538418303109211, 21.114776607749519 ], [ 79.548833998764636, 21.114776607749519 ] ] ] } },
{ "type": "Feature", "properties": { }, "geometry": { "type": "Polygon", "coordinates": [ [ [ 79.202654108595922, 21.123081942593537 ], [ 79.19990819430781, 21.114776607749519 ], [ 79.19470034648009, 21.114776607749519 ], [ 79.197446080208607, 21.123081942593537 ], [ 79.202654108595922, 21.123081942593537 ] ] ] } },
{ "type": "Feature", "properties": { }, "geometry": { "type": "Polygon", "coordinates": [ [ [ 79.330398386341486, 21.131387454537212 ], [ 79.333151331904432, 21.139693143663578 ], [ 79.338359721676625, 21.139693143663578 ], [ 79.335606595376959, 21.131387454537212 ], [ 79.330398386341486, 21.131387454537212 ] ] ] } },
{ "type": "Feature", "properties": { }, "geometry": { "type": "Polygon", "coordinates": [ [ [ 79.301900993271346, 21.139693143663578 ], [ 79.299149132128719, 21.131387454537212 ], [ 79.293940923093245, 21.131387454537212 ], [ 79.296692603499153, 21.139693143663578 ], [ 79.301900993271346, 21.139693143663578 ] ] ] } },
{ "type": "Feature", "properties": { }, "geometry": { "type": "Polygon", "coordinates": [ [ [ 79.322734552360075, 21.139693143663578 ], [ 79.312317772815703, 21.139693143663578 ], [ 79.315071344571891, 21.147999010055706 ], [ 79.325488485766897, 21.147999010055706 ], [ 79.322734552360075, 21.139693143663578 ] ] ] } },
{ "type": "Feature", "properties": { }, "geometry": { "type": "Polygon", "coordinates": [ [ [ 79.449114874545259, 21.14384605469623 ], [ 79.438697914197746, 21.14384605469623 ], [ 79.441456501538141, 21.152152009752395 ], [ 79.451873823624922, 21.152152009752395 ], [ 79.449114874545259, 21.14384605469623 ] ] ] } },
{ "type": "Feature", "properties": { }, "geometry": { "type": "Polygon", "coordinates": [ [ [ 79.391821592633875, 21.14384605469623 ], [ 79.393199903534367, 21.147999010055706 ], [ 79.408825615326862, 21.147999010055706 ], [ 79.407447033155165, 21.14384605469623 ], [ 79.391821592633875, 21.14384605469623 ] ] ] } },
{ "type": "Feature", "properties": { }, "geometry": { "type": "Polygon", "coordinates": [ [ [ 79.463671308170234, 21.156305053796686 ], [ 79.460911321301836, 21.147999010055706 ], [ 79.455702750704333, 21.147999010055706 ], [ 79.458462556658787, 21.156305053796686 ], [ 79.463671308170234, 21.156305053796686 ] ] ] } },
{ "type": "Feature", "properties": { }, "geometry": { "type": "Polygon", "coordinates": [ [ [ 79.384161230060897, 21.152152009752395 ], [ 79.373743907974102, 21.152152009752395 ], [ 79.379260432490767, 21.168764452119039 ], [ 79.384469455539346, 21.168764452119039 ], [ 79.383089727200343, 21.164611274969616 ], [ 79.388298659714366, 21.164611274969616 ], [ 79.384161230060897, 21.152152009752395 ] ] ] } },
{ "type": "Feature", "properties": { }, "geometry": { "type": "Polygon", "coordinates": [ [ [ 79.58517968491995, 21.177070939595758 ], [ 79.582412331384859, 21.168764452119039 ], [ 79.57720330833628, 21.168764452119039 ], [ 79.579970480735767, 21.177070939595758 ], [ 79.58517968491995, 21.177070939595758 ] ] ] } },
{ "type": "Feature", "properties": { }, "geometry": { "type": "Polygon", "coordinates": [ [ [ 79.386163690419266, 21.189531003911455 ], [ 79.407001594634934, 21.189531003911455 ], [ 79.405619904453744, 21.185377604712283 ], [ 79.410829289862221, 21.185377604712283 ], [ 79.406685976184875, 21.172917673657619 ], [ 79.38584952176376, 21.172917673657619 ], [ 79.388610668060338, 21.181224249943849 ], [ 79.383401373275106, 21.181224249943849 ], [ 79.386163690419266, 21.189531003911455 ] ] ] } },
{ "type": "Feature", "properties": { }, "geometry": { "type": "Polygon", "coordinates": [ [ [ 79.378508045151648, 21.197837935643641 ], [ 79.37574473831144, 21.189531003911455 ], [ 79.365325786203613, 21.189531003911455 ], [ 79.368088730328978, 21.197837935643641 ], [ 79.378508045151648, 21.197837935643641 ] ] ] } },
{ "type": "Feature", "properties": { }, "geometry": { "type": "Polygon", "coordinates": [ [ [ 79.251026733170235, 21.206145045223582 ], [ 79.249646502695498, 21.201991468197441 ], [ 79.239227006448814, 21.201991468197441 ], [ 79.240607055455143, 21.206145045223582 ], [ 79.251026733170235, 21.206145045223582 ] ] ] } },
{ "type": "Feature", "properties": { }, "geometry": { "type": "Polygon", "coordinates": [ [ [ 79.198928344594805, 21.206145045223582 ], [ 79.200308005200725, 21.210298666732466 ], [ 79.210727864428605, 21.210298666732466 ], [ 79.209348022309882, 21.206145045223582 ], [ 79.198928344594805, 21.206145045223582 ] ] ] } },
{ "type": "Feature", "properties": { }, "geometry": { "type": "Polygon", "coordinates": [ [ [ 79.343741341244112, 21.218606043240108 ], [ 79.348951452437461, 21.218606043240108 ], [ 79.350334668794815, 21.222759798259666 ], [ 79.355544870811173, 21.222759798259666 ], [ 79.352778594711424, 21.21445233273451 ], [ 79.342358553926346, 21.21445233273451 ], [ 79.343741341244112, 21.218606043240108 ] ] ] } },
{ "type": "Feature", "properties": { }, "geometry": { "type": "Polygon", "coordinates": [ [ [ 79.247512366207147, 21.226913597803602 ], [ 79.246130628467569, 21.222759798259666 ], [ 79.240920426451197, 21.222759798259666 ], [ 79.239539117377177, 21.218606043240108 ], [ 79.229118894990492, 21.218606043240108 ], [ 79.233263290650157, 21.231067441882306 ], [ 79.243684058108215, 21.231067441882306 ], [ 79.24230207334557, 21.226913597803602 ], [ 79.247512366207147, 21.226913597803602 ] ] ] } },
{ "type": "Feature", "properties": { }, "geometry": { "type": "Polygon", "coordinates": [ [ [ 79.626820325162527, 21.239375263685716 ], [ 79.637241456223663, 21.239375263685716 ], [ 79.635851977189176, 21.235221330506214 ], [ 79.646272926426576, 21.235221330506214 ], [ 79.644883605243706, 21.231067441882306 ], [ 79.63967322151467, 21.231067441882306 ], [ 79.638284330826366, 21.226913597803602 ], [ 79.622653452241607, 21.226913597803602 ], [ 79.62404207032759, 21.231067441882306 ], [ 79.61883168659854, 21.231067441882306 ], [ 79.620220553333112, 21.235221330506214 ], [ 79.625431027951805, 21.235221330506214 ], [ 79.626820325162527, 21.239375263685716 ] ] ] } },
{ "type": "Feature", "properties": { }, "geometry": { "type": "Polygon", "coordinates": [ [ [ 79.362466482309088, 21.24352924143124 ], [ 79.366623511415796, 21.255991442168042 ], [ 79.371834440816187, 21.255991442168042 ], [ 79.370448334816871, 21.251837330661978 ], [ 79.375659173216462, 21.251837330661978 ], [ 79.372887795238455, 21.24352924143124 ], [ 79.362466482309088, 21.24352924143124 ] ] ] } },
{ "type": "Feature", "properties": { }, "geometry": { "type": "Polygon", "coordinates": [ [ [ 79.324906841664486, 21.318308473517117 ], [ 79.33011913874715, 21.318308473517117 ], [ 79.327339286292784, 21.309998954839227 ], [ 79.316915057421681, 21.309998954839227 ], [ 79.318304631461714, 21.314153691801348 ], [ 79.313092425713748, 21.314153691801348 ], [ 79.315872408390646, 21.322463299996983 ], [ 79.326297185269937, 21.322463299996983 ], [ 79.324906841664486, 21.318308473517117 ] ] ] } },
{ "type": "Feature", "properties": { }, "geometry": { "type": "Polygon", "coordinates": [ [ [ 79.442362424090547, 21.326618171251372 ], [ 79.431937464452716, 21.326618171251372 ], [ 79.43333031453588, 21.330773087290719 ], [ 79.443755456976817, 21.330773087290719 ], [ 79.442362424090547, 21.326618171251372 ] ] ] } },
{ "type": "Feature", "properties": { }, "geometry": { "type": "Polygon", "coordinates": [ [ [ 79.382596877917521, 21.334928048125487 ], [ 79.37217155262887, 21.334928048125487 ], [ 79.373563984890197, 21.339083053766089 ], [ 79.383989493071141, 21.339083053766089 ], [ 79.382596877917521, 21.334928048125487 ] ] ] } },
{ "type": "Feature", "properties": { }, "geometry": { "type": "Polygon", "coordinates": [ [ [ 79.325311236764705, 21.397257843198012 ], [ 79.323915238952083, 21.393102209178611 ], [ 79.318701294031086, 21.393102209178611 ], [ 79.317305727867023, 21.388946620111362 ], [ 79.306878021497667, 21.388946620111362 ], [ 79.308273404189123, 21.393102209178611 ], [ 79.313487349110105, 21.393102209178611 ], [ 79.317675811793322, 21.405569246135077 ], [ 79.322890032057302, 21.405569246135077 ], [ 79.320097200085058, 21.397257843198012 ], [ 79.325311236764705, 21.397257843198012 ] ] ] } },
{ "type": "Feature", "properties": { }, "geometry": { "type": "Polygon", "coordinates": [ [ [ 79.265167196020229, 21.388946620111362 ], [ 79.266561844821197, 21.393102209178611 ], [ 79.276989734663175, 21.393102209178611 ], [ 79.275594902389599, 21.388946620111362 ], [ 79.265167196020229, 21.388946620111362 ] ] ] } },
{ "type": "Feature", "properties": { }, "geometry": { "type": "Polygon", "coordinates": [ [ [ 79.297845514347131, 21.393102209178611 ], [ 79.299241053366501, 21.397257843198012 ], [ 79.304455090046133, 21.397257843198012 ], [ 79.305851060695645, 21.401413522180011 ], [ 79.311065189156295, 21.401413522180011 ], [ 79.308273404189123, 21.393102209178611 ], [ 79.297845514347131, 21.393102209178611 ] ] ] } },
{ "type": "Feature", "properties": { }, "geometry": { "type": "Polygon", "coordinates": [ [ [ 79.334715582252315, 21.409725015073668 ], [ 79.331921702998855, 21.401413522180011 ], [ 79.326707574538204, 21.401413522180011 ], [ 79.329501270162609, 21.409725015073668 ], [ 79.334715582252315, 21.409725015073668 ] ] ] } },
{ "type": "Feature", "properties": { }, "geometry": { "type": "Polygon", "coordinates": [ [ [ 79.226140950098426, 19.713651716911471 ], [ 79.224872082527185, 19.709513486791117 ], [ 79.230050584898777, 19.709513486791117 ], [ 79.226245672782156, 19.697099041206009 ], [ 79.215889165419611, 19.697099041206009 ], [ 79.217156980514162, 19.701237148948376 ], [ 79.211978643957224, 19.701237148948376 ], [ 79.214515077784, 19.709513486791117 ], [ 79.219693580155592, 19.709513486791117 ], [ 79.220962364787795, 19.713651716911471 ], [ 79.226140950098426, 19.713651716911471 ] ] ] } },
{ "type": "Feature", "properties": { }, "geometry": { "type": "Polygon", "coordinates": [ [ [ 79.175521134544113, 19.734343479902819 ], [ 79.180700134866882, 19.734343479902819 ], [ 79.179430480886992, 19.730205045619289 ], [ 79.184609398165051, 19.730205045619289 ], [ 79.178265561182855, 19.709513486791117 ], [ 79.173087058811262, 19.709513486791117 ], [ 79.174355096992244, 19.713651716911471 ], [ 79.169176511681613, 19.713651716911471 ], [ 79.175521134544113, 19.734343479902819 ] ] ] } },
{ "type": "Feature", "properties": { }, "geometry": { "type": "Polygon", "coordinates": [ [ [ 79.279009972929131, 19.750897625763226 ], [ 79.280282740484679, 19.755036264459903 ], [ 79.275103324621114, 19.755036264459903 ], [ 79.276376332887722, 19.759174944069208 ], [ 79.291914829993289, 19.759174944069208 ], [ 79.290641572211825, 19.755036264459903 ], [ 79.285462156348245, 19.755036264459903 ], [ 79.284189305642229, 19.750897625763226 ], [ 79.279009972929131, 19.750897625763226 ] ] ] } },
{ "type": "Feature", "properties": { }, "geometry": { "type": "Polygon", "coordinates": [ [ [ 79.346258971922168, 19.767452426065745 ], [ 79.33589964103831, 19.767452426065745 ], [ 79.338449756693862, 19.775730071832903 ], [ 79.343629588627209, 19.775730071832903 ], [ 79.342354285410167, 19.771591228472989 ], [ 79.347534034087204, 19.771591228472989 ], [ 79.346258971922168, 19.767452426065745 ] ] ] } },
{ "type": "Feature", "properties": { }, "geometry": { "type": "Polygon", "coordinates": [ [ [ 79.309774475097484, 19.817120760030861 ], [ 79.308496677857178, 19.812981506593665 ], [ 79.298135513470953, 19.812981506593665 ], [ 79.299413143774956, 19.817120760030861 ], [ 79.309774475097484, 19.817120760030861 ] ] ] } },
{ "type": "Feature", "properties": { }, "geometry": { "type": "Polygon", "coordinates": [ [ [ 79.309707910440679, 19.83367818450807 ], [ 79.307150210669064, 19.82539939010373 ], [ 79.296788545346729, 19.82539939010373 ], [ 79.299345910948858, 19.83367818450807 ], [ 79.309707910440679, 19.83367818450807 ] ] ] } },
{ "type": "Feature", "properties": { }, "geometry": { "type": "Polygon", "coordinates": [ [ [ 79.345860046486862, 19.86679500704404 ], [ 79.34457801667179, 19.862655260191364 ], [ 79.349759601882639, 19.862655260191364 ], [ 79.34719635021581, 19.854375889995321 ], [ 79.336833514557739, 19.854375889995321 ], [ 79.339396431460941, 19.862655260191364 ], [ 79.334214846250092, 19.862655260191364 ], [ 79.335496708619644, 19.86679500704404 ], [ 79.330315039686042, 19.86679500704404 ], [ 79.332879572350024, 19.875074624308862 ], [ 79.343243245235669, 19.875074624308862 ], [ 79.34067837755326, 19.86679500704404 ], [ 79.345860046486862, 19.86679500704404 ] ] ] } },
{ "type": "Feature", "properties": { }, "geometry": { "type": "Polygon", "coordinates": [ [ [ 79.902859726143063, 19.941317502437322 ], [ 79.897676546565862, 19.941317502437322 ], [ 79.892492641632685, 19.924755791778768 ], [ 79.887309798349506, 19.924755791778768 ], [ 79.8899009266364, 19.933036564420405 ], [ 79.884717915248771, 19.933036564420405 ], [ 79.887310187411472, 19.941317502437322 ], [ 79.892493366988674, 19.941317502437322 ], [ 79.893790079298824, 19.945458033486648 ], [ 79.90415660670665, 19.945458033486648 ], [ 79.902859726143063, 19.941317502437322 ] ] ] } },
{ "type": "Feature", "properties": { }, "geometry": { "type": "Polygon", "coordinates": [ [ [ 79.89379661003224, 19.962020571524292 ], [ 79.891201056385157, 19.953739219717288 ], [ 79.886017624363973, 19.953739219717288 ], [ 79.88731515286787, 19.957879874918721 ], [ 79.882131636656084, 19.957879874918721 ], [ 79.883429409184885, 19.962020571524292 ], [ 79.89379661003224, 19.962020571524292 ] ] ] } },
{ "type": "Feature", "properties": { }, "geometry": { "type": "Polygon", "coordinates": [ [ [ 79.327468552291066, 19.974442909866486 ], [ 79.332652405478214, 19.974442909866486 ], [ 79.331362665549804, 19.970302088988124 ], [ 79.336546434461155, 19.970302088988124 ], [ 79.335256936345644, 19.966161309544074 ], [ 79.345624305659371, 19.966161309544074 ], [ 79.34433496512257, 19.962020571524292 ], [ 79.339151364698921, 19.962020571524292 ], [ 79.337862434418113, 19.957879874918721 ], [ 79.32749540199454, 19.957879874918721 ], [ 79.330073251688788, 19.966161309544074 ], [ 79.324889567031931, 19.966161309544074 ], [ 79.327468552291066, 19.974442909866486 ] ] ] } },
{ "type": "Feature", "properties": { }, "geometry": { "type": "Polygon", "coordinates": [ [ [ 79.280788531200528, 19.991006607924469 ], [ 79.28466083767043, 20.003429817021484 ], [ 79.279476393955889, 20.003429817021484 ], [ 79.283351382662332, 20.015853399752128 ], [ 79.288536079779902, 20.015853399752128 ], [ 79.291121206013358, 20.024135995947745 ], [ 79.301490938332606, 20.024135995947745 ], [ 79.298905474015058, 20.015853399752128 ], [ 79.304090171132657, 20.015853399752128 ], [ 79.301505843282456, 20.007570969736758 ], [ 79.306690371443352, 20.007570969736758 ], [ 79.30152529321434, 19.991006607924469 ], [ 79.306709483717782, 19.991006607924469 ], [ 79.30412873289572, 19.982724675966459 ], [ 79.298944711093029, 19.982724675966459 ], [ 79.296365433168177, 19.974442909866486 ], [ 79.291181579981014, 19.974442909866486 ], [ 79.29247097164361, 19.978583772189253 ], [ 79.287287034159348, 19.978583772189253 ], [ 79.288576667487689, 19.982724675966459 ], [ 79.278208623882364, 19.982724675966459 ], [ 79.279498414537713, 19.986865621208175 ], [ 79.274314308395319, 19.986865621208175 ], [ 79.275604340697072, 19.991006607924469 ], [ 79.280788531200528, 19.991006607924469 ] ] ] } },
{ "type": "Feature", "properties": { }, "geometry": { "type": "Polygon", "coordinates": [ [ [ 79.955239977754644, 20.173251236251552 ], [ 79.960427901292306, 20.173251236251552 ], [ 79.961742972490654, 20.177394099758658 ], [ 79.966930981351638, 20.177394099758658 ], [ 79.964300998889698, 20.169108414673076 ], [ 79.953925322418129, 20.169108414673076 ], [ 79.955239977754644, 20.173251236251552 ] ] ] } },
{ "type": "Feature", "properties": { }, "geometry": { "type": "Polygon", "coordinates": [ [ [ 79.977306999073591, 20.177394099758658 ], [ 79.982495007934574, 20.177394099758658 ], [ 79.983810751116636, 20.181537005204511 ], [ 79.994186939528134, 20.181537005204511 ], [ 79.992871025656527, 20.177394099758658 ], [ 79.987683016795557, 20.177394099758658 ], [ 79.985052351832891, 20.169108414673076 ], [ 79.979864513597093, 20.169108414673076 ], [ 79.981179595442953, 20.173251236251552 ], [ 79.975991671905291, 20.173251236251552 ], [ 79.977306999073591, 20.177394099758658 ] ] ] } },
{ "type": "Feature", "properties": { }, "geometry": { "type": "Polygon", "coordinates": [ [ [ 80.003325016358801, 20.193965973275731 ], [ 80.00851336672757, 20.193965973275731 ], [ 80.007196289569436, 20.189822941952929 ], [ 80.012384554529064, 20.189822941952929 ], [ 80.011067722893657, 20.18567995259923 ], [ 80.02144408203759, 20.18567995259923 ], [ 80.020127410556853, 20.181537005204511 ], [ 80.004563127939619, 20.181537005204511 ], [ 80.005879543321697, 20.18567995259923 ], [ 79.990315004605804, 20.18567995259923 ], [ 79.991631494690523, 20.189822941952929 ], [ 80.002008024609793, 20.189822941952929 ], [ 80.003325016358801, 20.193965973275731 ] ] ] } },
{ "type": "Feature", "properties": { }, "geometry": { "type": "Polygon", "coordinates": [ [ [ 79.918876787573339, 20.529691821703778 ], [ 79.929267467655961, 20.529691821703778 ], [ 79.926586015071976, 20.521398935440242 ], [ 79.916195683573989, 20.521398935440242 ], [ 79.918876787573339, 20.529691821703778 ] ] ] } },
{ "type": "Feature", "properties": { }, "geometry": { "type": "Polygon", "coordinates": [ [ [ 79.902118540657725, 20.542131472144742 ], [ 79.903460246059069, 20.546278107944755 ], [ 79.913851623831846, 20.546278107944755 ], [ 79.912509743942863, 20.542131472144742 ], [ 79.902118540657725, 20.542131472144742 ] ] ] } },
{ "type": "Feature", "properties": { }, "geometry": { "type": "Polygon", "coordinates": [ [ [ 79.683050358909483, 20.587746824025768 ], [ 79.681709248165646, 20.583599759330447 ], [ 79.671316298049149, 20.583599759330447 ], [ 79.672657233870822, 20.587746824025768 ], [ 79.683050358909483, 20.587746824025768 ] ] ] } },
{ "type": "Feature", "properties": { }, "geometry": { "type": "Polygon", "coordinates": [ [ [ 79.819685918079372, 20.60848279189344 ], [ 79.816996317454084, 20.600188275827232 ], [ 79.811799492421045, 20.600188275827232 ], [ 79.814488917928429, 20.60848279189344 ], [ 79.819685918079372, 20.60848279189344 ] ] ] } },
{ "type": "Feature", "properties": { }, "geometry": { "type": "Polygon", "coordinates": [ [ [ 79.853559907470611, 20.61677747994732 ], [ 79.858757082826443, 20.61677747994732 ], [ 79.857410833803073, 20.612630114416799 ], [ 79.862607921545589, 20.612630114416799 ], [ 79.859916251359763, 20.604335512366994 ], [ 79.844325513616454, 20.604335512366994 ], [ 79.845670918834017, 20.60848279189344 ], [ 79.850867918984946, 20.60848279189344 ], [ 79.853559907470611, 20.61677747994732 ] ] ] } },
{ "type": "Feature", "properties": { }, "geometry": { "type": "Polygon", "coordinates": [ [ [ 79.844511877279274, 20.620924888495221 ], [ 79.854906403261168, 20.620924888495221 ], [ 79.853559907470611, 20.61677747994732 ], [ 79.843165556758919, 20.61677747994732 ], [ 79.844511877279274, 20.620924888495221 ] ] ] } },
{ "type": "Feature", "properties": { }, "geometry": { "type": "Polygon", "coordinates": [ [ [ 79.866647934774008, 20.625072340070759 ], [ 79.863954258182289, 20.61677747994732 ], [ 79.858757082826443, 20.61677747994732 ], [ 79.861450584126203, 20.625072340070759 ], [ 79.866647934774008, 20.625072340070759 ] ] ] } },
{ "type": "Feature", "properties": { }, "geometry": { "type": "Polygon", "coordinates": [ [ [ 79.775963347790068, 21.077404790333798 ], [ 79.778723565298208, 21.085709329256606 ], [ 79.78913799843032, 21.085709329256606 ], [ 79.786377420599294, 21.077404790333798 ], [ 79.775963347790068, 21.077404790333798 ] ] ] } },
{ "type": "Feature", "properties": { }, "geometry": { "type": "Polygon", "coordinates": [ [ [ 79.763101915600032, 21.085709329256606 ], [ 79.757894699033969, 21.085709329256606 ], [ 79.759274955392044, 21.089861664985143 ], [ 79.769689568751915, 21.089861664985143 ], [ 79.768309132166067, 21.085709329256606 ], [ 79.773516348732144, 21.085709329256606 ], [ 79.772136160732586, 21.081557037709615 ], [ 79.761721907784036, 21.081557037709615 ], [ 79.763101915600032, 21.085709329256606 ] ] ] } },
{ "type": "Feature", "properties": { }, "geometry": { "type": "Polygon", "coordinates": [ [ [ 79.68105490953397, 21.152152009752395 ], [ 79.67828800219084, 21.14384605469623 ], [ 79.673079522017062, 21.14384605469623 ], [ 79.675846248490586, 21.152152009752395 ], [ 79.68105490953397, 21.152152009752395 ] ] ] } },
{ "type": "Feature", "properties": { }, "geometry": { "type": "Polygon", "coordinates": [ [ [ 79.652570120784574, 21.160458142198955 ], [ 79.649802943273656, 21.152152009752395 ], [ 79.644594282230258, 21.152152009752395 ], [ 79.647361278782924, 21.160458142198955 ], [ 79.652570120784574, 21.160458142198955 ] ] ] } },
{ "type": "Feature", "properties": { }, "geometry": { "type": "Polygon", "coordinates": [ [ [ 79.651514315633094, 21.172917673657619 ], [ 79.647361278782924, 21.160458142198955 ], [ 79.642152436781274, 21.160458142198955 ], [ 79.643536352901464, 21.164611274969616 ], [ 79.638327420387441, 21.164611274969616 ], [ 79.641096088422529, 21.172917673657619 ], [ 79.651514315633094, 21.172917673657619 ] ] ] } },
{ "type": "Feature", "properties": { }, "geometry": { "type": "Polygon", "coordinates": [ [ [ 79.805836921717273, 21.322463299996983 ], [ 79.80723601141446, 21.326618171251372 ], [ 79.812448491233383, 21.326618171251372 ], [ 79.809650470352338, 21.318308473517117 ], [ 79.799225876187009, 21.318308473517117 ], [ 79.800624533277627, 21.322463299996983 ], [ 79.805836921717273, 21.322463299996983 ] ] ] } },
{ "type": "Feature", "properties": { }, "geometry": { "type": "Polygon", "coordinates": [ [ [ 79.774946049857007, 21.339083053766089 ], [ 79.776345864760302, 21.343238104222984 ], [ 79.786771555878161, 21.343238104222984 ], [ 79.785371558037966, 21.339083053766089 ], [ 79.774946049857007, 21.339083053766089 ] ] ] } },
{ "type": "Feature", "properties": { }, "geometry": { "type": "Polygon", "coordinates": [ [ [ 79.743438942142021, 21.384791075985788 ], [ 79.742036536897658, 21.380635576791448 ], [ 79.747250206676725, 21.380635576791448 ], [ 79.745848051338371, 21.376480122517886 ], [ 79.73542089511885, 21.376480122517886 ], [ 79.738225180671336, 21.384791075985788 ], [ 79.743438942142021, 21.384791075985788 ] ] ] } },
{ "type": "Feature", "properties": { }, "geometry": { "type": "Polygon", "coordinates": [ [ [ 79.964659476336593, 21.422192591895211 ], [ 79.975088651738474, 21.422192591895211 ], [ 79.976498335862203, 21.426348540872539 ], [ 79.981713015478292, 21.426348540872539 ], [ 79.978893806426896, 21.418036687943268 ], [ 79.984108302235072, 21.418036687943268 ], [ 79.981290281374172, 21.409725015073668 ], [ 79.976075969284466, 21.409725015073668 ], [ 79.974667565056293, 21.405569246135077 ], [ 79.948596463736337, 21.405569246135077 ], [ 79.951412696702889, 21.413880829006239 ], [ 79.961841504578388, 21.413880829006239 ], [ 79.964659476336593, 21.422192591895211 ] ] ] } },
{ "type": "Feature", "properties": { }, "geometry": { "type": "Polygon", "coordinates": [ [ [ 80.14760802261226, 21.438816658061501 ], [ 80.144781052753871, 21.430504534885721 ], [ 80.139566281200302, 21.430504534885721 ], [ 80.142393067116544, 21.438816658061501 ], [ 80.14760802261226, 21.438816658061501 ] ] ] } },
{ "type": "Feature", "properties": { }, "geometry": { "type": "Polygon", "coordinates": [ [ [ 80.188357677936878, 21.451285180855823 ], [ 80.193572909513648, 21.451285180855823 ], [ 80.192157484356969, 21.44712896150633 ], [ 80.176512065774872, 21.44712896150633 ], [ 80.175097260893821, 21.442972787245051 ], [ 80.164667165893121, 21.442972787245051 ], [ 80.166081786720156, 21.44712896150633 ], [ 80.160866647192776, 21.44712896150633 ], [ 80.162281520053085, 21.451285180855823 ], [ 80.183142446360122, 21.451285180855823 ], [ 80.184558031617215, 21.455441445303986 ], [ 80.189773355265757, 21.455441445303986 ], [ 80.188357677936878, 21.451285180855823 ] ] ] } },
{ "type": "Feature", "properties": { }, "geometry": { "type": "Polygon", "coordinates": [ [ [ 80.199238053074311, 21.467910509345359 ], [ 80.214884853069051, 21.467910509345359 ], [ 80.212051039836481, 21.459597754861321 ], [ 80.206835624093756, 21.459597754861321 ], [ 80.204003372667145, 21.451285180855823 ], [ 80.19878814109039, 21.451285180855823 ], [ 80.203036758504481, 21.463754109538286 ], [ 80.197821250645191, 21.463754109538286 ], [ 80.199238053074311, 21.467910509345359 ] ] ] } },
{ "type": "Feature", "properties": { }, "geometry": { "type": "Polygon", "coordinates": [ [ [ 80.139483279186535, 21.476223444391781 ], [ 80.136650853095318, 21.467910509345359 ], [ 80.141866453093556, 21.467910509345359 ], [ 80.140450664193054, 21.463754109538286 ], [ 80.124804140615211, 21.463754109538286 ], [ 80.126219653098815, 21.467910509345359 ], [ 80.121004053100577, 21.467910509345359 ], [ 80.123835926156374, 21.476223444391781 ], [ 80.139483279186535, 21.476223444391781 ] ] ] } },
{ "type": "Feature", "properties": { }, "geometry": { "type": "Polygon", "coordinates": [ [ [ 80.286929075856591, 21.52610485117749 ], [ 80.297362860451059, 21.52610485117749 ], [ 80.295939844537315, 21.521947818447849 ], [ 80.290723044692953, 21.521947818447849 ], [ 80.289300466632369, 21.517790830995168 ], [ 80.284083759218419, 21.517790830995168 ], [ 80.286929075856591, 21.52610485117749 ] ] ] } }
]
}
